Date,Open,High,Low,Close,Adj_Close,Volume,Daily_Return_%,MA_20,MA_50,Volatility_20d
2004-11-29 05:00:00,1.038617466,1.047956348,1.015419891,1.030935287,1.030935287,1712916800,,,,
2004-11-30 05:00:00,1.036207508,1.036207508,1.009996891,1.009996891,1.009996891,1028518400,-2.0310097310695774,,,
2004-12-01 05:00:00,1.021144271,1.02355426,0.998247868,1.021144271,1.021144271,800553600,1.1037043875415486,,,
2004-12-02 05:00:00,0.996138846,1.007737683,0.97399583,0.982280254,0.982280254,987442400,-3.8059281243326026,,,
2004-12-03 05:00:00,0.972037273,0.979117207,0.930161925,0.944170654,0.944170654,1238848800,-3.8797074302177714,,,
2004-12-06 05:00:00,0.967819456,0.997795794,0.948237365,0.990866899,0.990866899,1247920800,4.945742043789481,,,
2004-12-07 05:00:00,0.993126209,1.005177165,0.942363271,0.94733429,0.94733429,1056899200,-4.393386139342614,,,
2004-12-08 05:00:00,0.950195873,0.970531245,0.934680579,0.953208208,0.953208208,691902400,0.6200470163494121,,,
2004-12-09 05:00:00,0.946128238,0.970079095,0.934981614,0.963903487,0.963903487,741501600,1.1220296793751583,,,
2004-12-10 05:00:00,0.979569203,0.994933561,0.974598186,0.981376946,0.981376946,775773600,1.8127809719190369,,,
2004-12-13 05:00:00,0.988456525,0.992674256,0.973091366,0.977761209,0.977761209,395040800,-0.3684350865116093,,,
2004-12-14 05:00:00,0.985142503,0.992373375,0.979418101,0.983485699,0.983485699,415721600,0.5854691255193778,,,
2004-12-15 05:00:00,0.98273302,0.986047335,0.973996479,0.983034194,0.983034194,398361600,-0.04590864925225757,,,
2004-12-16 05:00:00,0.996440484,1.016775867,0.994933914,1.003219247,1.003219247,1126115200,2.053341900332728,,,
2004-12-17 05:00:00,1.006833405,1.009846545,0.97761126,0.978966892,0.978966892,783496000,-2.4174531212916572,,,
2004-12-20 05:00:00,0.986196935,0.994180288,0.93031196,0.944772899,0.944772899,1168126400,-3.492865109068466,,,
2004-12-21 05:00:00,0.957426206,0.960589481,0.927902078,0.959384084,0.959384084,1064414400,1.5465288023677637,,,
2004-12-22 05:00:00,0.958932952,0.969477336,0.955016392,0.960288584,0.960288584,565829600,0.09427923759468548,,,
2004-12-23 05:00:00,0.960288289,0.967819429,0.958028434,0.964204848,0.964204848,245929600,0.4078215721035727,,,
2004-12-27 05:00:00,0.976105091,0.981377283,0.947183202,0.951400936,0.951400936,559490400,-1.327924457811891,0.9765867889500001,,
2004-12-28 05:00:00,0.953509427,0.967819325,0.934680623,0.966764867,0.966764867,611755200,1.6148744886246291,0.97337826795,,2.4228813109566674
2004-12-29 05:00:00,0.961191922,0.978816139,0.95757734,0.970681846,0.970681846,449562400,0.4051635649684693,0.9714125157000002,,2.3919355277543124
2004-12-30 05:00:00,0.976255109,0.979569423,0.967368335,0.976104975,0.976104975,345340800,0.5586927397836616,0.9691605509000001,,2.379722381681723
2004-12-31 05:00:00,0.977460349,0.979117053,0.964505981,0.970079243,0.970079243,278588800,-0.6173241766337711,0.9685505003500001,,2.22722819998603
2005-01-03 05:00:00,0.975803739,0.980774757,0.942965296,0.953359544,0.953359544,691992000,-1.7235395067617176,0.96900994485,,2.0787615011993483
2005-01-04 05:00:00,0.960890468,0.986196858,0.948538446,0.963150322,0.963150322,1096810400,1.0269764499257983,0.967624116,,1.7542577139747497
2005-01-05 05:00:00,0.970982659,0.982883475,0.96480705,0.97158581,0.97158581,680433600,0.8758225800603592,0.968836692,,1.448878707914307
2005-01-06 05:00:00,0.974146152,0.977761538,0.953961713,0.972339213,0.972339213,705555200,0.07754363971208544,0.9697932422500001,,1.444421279890599
2005-01-07 05:00:00,0.979117204,1.04886078,0.975351583,1.043136477,1.043136477,2227450400,7.281128134446635,0.97375489175,,2.1539721193465087
2005-01-10 05:00:00,1.051873155,1.064978565,1.022499964,1.038768649,1.038768649,1725309600,-0.4187206656373066,0.9766244769,,2.1356020044574873
2005-01-11 05:00:00,1.028073138,1.041629753,0.96616269,0.972489238,0.972489238,2611627200,-6.380574833848318,0.9763608783500001,,2.606676942745978
2005-01-12 05:00:00,0.985895614,0.992674272,0.953509296,0.986046553,0.986046553,1919702400,1.3940838078456919,0.97648892105,,2.622375139970428
2005-01-13 05:00:00,1.110318698,1.121014015,1.050367047,1.051421404,1.051421404,3164716800,6.629996403425387,0.97990828155,,3.0068144417520455
2005-01-14 05:00:00,1.058199288,1.080342399,1.042232588,1.057446003,1.057446003,1770742400,0.5729956587415819,0.9826196193500001,,2.981553226517365
2005-01-18 05:00:00,1.052174246,1.064978482,1.020541202,1.064225197,1.064225197,1006460000,0.6410912690357096,0.9868825346,,2.912176879400007
2005-01-19 05:00:00,1.061815001,1.076426074,1.050668375,1.052626252,1.052626252,751895200,-1.0898957319087077,0.9922752022499999,,2.7874831947255667
2005-01-20 05:00:00,1.049161897,1.073564871,1.046450734,1.061362982,1.061362982,914922400,0.8299935502653399,0.9973741471500001,,2.7789776278723184
2005-01-21 05:00:00,1.074167026,1.078534892,1.054433899,1.061814904,1.061814904,911332800,0.04257940098386648,1.00245046315,,2.7794406330345702
2005-01-24 05:00:00,1.069195922,1.08124677,1.062718337,1.06588161,1.06588161,841629600,0.38299575422044985,1.00753430125,,2.7795083316176146
2005-01-25 05:00:00,1.07507059,1.097213708,1.068593807,1.085313797,1.085313797,969231200,1.823109322619798,1.0142299443,,2.7573444270478857
2005-01-26 05:00:00,1.09450254,1.095858071,1.072811533,1.088326931,1.088326931,739496800,0.27762790893555156,1.0203080475,,2.7501028300467625
2005-01-27 05:00:00,1.086970099,1.098418699,1.077782158,1.094200969,1.094200969,496227200,0.5397310158081536,1.02648400365,,2.749689700992365
2005-01-28 05:00:00,1.093900349,1.114385962,1.091188382,1.114385962,1.114385962,801612000,1.8447244676128571,1.033398053,,2.76278716534965
2005-01-31 05:00:00,1.123424404,1.173283904,1.122369946,1.158370852,1.158370852,1681097600,3.9470068270655245,1.04281263345,,2.8357510693923205
2005-02-01 05:00:00,1.160630916,1.171476371,1.153550981,1.167860985,1.167860985,678395200,0.8192655213668854,1.0535377055000001,,2.766741721369367
2005-02-02 05:00:00,1.174187041,1.203711258,1.170270483,1.199493527,1.199493527,1020062400,2.708587957495645,1.06535486575,,2.7912605407018307
2005-02-03 05:00:00,1.191510325,1.196481342,1.164848304,1.172078371,1.172078371,731651200,-2.285560979104806,1.0753794938,,2.8946070242336353
2005-02-04 05:00:00,1.172982626,1.18894933,1.167860671,1.187593699,1.187593699,563556000,1.323744928998427,1.0861422181,,2.887519693732198
2005-02-07 05:00:00,1.188949346,1.195275994,1.16740938,1.189100385,1.189100385,524456800,0.1268688105425797,1.0934404135000002,,2.4899864478127287
2005-02-08 05:00:00,1.191058578,1.225854899,1.186840744,1.21862483,1.21862483,890019200,2.4829228358209665,1.10243322255,1.02812742352,2.5066791270463016
2005-02-09 05:00:00,1.220733554,1.235043557,1.176447312,1.18608737,1.18608737,1191456000,-2.6700145277689713,1.1131131291499998,1.0312304651800002,2.038356565257437
2005-02-10 05:00:00,1.185785739,1.1942212,1.15475586,1.180363417,1.180363417,1093019200,-0.48259117707325494,1.12282897235,1.0346377957,2.0631336191535485
2005-02-11 05:00:00,1.202958199,1.231578902,1.189100411,1.223294377,1.223294377,1201054400,3.637096794232497,1.131422621,1.03868079782,1.7048549471103585
2005-02-14 05:00:00,1.246189968,1.277220661,1.235947566,1.274810672,1.274810672,1271463200,4.211275386251545,1.1422908544500001,1.04453140618,1.868569558225338
2005-02-15 05:00:00,1.305388954,1.341841962,1.295446923,1.331749797,1.331749797,2312217600,4.466476964039723,1.15566708445,1.05228298904,2.0240098986050388
2005-02-16 05:00:00,1.3278338,1.358713459,1.315782848,1.357659101,1.357659101,1639243200,1.945508387413697,1.1709187269,1.05961883308,1.9602653605473201
2005-02-17 05:00:00,1.365491967,1.368956414,1.317289174,1.322712302,1.322712302,1518473600,-2.5740481520183933,1.1839861929,1.06712639332,2.142408636489357
2005-02-18 05:00:00,1.321658083,1.323465726,1.29921379,1.307649255,1.307649255,1163254400,-1.1387999474431365,1.19627791045,1.0742152142599999,2.1896852105153637
2005-02-22 05:00:00,1.299966025,1.330093296,1.284752607,1.284752607,1.284752607,1219293600,-1.7509777880002075,1.2072214603,1.0806321966599999,2.275209081058985
2005-02-23 05:00:00,1.306292709,1.332352386,1.288669301,1.329038978,1.329038978,1345181600,3.4470738380840693,1.21940771935,1.0875854373,2.335709395095176
2005-02-24 05:00:00,1.332804737,1.345306895,1.321507071,1.339583397,1.339583397,1519028000,0.7933867384286586,1.23197054265,1.09482188106,2.329644428846284
2005-02-25 05:00:00,1.349976327,1.354344996,1.328435461,1.340486407,1.340486407,915510400,0.06740976351471417,1.24428481455,1.1019618952199999,2.337678500702429
2005-02-28 05:00:00,1.346059878,1.359918569,1.324368975,1.351483107,1.351483107,651610400,0.8203514741048856,1.2561396718000002,1.10933087348,2.3304675186906687
2005-03-01 05:00:00,1.355400037,1.359014618,1.330394714,1.340637922,1.340637922,468188000,-0.8024654502766237,1.2652530253,1.1160792469799998,2.2545483752593602
2005-03-02 05:00:00,1.333106099,1.352387122,1.327984946,1.329189539,1.329189539,458161200,-0.8539504076478077,1.2733194529999998,1.12308369992,2.2829920691409593
2005-03-03 05:00:00,1.336720739,1.337925331,1.24182175,1.258993745,1.258993745,1411653600,-5.281097386066625,1.2762944639,1.12936811684,2.5869584905057788
2005-03-04 05:00:00,1.288217065,1.295748204,1.26080176,1.289723635,1.289723635,756618800,2.440829441928649,1.2821767271,1.13597490786,2.5565226780720303
2005-03-07 05:00:00,1.289422068,1.302979591,1.275865451,1.287916303,1.287916303,450632000,-0.1401332774676245,1.2871928573,1.14252746224,2.552965447359401
2005-03-08 05:00:00,1.262308673,1.270141088,1.208080394,1.221034765,1.221034765,1021451200,-5.193003446280631,1.2887895763,1.14766406058,2.847191130616325
2005-03-09 05:00:00,1.194221283,1.213502194,1.169819121,1.185484648,1.185484648,1322465200,-2.911474596712227,1.2871325672,1.15234573482,2.8720794566561576
2005-03-10 05:00:00,1.190907998,1.212900176,1.17795363,1.199945807,1.199945807,777109200,1.219852068468108,1.28782548905,1.1570093536200001,2.8200079147190382
2005-03-11 05:00:00,1.211393404,1.222842005,1.199042189,1.213201046,1.213201046,632830800,1.1046531370562107,1.2894673705000002,1.16185973762,2.825196594543457
2005-03-14 05:00:00,1.220733105,1.228867495,1.190606743,1.214707732,1.214707732,605385200,0.12419095787690182,1.28903803825,1.1666317927599998,2.705308812522541
2005-03-15 05:00:00,1.22434918,1.239412369,1.2125994,1.233989239,1.233989239,508608800,1.587337142264933,1.2869969665999998,1.17190999268,2.5494526662595796
2005-03-16 05:00:00,1.241521003,1.274659709,1.228566634,1.240616679,1.240616679,697813200,0.537074375573221,1.2824403106999998,1.17765513538,2.317308990965535
2005-03-17 05:00:00,1.251161203,1.291832864,1.244834554,1.272853017,1.272853017,801920000,2.598412430339425,1.2782000065,1.18384918928,2.3553089112136525
2005-03-18 05:00:00,1.305389486,1.3087038,1.280384164,1.294242859,1.294242859,940150400,1.6804644145334002,1.27677653435,1.19030233026,2.3306624891771617
2005-03-21 05:00:00,1.304184281,1.3246706,1.291229908,1.316536307,1.316536307,541128000,1.7225088664754251,1.27722088695,1.1971862721400002,2.3501505673022174
2005-03-22 05:00:00,1.316837103,1.324369147,1.285807213,1.290326118,1.290326118,551415200,-1.9908443740321302,1.2774995625,1.20213006496,2.360470981834101
2005-03-23 05:00:00,1.278877253,1.307497954,1.265922885,1.281890392,1.281890392,609823200,-0.6537669727305406,1.2751421332,1.20699249982,2.2238765106217295
2005-03-24 05:00:00,1.292736067,1.295447229,1.280383945,1.280383945,1.280383945,352704800,-0.11751761378362424,1.2721821606,1.2131503939600001,2.2126981776355437
2005-03-28 05:00:00,1.287916346,1.294242996,1.27948088,1.281288624,1.281288624,275410800,0.07065685285518875,1.2692222714499999,1.21905523538,2.212719109248139
2005-03-29 05:00:00,1.282191508,1.290325898,1.2502574,1.257788539,1.257788539,461356000,-1.8340976857061375,1.2645375430499999,1.22318257808,2.2277340159693066
2005-03-30 05:00:00,1.267429484,1.289421558,1.25989744,1.289421558,1.289421558,394959600,2.5149711592339363,1.26197672485,1.22782208918,2.3129405953166113
2005-03-31 05:00:00,1.278877493,1.280986409,1.252968853,1.255378842,1.255378842,636134800,-2.6401540899318454,1.2582861900000002,1.23164516208,2.3744585396618167
2005-04-01 05:00:00,1.268031893,1.270743859,1.222239894,1.23187995,1.23187995,641284000,-1.8718566231818112,1.25693050025,1.2352302360399998,2.1015693593500924
2005-04-04 04:00:00,1.234893268,1.244533324,1.209887948,1.237905502,1.237905502,580014400,0.4891346758261639,1.2543395936,1.23876108644,2.021782869170411
2005-04-05 04:00:00,1.241822302,1.272551022,1.237905642,1.26200664,1.26200664,556239600,1.9469287406075342,1.2530441104499999,1.24276492116,2.0773284838690538
2005-04-06 04:00:00,1.27737151,1.289723531,1.269839467,1.275262594,1.275262594,414825600,1.0503870249050307,1.2557555019,1.24695254084,1.704280586160945
2005-04-07 04:00:00,1.275262725,1.318042388,1.272852737,1.312318087,1.312318087,506987600,2.905714726860409,1.26209717385,1.2514926266400002,1.6346551411757573
2005-04-08 04:00:00,1.316535997,1.339131228,1.311715919,1.317741394,1.317741394,649950000,0.4132616210752671,1.2679869531999999,1.2560809159,1.6264665431649306
2005-04-11 04:00:00,1.330092856,1.333105089,1.262609074,1.262910247,1.262910247,821662800,-4.1609945054211455,1.27047241325,1.25945510146,1.9200395496747733
2005-04-12 04:00:00,1.280083021,1.301171682,1.26562208,1.285204172,1.285204172,981061200,1.7652818205378118,1.27399723525,1.26287146566,1.9506162210695022
2005-04-13 04:00:00,1.293941519,1.295146111,1.216816845,1.236398935,1.236398935,1371946800,-3.797469543228349,1.27411772005,1.26443202732,2.127295407369859
2005-04-14 04:00:00,1.169216564,1.191811899,1.109867129,1.122520328,1.122520328,2753192400,-9.210506720470446,1.2682129025,1.2635252141800002,2.95927434689765
2005-04-15 04:00:00,1.103239492,1.122219242,1.062869802,1.064978719,1.064978719,1728087200,-5.126108415561815,1.2578191876,1.26083491802,3.0425599673718007
2005-04-18 04:00:00,1.054433937,1.09359902,1.024307469,1.073112607,1.073112607,1327177600,0.7637606136991826,1.246762675,1.2588556027400002,3.0092795762152416
2005-04-19 04:00:00,1.102636864,1.127943258,1.080643879,1.117398977,1.117398977,1081642800,4.1269079974567635,1.2368058085000002,1.2574517082999999,3.1631527204861465
2005-04-20 04:00:00,1.134571126,1.136981116,1.067689654,1.06979847,1.06979847,945131600,-4.259938301339594,1.2257794261,1.25506567,3.2488609331997194
2005-04-21 04:00:00,1.096611403,1.121014378,1.081548217,1.120110154,1.120110154,759592400,4.702912315812147,1.2176904142000002,1.2530953764800001,3.4811030206480997
2005-04-22 04:00:00,1.109866659,1.114687541,1.051421472,1.069496989,1.069496989,839129200,-4.518588178069505,1.2071460664,1.25076356886,3.585638688837767
2005-04-25 04:00:00,1.099322489,1.115289998,1.08787479,1.114084601,1.114084601,746460400,4.169026416959842,1.19878586525,1.2494379925399999,3.753224208446199
2005-04-26 04:00:00,1.108059051,1.130052034,1.088175789,1.090284705,1.090284705,810507600,-2.1362736706563745,1.19041067355,1.2467777991,3.758936399437561
2005-04-27 04:00:00,1.081246919,1.09540588,1.069798315,1.083054662,1.083054662,613888800,-0.6631334886056273,1.18009232875,1.2429426789,3.684824763007812
2005-04-28 04:00:00,1.09329661,1.094803179,1.061663584,1.070702195,1.070702195,575106000,-1.1405211051111253,1.1708584964,1.2377217268599998,3.6606429833610066
2005-04-29 04:00:00,1.089079485,1.091490278,1.061061827,1.086368322,1.086368322,671630400,1.4631638071872954,1.1635829149999999,1.23229591128,3.6816748450954577
2005-05-02 04:00:00,1.090886928,1.104143273,1.085163531,1.097514749,1.097514749,465920000,1.026026511844469,1.15656337735,1.22779196022,3.69167743320289
2005-05-03 04:00:00,1.096611492,1.1068547,1.085464864,1.090887189,1.090887189,496739600,-0.6038697890883515,1.1480074048,1.2234567189,3.64522519304775
2005-05-04 04:00:00,1.087875031,1.120712571,1.087573858,1.119206905,1.119206905,448176400,2.5960260864333895,1.14020462035,1.22014580486,3.699411652933636
2005-05-05 04:00:00,1.122218486,1.122820833,1.098719846,1.105046391,1.105046391,387366000,-1.265227540746816,1.12984103555,1.21566595312,3.6087699420983452
2005-05-06 04:00:00,1.111373463,1.124629006,1.108361128,1.121917844,1.121917844,326247600,1.5267642279463312,1.12004985805,1.21131264206,3.636836522813846
2005-05-09 04:00:00,1.123123508,1.12824466,1.107155995,1.113783717,1.113783717,355695200,-0.7250198437881328,1.11259353155,1.20677858826,3.546622380354558
2005-05-10 04:00:00,1.1071559,1.122219088,1.094502702,1.097213864,1.097213864,440263600,-1.4877083177900374,1.10319401615,1.2016932034,3.5085005656445816
2005-05-11 04:00:00,1.060459462,1.074619227,0.997494556,1.072811484,1.072811484,2041981200,-2.2240313215728724,1.0950146436000001,1.1963366746400002,3.453256236871332
2005-05-12 04:00:00,1.067087114,1.072208265,1.024307452,1.028224111,1.028224111,970242000,-4.156123761255326,1.09029983275,1.19031736608,2.9406495732374136
2005-05-13 04:00:00,1.03033339,1.061363291,1.02641683,1.047505498,1.047505498,702713200,1.8752124944092063,1.0894261717,1.1860876011400001,2.7591274821775227
2005-05-16 04:00:00,1.041178265,1.075522461,1.040274041,1.071003556,1.071003556,474294800,2.243239586318624,1.08932071915,1.1817131995599999,2.801502800931662
2005-05-17 04:00:00,1.058651526,1.068292385,1.040575205,1.065279245,1.065279245,588344400,-0.5344810451777815,1.08671473255,1.1772604584000002,2.631225965075262
2005-05-18 04:00:00,1.067991336,1.131559436,1.054133538,1.07974112,1.07974112,636722800,1.3575665787049163,1.08721186505,1.1744345854999998,2.4705845275821203
2005-05-19 04:00:00,1.077932653,1.135173258,1.077932653,1.1312567,1.1312567,793161600,4.771104762593459,1.08776919235,1.1733500265399999,2.4773450501796868
2005-05-20 04:00:00,1.122218889,1.134269839,1.120411247,1.1312567,1.1312567,452650800,0.0,1.0908571779,1.1719762444,2.22968215327175
2005-05-23 04:00:00,1.14029543,1.202054847,1.14029543,1.197837114,1.197837114,1042574400,5.885526600638036,1.09504480355,1.17166896576,2.4118549714331246
2005-05-24 04:00:00,1.188498184,1.204765962,1.175844987,1.196029425,1.196029425,593460000,-0.15091275590579656,1.10033203955,1.1712953996200002,2.342239735841541
2005-05-25 04:00:00,1.190003659,1.203561076,1.184581336,1.198439121,1.198439121,396006800,0.20147464181325958,1.1061012625,1.17058439726,2.327776876008307
2005-05-26 04:00:00,1.203260207,1.233386577,1.203260207,1.227361202,1.227361202,525520800,2.4133124906559056,1.1139342128499998,1.17031928772,2.328952895708294
2005-05-27 04:00:00,1.22434855,1.228867454,1.205368711,1.221937656,1.221937656,316008000,-0.44188670712111966,1.12071267955,1.1693009805,2.3355020979570047
2005-05-31 04:00:00,1.224951252,1.227361342,1.192413985,1.197837114,1.197837114,404205200,-1.9723217368464496,1.1257287978,1.1673728656,2.40301032721994
2005-06-01 04:00:00,1.201753466,1.227963273,1.200849142,1.214105487,1.214105487,453812800,1.358145678561784,1.1318897127,1.1653242492,2.39710098233137
2005-06-02 04:00:00,1.206573775,1.214708168,1.193017159,1.206272602,1.206272602,373973600,-0.6451568734241353,1.13624299755,1.1636431788800001,2.3617612632073124
2005-06-03 04:00:00,1.149634426,1.162287625,1.137885552,1.152044415,1.152044415,956869200,-4.495516760480989,1.13859289875,1.16104625934,2.581934140028538
2005-06-06 04:00:00,1.154756323,1.163794033,1.131558745,1.142404199,1.142404199,811966400,-0.8367920432998166,1.1396172165,1.15828666442,2.574014898373438
2005-06-07 04:00:00,1.13276334,1.136679899,1.098117962,1.100829124,1.100829124,745264800,-3.639261395957094,1.13896948685,1.1546774744200001,2.703693698471175
2005-06-08 04:00:00,1.103539801,1.122218465,1.101732159,1.112276435,1.112276435,404006400,1.0398808271355309,1.1397226154,1.1517672323400001,2.690713526523164
2005-06-09 04:00:00,1.114687509,1.14300623,1.109264382,1.134269595,1.134269595,390255600,1.9773106134357565,1.14279552095,1.1486641930800001,2.663386035873108
2005-06-10 04:00:00,1.126737484,1.126737484,1.07009924,1.078836679,1.078836679,678932800,-4.887102347127625,1.14532614935,1.14513334982,2.7320654572203353
2005-06-13 04:00:00,1.081247041,1.102938049,1.079138225,1.081548214,1.081548214,435772400,0.2513387848949833,1.14702828515,1.1421267151,2.706042207223443
2005-06-14 04:00:00,1.082150067,1.08907906,1.077028918,1.084560156,1.084560156,347846800,0.27848430250378975,1.1477061151499999,1.13905980818,2.6630849239119523
2005-06-15 04:00:00,1.110771273,1.123725543,1.093599171,1.118603587,1.118603587,563343200,3.138915883242155,1.1503723322500001,1.1361917471199998,2.742757044189637
2005-06-16 04:00:00,1.120411261,1.147224224,1.109264635,1.144211888,1.144211888,547674400,2.2893097516949235,1.1535958706499998,1.133570733,2.7697994754337354
2005-06-17 04:00:00,1.158973872,1.161082687,1.139692052,1.154152989,1.154152989,596125600,0.8688164407534948,1.1547406851,1.13040743104,2.57052606489926
2005-06-20 04:00:00,1.140295261,1.147525328,1.128244311,1.133064389,1.133064389,323716400,-1.8271927726212334,1.15483106955,1.12671389094,2.607654579146532
2005-06-21 04:00:00,1.136378777,1.150538543,1.12613557,1.140596509,1.140596509,370526800,0.6647565728058469,1.1519690393000002,1.12426761618,2.2249545262145984
2005-06-22 04:00:00,1.152647349,1.162889752,1.149031964,1.161383986,1.161383986,424925200,1.8225092603715742,1.15023676735,1.12179121246,2.271484823391744
2005-06-23 04:00:00,1.169820016,1.198439931,1.164396885,1.17162776,1.17162776,674254000,0.8820316211937351,1.1488961992999998,1.12049578896,2.2816611549968866
2005-06-24 04:00:00,1.177651513,1.178555837,1.135173029,1.137583017,1.137583017,410709600,-2.905764455427373,1.14440729005,1.12079704274,2.284754457789059
2005-06-27 04:00:00,1.109866882,1.14782647,1.105046803,1.1177001,1.1177001,600171600,-1.747821187805243,1.1391954122499999,1.12185147036,2.3059620872115554
2005-06-28 04:00:00,1.129450005,1.13246224,1.119809043,1.124026775,1.124026775,350299600,0.5660440577933246,1.1355048953,1.1228697537199999,2.2857508086869367
2005-06-29 04:00:00,1.121616509,1.123424252,1.08817573,1.095707774,1.095707774,448358400,-2.519424059093245,1.12958500965,1.1224359296600002,2.3027717751763164
2005-06-30 04:00:00,1.102937659,1.119507409,1.093899851,1.108963132,1.108963132,418390000,1.2097530303732063,1.1247195361500002,1.1232192229,2.333187017780601
2005-07-01 04:00:00,1.109565714,1.113783446,1.093297132,1.09962368,1.09962368,250000800,-0.8421787641538891,1.1220984994,1.12280949342,2.129230128543538
2005-07-05 04:00:00,1.101130244,1.149333039,1.099623674,1.144211888,1.144211888,454269200,4.0548606592393455,1.12218888385,1.1243037914,2.3254492281095818
2005-07-06 04:00:00,1.136077793,1.14963441,1.120712527,1.12643683,1.12643683,394626400,-1.5534760813462167,1.1234692691500001,1.12455083598,2.195177266355237
2005-07-07 04:00:00,1.108963442,1.137583242,1.108662269,1.133667588,1.133667588,383723200,0.6419142030361202,1.1245388267999998,1.12541849364,2.1883654664621925
2005-07-08 04:00:00,1.140897973,1.153250101,1.128847119,1.152345777,1.152345777,290735200,1.6475895754373582,1.1254426359,1.12680431594,2.1748224262789155
2005-07-11 04:00:00,1.155960704,1.164396167,1.138186259,1.147826314,1.147826314,388788400,-0.39219677723520974,1.12889211765,1.12834679832,1.8383783064795183
2005-07-12 04:00:00,1.151743343,1.156865299,1.142103285,1.152044415,1.152044415,387038400,0.3674859992798485,1.1324169277,1.12966032018,1.838312117491474
2005-07-13 04:00:00,1.15355081,1.159877458,1.141801133,1.155358553,1.155358553,684835200,0.28767449907736165,1.1359568475500001,1.13081719626,1.8382991269480722
2005-07-14 04:00:00,1.228867703,1.265621892,1.211996776,1.227662206,1.227662206,2096060400,6.258113796124731,1.1414097785,1.1335526966,2.1879678586067928
2005-07-15 04:00:00,1.234290452,1.252366782,1.21892609,1.251764536,1.251764536,687682800,1.9632705056980448,1.1467874109,1.13620384922,2.1750217461086865
2005-07-18 04:00:00,1.247546381,1.268333062,1.246340883,1.249956369,1.249956369,586297600,-0.14444945099484352,1.1515775799,1.13910204878,2.177100548444322
2005-07-19 04:00:00,1.250859717,1.302376819,1.237303103,1.301171422,1.301171422,671062000,4.0973472570865255,1.1599829315499999,1.14268712034,2.256612745500985
2005-07-20 04:00:00,1.29122966,1.319549194,1.284903011,1.314427137,1.314427137,453395600,1.018752393103206,1.1686744629499999,1.14669998874,2.2575620460237986
2005-07-21 04:00:00,1.316536104,1.326779312,1.292435105,1.304184079,1.304184079,404264000,-0.7792792549443428,1.1758144676,1.15083939304,2.2665783750177533
2005-07-22 04:00:00,1.308703825,1.325574756,1.307197255,1.325574756,1.325574756,301106400,1.6401578078151013,1.1835118174,1.15589465848,2.277758172774905
2005-07-25 04:00:00,1.32527253,1.334009972,1.317440218,1.319850206,1.319850206,294627200,-0.4318541805423459,1.19262517685,1.1617271803800002,2.1377430638625423
2005-07-26 04:00:00,1.325875843,1.328888078,1.306292846,1.314427137,1.314427137,268592800,-0.41088518798169105,1.2024615287,1.16706561316,2.0749429337858416
2005-07-27 04:00:00,1.320452482,1.327683353,1.285506034,1.32527256,1.32527256,283749200,0.8251064433098199,1.21252381795,1.17215099324,2.073990796297931
2005-07-28 04:00:00,1.32105461,1.325574319,1.304485663,1.319548845,1.319548845,251311200,-0.43188964842070243,1.2237158715,1.1772363852399998,1.9441211650428927
2005-07-29 04:00:00,1.312318117,1.337022262,1.27315394,1.284902811,1.284902811,562080400,-2.6255969327152795,1.23251285545,1.18133961906,2.1001799792543645
2005-08-01 04:00:00,1.282493173,1.297857534,1.267731058,1.287916303,1.287916303,314249600,0.23453073448058692,1.2419274865999999,1.18447281112,2.07055249925916
2005-08-02 04:00:00,1.292133613,1.310510304,1.28369815,1.301171422,1.301171422,296875600,1.0291910250009417,1.2497754633000002,1.18787110556,1.9267928207731064
2005-08-03 04:00:00,1.301171728,1.304787115,1.288518531,1.302075148,1.302075148,258322400,0.06945479932312093,1.2585573791999998,1.18995586624,1.86164778021533
2005-08-04 04:00:00,1.292133868,1.295447377,1.274057542,1.286710739,1.286710739,269304000,-1.1799940290389332,1.2662095367500001,1.19176949252,1.9107926903193322
2005-08-05 04:00:00,1.280083041,1.306292854,1.265923173,1.295146227,1.295146227,241931200,0.6555854198089461,1.27334955925,1.1937036346399998,1.8964136090802783
2005-08-08 04:00:00,1.295447191,1.302979235,1.283698219,1.284902811,1.284902811,176383200,-0.7909080678656033,1.2802033841,1.19485446682,1.9094714579904581
2005-08-09 04:00:00,1.293338269,1.322260145,1.292736023,1.320151329,1.320151329,380839200,2.7432828147186505,1.2886087298,1.19681874028,1.9683768841470777
2005-08-10 04:00:00,1.325574281,1.33732315,1.304786698,1.306895614,1.306895614,360945200,-1.00410571945877,1.29618558285,1.19899991028,2.003546060071673
2005-08-11 04:00:00,1.307197255,1.329189337,1.302979522,1.325574756,1.325574756,271983600,1.429275743211722,1.30108121035,1.20122929566,1.5240635227607562
2005-08-12 04:00:00,1.30930623,1.392455596,1.306293089,1.388840914,1.388840914,916036800,4.772734069778872,1.30793502925,1.2048806618999999,1.7835666105061765
2005-08-15 04:00:00,1.400288169,1.456022198,1.39938475,1.43644011,1.43644011,1086727600,3.427260496157869,1.3172592163,1.2105685758,1.8876450551910176
2005-08-16 04:00:00,1.427703625,1.431017938,1.392154026,1.393359423,1.393359423,537622400,-2.999128658416539,1.32186861635,1.2155876802799999,1.885246814141108
2005-08-17 04:00:00,1.397878111,1.429209973,1.396973787,1.420473337,1.420473337,499724400,1.945938251999757,1.32717092635,1.22198056454,1.913497592347188
2005-08-18 04:00:00,1.413242894,1.415954057,1.378296441,1.394865394,1.394865394,442559600,-1.8027753378379696,1.3317049921000002,1.22763234372,1.9599851906421606
2005-08-19 04:00:00,1.394262806,1.406916102,1.378898448,1.380706191,1.380706191,376569200,-1.0150945790830868,1.33446156385,1.23256107564,1.958262932425602
2005-08-22 04:00:00,1.390345785,1.408422204,1.363533637,1.381910324,1.381910324,387732800,0.0872113855828971,1.33756456975,1.23862254854,1.952572461759005
2005-08-23 04:00:00,1.38130909,1.388841037,1.365341575,1.377994776,1.377994776,295604400,-0.28334313247376786,1.3407429517,1.24455147978,1.950514613971592
2005-08-24 04:00:00,1.373776665,1.419569475,1.373475491,1.378898621,1.378898621,572070800,0.06559132267711654,1.34342425475,1.25043824908,1.9462060469371254
2005-08-25 04:00:00,1.389442974,1.400589601,1.380103186,1.387635231,1.387635231,276253600,0.6335933524731496,1.34682857405,1.25581888196,1.9421059215735041
2005-08-26 04:00:00,1.389443384,1.396071107,1.366546972,1.377994776,1.377994776,261058000,-0.6947398555924966,1.3514831723,1.26049453972,1.8356839066231239
2005-08-29 04:00:00,1.363835332,1.386731735,1.363534158,1.381007433,1.381007433,256295200,0.21862615537229235,1.3561377288,1.2650316285999998,1.8357473824644481
2005-08-30 04:00:00,1.385526464,1.409627462,1.383417547,1.40299964,1.40299964,518761600,1.5924756431053844,1.3612291397,1.27043033362,1.8507274761829526
2005-08-31 04:00:00,1.41173589,1.416857945,1.393961546,1.412640214,1.412640214,402956400,0.6871401620601958,1.3667573929999999,1.27587120772,1.850188270024313
2005-09-01 04:00:00,1.415953554,1.421075609,1.388538252,1.393660307,1.393660307,356367200,-1.3435768578509477,1.3721048714,1.28051673414,1.8579993525810523
2005-09-02 04:00:00,1.394865567,1.409929661,1.389443242,1.392455578,1.392455578,222378800,-0.08644351811907258,1.37697033895,1.2849332905,1.8603757746339489
2005-09-06 04:00:00,1.406916198,1.472592169,1.402397293,1.47018218,1.47018218,818619200,5.5819807272875055,1.3862343074,1.29158527376,2.1695097655909263
2005-09-07 04:00:00,1.477713992,1.488258371,1.443670967,1.466566563,1.466566563,963074000,-0.24592986156313223,1.3935550691,1.2985626030200002,2.1236575594562686
2005-09-08 04:00:00,1.486752236,1.509949716,1.480425587,1.499706507,1.499706507,702640400,2.25969586625574,1.40319561375,1.30607619766,2.1234848999626452
2005-09-09 04:00:00,1.508442751,1.547005486,1.500007288,1.54580009,1.54580009,615641600,3.0735069018407613,1.4142068804499999,1.3150780439799998,2.1837099440516976
2005-09-12 04:00:00,1.53947415,1.555441664,1.523808614,1.548511863,1.548511863,452796400,0.17542844107352185,1.4221904279,1.3238690186,1.9747926218371823
2005-09-13 04:00:00,1.537063659,1.545198051,1.515974998,1.531038284,1.531038284,492884000,-1.1284110517660317,1.4269203365999998,1.3324973106800002,1.8879593919777016
2005-09-14 04:00:00,1.538268243,1.542184903,1.490066251,1.494585156,1.494585156,474426400,-2.380941638164813,1.43198162325,1.33950477604,1.8347937743155596
2005-09-15 04:00:00,1.506333985,1.511757113,1.48614955,1.502417326,1.502417326,415156000,0.5240363835113504,1.4360788226999999,1.3470243859600002,1.7975628274171336
2005-09-16 04:00:00,1.513263902,1.542788029,1.504828438,1.542788029,1.542788029,591004400,2.6870498829697276,1.4434749544499998,1.3552067947799997,1.8020256090434459
2005-09-19 04:00:00,1.537967211,1.593400881,1.537967211,1.585868835,1.585868835,783731200,2.7923995513449817,1.45373308665,1.3638772559399999,1.8321410013746962
2005-09-20 04:00:00,1.596413076,1.62111712,1.594304159,1.60243845,1.60243845,819828800,1.0448288429856012,1.46475949295,1.37296949866,1.8274946257558788
2005-09-21 04:00:00,1.595509598,1.59822076,1.562370088,1.569901228,1.569901228,434747600,-2.030481857197075,1.47435481555,1.3813266349199997,1.9193731428530272
2005-09-22 04:00:00,1.562972445,1.580747698,1.546101515,1.563574791,1.563574791,463727600,-0.40298312321594976,1.4835886240499998,1.38949095968,1.929986188433972
2005-09-23 04:00:00,1.569599848,1.611777262,1.561767536,1.602739453,1.602739453,558457200,2.504815390055759,1.49434383515,1.39699250462,1.9741098342908103
2005-09-26 04:00:00,1.627744904,1.643711507,1.606355072,1.622020602,1.622020602,546562800,1.2030120656173704,1.50654512645,1.40439762594,1.946866681668466
2005-09-27 04:00:00,1.624430915,1.634071777,1.6096688,1.609969974,1.609969974,341703600,-0.7429392687824832,1.5179932534999998,1.4115978980400001,1.9745988915533677
2005-09-28 04:00:00,1.598823178,1.600028574,1.524109295,1.538871408,1.538871408,1125544000,-4.416142359683528,1.5247868419,1.4163518977599998,2.2793733975007933
2005-09-29 04:00:00,1.543390649,1.584362583,1.53073745,1.576831341,1.576831341,636846000,2.466738468377594,1.53299639825,1.4215999818399998,2.321902839474864
2005-09-30 04:00:00,1.57652975,1.616296274,1.562972231,1.615091681,1.615091681,531633200,2.4264066171931775,1.5440679669500001,1.4278181338800002,2.3107997739382817
2005-10-03 04:00:00,1.631661914,1.643109716,1.617200971,1.64009738,1.64009738,507553200,1.5482526035003552,1.5564500570500002,1.43410858636,2.3079965515804166
2005-10-04 04:00:00,1.65546139,1.66751234,1.615995232,1.619309545,1.619309545,539459200,-1.2674756544029164,1.5639064253000001,1.44009777314,2.063664939653759
2005-10-05 04:00:00,1.636782317,1.637686641,1.589182684,1.590086102,1.590086102,610769600,-1.8046854037410132,1.57008240225,1.44561095244,2.1221065503418948
2005-10-06 04:00:00,1.602739607,1.611476244,1.532544736,1.557549953,1.557549953,757537200,-2.0461878736677264,1.5729745745500001,1.4502565003,2.1446487055142267
2005-10-07 04:00:00,1.558152624,1.564479172,1.522904091,1.545499325,1.545499325,677882800,-0.7736912692135056,1.5729595363,1.4547755099,2.044618911784633
2005-10-10 04:00:00,1.559356909,1.56387672,1.514769599,1.517481565,1.517481565,507505600,-1.8128613546951944,1.5714080214000001,1.45942708498,2.0845579063157618
2005-10-11 04:00:00,1.543390362,1.562671281,1.518385041,1.554235816,1.554235816,1225884800,2.4220558488300403,1.5725678980000002,1.46475347524,2.1410322978986756
2005-10-12 04:00:00,1.465662954,1.51537241,1.44216431,1.483739376,1.483739376,2697486400,-4.5357621587585495,1.5720256090000002,1.4684048343200002,2.319105481309073
2005-10-13 04:00:00,1.489463435,1.625335209,1.484342183,1.61900866,1.61900866,1865575600,9.116781975866362,1.5778551757000001,1.4747435045600001,3.0909004284166333
2005-10-14 04:00:00,1.627744796,1.637384851,1.590387458,1.626840472,1.626840472,1035552000,0.4837412049420342,1.5820577978500001,1.4815460992200002,3.044726804098971
2005-10-17 04:00:00,1.626238658,1.633770704,1.587074372,1.609969974,1.609969974,616834400,-1.037009976722536,1.5832628548,1.48784257416,3.0004080051164017
2005-10-18 04:00:00,1.604246472,1.625335135,1.572613427,1.5729146,1.5729146,609588000,-2.3016189493233363,1.5817866623,1.4936028099400003,3.0390231926804483
2005-10-19 04:00:00,1.568696746,1.655762654,1.542788006,1.655160308,1.655160308,1008683200,5.228873074227924,1.5860496163,1.5003029895199997,3.218261083711022
2005-10-20 04:00:00,1.641000268,1.702157527,1.637384882,1.691312075,1.691312075,1357762000,2.1841852311987653,1.5924364805,1.5079913187399998,3.2398918918957844
2005-10-21 04:00:00,1.712401117,1.71661895,1.6678138,1.676851511,1.676851511,796726000,-0.8549908803790696,1.5961420834,1.5150168538400002,3.2143251151107335
2005-10-24 04:00:00,1.664499175,1.710894227,1.659679097,1.710894227,1.710894227,609753200,2.0301568610388454,1.6005857646500001,1.5214579201,3.232174560087514
2005-10-25 04:00:00,1.699145245,1.712701758,1.677755413,1.69010663,1.69010663,465127600,-1.2150135684571461,1.6045925974499997,1.5265312505,3.2420210671036496
2005-10-26 04:00:00,1.695529776,1.734091607,1.684684323,1.718125105,1.718125105,631593200,1.657793331063373,1.6135552823000001,1.53302656414,3.056971318308559
2005-10-27 04:00:00,1.716919629,1.717521976,1.669319987,1.669319987,1.669319987,411541200,-2.840603274928577,1.6181797146,1.5380034971399998,3.1158026468903626
2005-10-28 04:00:00,1.688299988,1.700048861,1.631962799,1.641000509,1.641000509,769787200,-1.6964679163096852,1.619475156,1.5429261994400003,3.1062033387579437
2005-10-31 05:00:00,1.662993365,1.746744952,1.649435845,1.73499608,1.73499608,940844800,5.727942830272448,1.6242200909999998,1.55001199722,3.338936063096489
2005-11-01 05:00:00,1.724451875,1.751565911,1.713304343,1.732284188,1.732284188,749686000,-0.15630536756024993,1.6298688231499998,1.5570194745000001,3.3200901659673394
2005-11-02 05:00:00,1.738912463,1.807600859,1.735296977,1.806094289,1.806094289,857060400,4.260854051044438,1.6406692325,1.5655814647600002,3.385562689843223
2005-11-03 05:00:00,1.815434012,1.877494588,1.80970961,1.863335729,1.863335729,884382800,3.1693494823957113,1.6559585212999999,1.57527020692,3.3643422731501484
2005-11-04 05:00:00,1.818145464,1.84495863,1.796153483,1.842247367,1.842247367,878035200,-1.131753213969533,1.6707959234,1.58436244964,3.3749495881284584
2005-11-07 05:00:00,1.833208224,1.857912467,1.811818395,1.814529657,1.814529657,638831200,-1.5045596208470458,1.6856483279999999,1.59309314726,3.362419135962624
2005-11-08 05:00:00,1.806094202,1.819049374,1.780486541,1.804588437,1.804588437,473765600,-0.5478675954206258,1.6981659590499998,1.60156476734,3.359584050096594
2005-11-09 05:00:00,1.807601138,1.844054057,1.807601138,1.810915351,1.810915351,552930000,0.35060149285439657,1.7145247578000002,1.6097230815600003,3.1201268062923635
2005-11-10 05:00:00,1.826881679,1.843752604,1.777775474,1.843150258,1.843150258,665344400,1.7800338918215974,1.7257318376999997,1.61833328244,2.4887274809176154
2005-11-11 05:00:00,1.853996158,1.87116836,1.847970682,1.853996158,1.853996158,425448800,0.5884436145628502,1.7370896219999998,1.62753999946,2.4884044188197763
2005-11-14 05:00:00,1.8539964,1.867252046,1.835016754,1.851285338,1.851285338,369933200,-0.1462149739794638,1.7491553901999999,1.63671659466,2.4638182544469496
2005-11-15 05:00:00,1.855803671,1.900390975,1.851585839,1.876290083,1.876290083,536841200,1.3506694233863081,1.76432416435,1.6448387527200001,2.3605466791477903
2005-11-16 05:00:00,1.902500186,1.960041866,1.900692343,1.956728458,1.956728458,784515200,4.287096954186698,1.77940257185,1.65464199062,2.2778396057723
2005-11-17 05:00:00,1.976009271,1.984746008,1.935639594,1.943773985,1.943773985,676205600,-0.6620475593859809,1.79202566735,1.66352334018,2.279972207951581
2005-11-18 05:00:00,1.967573806,1.971189292,1.939255079,1.944978476,1.944978476,524960800,0.061966617996489504,1.8054320155999999,1.6715069079,2.255674046775825
2005-11-21 05:00:00,1.952811711,1.963958236,1.919672003,1.957029343,1.957029343,511711200,0.6195887074690765,1.8177387714000002,1.6796772575,2.2361070308642264
2005-11-22 05:00:00,1.953414139,2.0112579,1.943774182,2.004027128,2.004027128,540282400,2.4014859648427977,1.8334347963,1.68913703438,2.2194588787423526
2005-11-23 05:00:00,2.014871775,2.048011274,2.00914838,2.021801472,2.021801472,485853200,0.8869313070496432,1.8486186146499999,1.6996813606999999,2.2118939096032975
2005-11-25 05:00:00,2.038372177,2.095009638,2.033551193,2.088984966,2.088984966,395012800,3.322952076671548,1.8696018635999998,1.7114127135000001,2.0985745236656963
2005-11-28 05:00:00,2.130558474,2.141102852,2.080849923,2.098624468,2.098624468,1018519600,0.46144429744068294,1.89248306155,1.7225294422800002,1.9976727864604942
2005-11-29 05:00:00,2.10856693,2.117905813,2.029032067,2.051627398,2.051627398,891433200,-2.2394225701937387,1.9083146274500002,1.73184461354,1.8477508842613632
2005-11-30 05:00:00,2.061569648,2.074222946,2.034154337,2.043192148,2.043192148,595674800,-0.4111492178464182,1.92386002545,1.7406596875,1.8559717027679101
2005-12-01 05:00:00,2.077234219,2.160986479,2.073016389,2.157069921,2.157069921,812893200,5.573522446798274,1.94140880705,1.7524030613600001,2.00069604467091
2005-12-02 05:00:00,2.177255309,2.191415177,2.129956935,2.188101768,2.188101768,895762000,1.4386110852453893,1.9576471090000003,1.7648936008999998,1.9341776658370746
2005-12-05 05:00:00,2.167615232,2.185088507,2.153756639,2.163698673,2.163698673,583671200,-1.1152632549767394,1.9737196743000003,1.7761127852999998,1.9333034016026849
2005-12-06 05:00:00,2.227265728,2.254379762,2.209792454,2.230881214,2.230881214,857029600,3.1049860055998746,1.9945372521500002,1.78828999754,1.9156713243676853
2005-12-07 05:00:00,2.236303065,2.243232762,2.202863094,2.227867603,2.227867603,679464800,-0.13508612565689138,2.01570121045,1.80064795012,1.899646421107624
2005-12-08 05:00:00,2.20527397,2.234497127,2.187197541,2.231785059,2.231785059,790479200,0.1758388153193957,2.0367446958499995,1.8145062231400002,1.903556494015495
2005-12-09 05:00:00,2.235701454,2.247150059,2.209792713,2.23931694,2.23931694,555402400,0.3374823650524439,2.05655302995,1.82775593512,1.902455242105861
2005-12-12 05:00:00,2.255584992,2.270045124,2.246245306,2.256789684,2.256789684,524994400,0.7802711482189695,2.0766927062500002,1.84058989518,1.900780010140932
2005-12-13 05:00:00,2.254981938,2.273359434,2.235701023,2.258898497,2.258898497,493816400,0.0934430450010959,2.0970733642,1.8529659175199997,1.8938855703587905
2005-12-14 05:00:00,2.185087777,2.208285245,2.11700174,2.16942215,2.16942215,1450716400,-3.9610609825466714,2.11172996755,1.8639681696200001,2.1933479931638122
2005-12-15 05:00:00,2.189607622,2.195030751,2.149539012,2.174544334,2.174544334,561162000,0.2361082189559216,2.1226207613500003,1.87565733426,2.030633604992796
2005-12-16 05:00:00,2.173338579,2.178158756,2.140801427,2.142307997,2.142307997,671171200,-1.482441010558866,2.1325474619500002,1.88735249514,2.064380588389403
2005-12-19 05:00:00,2.142308649,2.187197027,2.140199733,2.150442839,2.150442839,529295200,0.37972327094850655,2.1428206801000003,1.89945136542,2.0619925066858036
2005-12-20 05:00:00,2.157974344,2.180569675,2.142609985,2.172435284,2.172435284,479108000,1.0226937727034313,2.15359097715,1.9125504398000002,2.0649502040796723
2005-12-21 05:00:00,2.187196891,2.217625335,2.185389248,2.214311123,2.214311123,475736800,1.9275989166819274,2.1641051769,1.92575194594,2.0451329620554803
2005-12-22 05:00:00,2.226663484,2.244136759,2.217323797,2.229976892,2.229976892,370610800,0.7074782236913268,2.1745139479000004,1.94067669626,2.0438309823781906
2005-12-23 05:00:00,2.234496862,2.237207924,2.208286044,2.209792614,2.209792614,229857600,-0.9051339532894054,2.1805543303,1.9524923753399996,1.9543638401155923
2005-12-27 05:00:00,2.229374436,2.264923931,2.227867866,2.236303329,2.236303329,590590000,1.1996924431751266,2.1874382733499997,1.96468163248,1.9645291196819898
2005-12-28 05:00:00,2.243534448,2.252271186,2.208888367,2.216420412,2.216420412,398115200,-0.889097500422309,2.19567792405,1.9768106412400002,1.8932559867646954
2005-12-29 05:00:00,2.222746618,2.223952115,2.151647428,2.152551651,2.152551651,490025200,-2.881617614339138,2.2011458992,1.98840338226,2.0252246170914234
2005-12-30 05:00:00,2.136283027,2.182075827,2.119110827,2.165807247,2.165807247,624262800,0.6158084984321688,2.2015827655000004,1.9986163210400003,1.6025545923202005
2006-01-03 05:00:00,2.180569544,2.251969814,2.176652985,2.251969814,2.251969814,807234400,3.978311879755214,2.2047761678,2.00982947582,1.8073710658509794
2006-01-04 05:00:00,2.26341759,2.289025255,2.244437746,2.258597612,2.258597612,619603600,0.29431113857727453,2.20952111475,2.02146439784,1.7823558936668924
2006-01-05 05:00:00,2.254379064,2.256487979,2.221842716,2.240822554,2.240822554,449422400,-0.7869953419573417,2.21001818175,2.03206296438,1.660217944224614
2006-01-06 05:00:00,2.267034237,2.310718149,2.245945466,2.298667192,2.298667192,704457600,2.581401989940857,2.2135581612,2.0442341756199998,1.7540093361351248
2006-01-09 05:00:00,2.311620053,2.325779917,2.281794761,2.291133642,2.291133642,675040800,-0.32773556895137057,2.2165255903500003,2.05569434636,1.7575499229255773
2006-01-10 05:00:00,2.297159776,2.467074776,2.284506679,2.436043978,2.436043978,2279869200,6.324831225187855,2.22636194225,2.07102882618,2.2365313832669855
2006-01-11 05:00:00,2.525822209,2.554743089,2.488163585,2.527629852,2.527629852,1493794400,3.759614967016822,2.23990395065,2.08876141304,2.3560399339573643
2006-01-12 05:00:00,2.55986458,2.602945521,2.51919383,2.539378166,2.539378166,1280809600,0.4647956658172969,2.2539279341,2.1048490547600003,2.3533463636408083
2006-01-13 05:00:00,2.560466999,2.59119652,2.548718126,2.578543425,2.578543425,776305600,1.5423169153924166,2.27438399785,2.1217742395,2.09830411131459
2006-01-17 05:00:00,2.581856815,2.60234323,2.526725124,2.552031517,2.552031517,835623600,-1.0281738032005383,2.293258357,2.1366929840599997,2.1376545443990866
2006-01-18 05:00:00,2.502925693,2.532148649,2.465869417,2.485150337,2.485150337,1200637200,-2.6207035279337543,2.310400474,2.14912927622,2.216033452904732
2006-01-19 05:00:00,2.447793686,2.46014571,2.372175578,2.381213188,2.381213188,1695848000,-4.1823284270789856,2.3219389914499997,2.15990859264,2.477469604937854
2006-01-20 05:00:00,2.388445077,2.411340686,2.284507396,2.292340517,2.292340517,1134758800,-3.73224335594432,2.3279342531,2.16946480984,2.650784021451337
2006-01-23 05:00:00,2.292640496,2.396879401,2.289628362,2.339940071,2.339940071,1059730000,2.076460876863706,2.3342157005,2.18017184252,2.6557927001958253
2006-01-24 05:00:00,2.37277765,2.392661919,2.282698605,2.290832996,2.290832996,1142254400,-2.0986466964948325,2.3372585057,2.18977019542,2.707288491885786
2006-01-25 05:00:00,2.331504517,2.334818127,2.206779394,2.2354002,2.2354002,1275786400,-2.419765914703975,2.3385388849999997,2.19761519426,2.7596031932270924
2006-01-26 05:00:00,2.245342059,2.272456092,2.167012698,2.179062843,2.179062843,1181387200,-2.5202358396496427,2.3356768607,2.20411652796,2.806092379206253
2006-01-27 05:00:00,2.19774149,2.21732368,2.142007456,2.17002511,2.17002511,953864800,-0.41475320590375064,2.3333570956,2.2104913234,2.8010049804874706
2006-01-30 05:00:00,2.144116129,2.30770353,2.135077515,2.259500742,2.259500742,1398401200,4.1232533018938256,2.33870455015,2.21815553658,2.86792101685319
2006-01-31 05:00:00,2.274565508,2.299871904,2.2218438,2.274866581,2.274866581,913542000,0.6800546118165274,2.3441575168499997,2.22451829904,2.8683511539109308
2006-02-01 05:00:00,2.257994322,2.303485231,2.248654638,2.272153378,2.272153378,521186400,-0.11926866492570909,2.3451666950499996,2.2310858869,2.7338246610427115
2006-02-02 05:00:00,2.262514279,2.270347397,2.170627591,2.172134161,2.172134161,707322000,-4.401957102387133,2.3408435225,2.2356290006,2.91041345034765
2006-02-03 05:00:00,2.176351718,2.192921573,2.140199873,2.164602041,2.164602041,692123600,-0.3467612698716538,2.33703249685,2.23978045456,2.907044891176512
2006-02-06 05:00:00,2.169724017,2.184486028,2.010654498,2.027525425,2.027525425,1651767600,-6.332647452215923,2.3234754085000002,2.2402504205,3.1427616559807268
2006-02-07 05:00:00,2.056748649,2.093202572,2.008847731,2.036564112,2.036564112,1388830800,0.44579894725613745,2.310746932,2.2405456733,3.150762268741205
2006-02-08 05:00:00,2.063375685,2.081151033,1.988360754,2.073016644,2.073016644,953114400,1.7899034842660422,2.2925955653,2.24022630686,2.7710235229788864
2006-02-09 05:00:00,2.081753853,2.085670613,1.944075161,1.956728458,1.956728458,1149764000,-5.609611786599822,2.2640504956000003,2.2373883866599997,2.7574663951344127
2006-02-10 05:00:00,1.963656738,2.038672474,1.894968352,2.027827024,2.027827024,1760477600,3.633542799938172,2.2384729385,2.23691237918,2.944947353543265
2006-02-13 05:00:00,2.007340851,2.010956336,1.947388389,1.949497104,1.949497104,883498000,-3.862751559819433,2.20702062245,2.2350384783,2.939949195973445
2006-02-14 05:00:00,1.961246858,2.051626954,1.958234524,2.037768364,2.037768364,1160938800,4.527899006307012,2.1813074647999997,2.23265244716,3.220758972843124
2006-02-15 05:00:00,2.023307727,2.097420059,2.010956509,2.08536911,2.08536911,1159771200,2.3359252622100035,2.1613184034499997,2.230597794,3.2851513051072443
2006-02-16 05:00:00,2.10615692,2.139295625,2.093202551,2.126039982,2.126039982,948175200,1.9502960797189717,2.14855974315,2.22984462018,3.2408433722490035
2006-02-17 05:00:00,2.117905768,2.135680919,2.097118282,2.117604494,2.117604494,575999200,-0.39676996065072245,2.139822942,2.22757908578,3.151138522425164
2006-02-21 05:00:00,2.126642941,2.132969491,2.069101247,2.081152201,2.081152201,779606800,-1.7213928806480872,2.1268835485,2.22464477774,3.1115303836717145
2006-02-22 05:00:00,2.078741224,2.159179289,2.048613854,2.148634911,2.148634911,978238800,3.242564862270725,2.1197736442500004,2.22298177478,3.198521888454616
2006-02-23 05:00:00,2.162795358,2.199248278,2.151948899,2.161589861,2.161589861,856917600,0.6029386348363364,2.1160831273,2.2214272332,3.1628521058785326
2006-02-24 05:00:00,2.173339464,2.195933991,2.145019932,2.152853251,2.152853251,534744000,-0.40417519334395857,2.1147726477,2.2193485045399997,3.113328713136369
2006-02-27 05:00:00,2.168819703,2.172736463,2.128450226,2.138693333,2.138693333,791240800,-0.6577279707022599,2.11320605885,2.21694440126,3.1154485974794657
2006-02-28 05:00:00,2.156467868,2.181171304,2.051626843,2.063375711,2.063375711,1266980400,-3.5216653476143778,2.1033998072999998,2.21482347248,3.047819198934196
2006-03-01 05:00:00,2.073920851,2.093503848,2.049217607,2.081753969,2.081753969,763817600,0.8906888794912415,2.0937441767,2.21296766518,3.052138762019842
2006-03-02 05:00:00,2.078441119,2.108567701,2.068800355,2.097119093,2.097119093,625273600,0.7380854908315859,2.0849924624500003,2.2120638871,3.0622601019798283
2006-03-03 05:00:00,2.090792048,2.106157415,2.034455854,2.040179253,2.040179253,737668400,-2.715145753527315,2.07839471705,2.20985861538,2.9666665065124853
2006-03-06 05:00:00,2.039274667,2.040178085,1.956426626,1.972694397,1.972694397,912665600,-3.3077905238358962,2.0687993348499996,2.2058637976399997,3.04355858624487
2006-03-07 05:00:00,1.981131388,2.015476409,1.960645769,1.997701049,1.997701049,872877600,1.2676394295046078,2.0673081160499995,2.2015315961599997,2.7239771927876633
2006-03-08 05:00:00,1.997098266,2.024513577,1.968779536,1.97811842,1.97811842,653251200,-0.9802582328223064,2.0643858314499997,2.1964944267199997,2.7292896226845786
2006-03-09 05:00:00,1.987759366,2.002521379,1.922384363,1.925999045,1.925999045,799304800,-2.6347954941949303,2.0570349515,2.1908185553400004,2.7464661229747613
2006-03-10 05:00:00,1.929613167,1.942868804,1.881410397,1.903704643,1.903704643,1043142800,-1.1575500028350172,2.05438376075,2.18416658162,2.461791836158635
2006-03-13 05:00:00,1.959740347,1.996796409,1.951908036,1.978720188,1.978720188,861187600,3.940503337838419,2.0519284189499998,2.17941257714,2.487175611261939
2006-03-14 05:00:00,1.981432632,2.028128862,1.973298441,2.028128862,2.028128862,642020400,2.4970015619004693,2.0558600068499997,2.17692412136,2.3842882708225046
2006-03-15 05:00:00,2.039877913,2.049819947,1.973900563,1.995290399,1.995290399,891996000,-1.6191507164696195,2.0537361086,2.1735137844,2.1885603232290003
2006-03-16 05:00:00,2.013969321,2.015475891,1.937146513,1.937447786,1.937447786,749638400,-2.898957115665446,2.0463400424,2.16722334384,2.1971173959998973
2006-03-17 05:00:00,1.950703268,1.974503094,1.931422347,1.947992206,1.947992206,812042000,0.5442427959191365,2.0374376536,2.16101123572,2.1416263827263897
2006-03-20 05:00:00,1.964862523,1.972092489,1.924190773,1.927806258,1.927806258,605441200,-1.0362437764291577,2.0279477418,2.1547509097999997,2.146115250660095
2006-03-21 05:00:00,1.862130523,1.938350976,1.849477427,1.862130523,1.862130523,1345366400,-3.4067601309757722,2.0169966579,2.14602017642,2.2302462400802967
2006-03-22 05:00:00,1.87267467,1.905513105,1.84586171,1.85791266,1.85791266,1345895600,-0.22650737678714394,2.00246054535,2.13735575678,2.0488554368034317
2006-03-23 05:00:00,1.862431521,1.864841711,1.795852032,1.812421083,1.812421083,1427826400,-2.4485315149313847,1.98500210645,2.12488329888,2.0599741223305523
2006-03-24 05:00:00,1.815132863,1.835920347,1.778377672,1.806396127,1.806396127,1071980000,-0.33242583947584725,1.96767925025,2.11045862438,2.060866243910379
2006-03-27 05:00:00,1.818145203,1.849175996,1.789525404,1.792838812,1.792838812,1108072000,-0.750517275660656,1.9503865242,2.0955278372999997,2.060507286217992
2006-03-28 05:00:00,1.796454171,1.811818527,1.754879202,1.768737793,1.768737793,1370322800,-1.344293688795939,1.9356546283,2.07933172466,1.967793726390214
2006-03-29 05:00:00,1.781391032,1.883520218,1.737406071,1.877795815,1.877795815,2346834000,6.165867119004909,1.9254567206000002,2.0658470106199998,2.4847732849294437
2006-03-30 05:00:00,1.89255856,1.907019503,1.853695443,1.890449643,1.890449643,1390650800,0.6738660241395689,1.9151232480999998,2.0539529967399996,2.4831501377500134
2006-03-31 05:00:00,1.905513308,1.916358761,1.875084859,1.889545798,1.889545798,815357200,-0.047811112205320416,1.90759157535,2.0441196489399998,2.4282886303354787
2006-04-03 04:00:00,1.918166831,1.931723348,1.886231809,1.887437105,1.887437105,815791200,-0.11159787723759029,1.90332871075,2.0360215807,2.3267936871111354
2006-04-04 04:00:00,1.870866704,1.87448219,1.839233769,1.842849255,1.842849255,931924000,-2.362348916521917,1.89558612105,2.02607976438,2.3481501705928873
2006-04-05 04:00:00,1.94949688,2.02481389,1.932625957,2.02481389,2.02481389,2233408800,9.87409222465132,1.8979208945500001,2.02075938226,3.2734051944023226
2006-04-06 04:00:00,2.057652747,2.170627381,2.054639608,2.146225214,2.146225214,2663768800,5.996172023493984,1.9089322029999998,2.01897588254,3.448965332278066
2006-04-07 04:00:00,2.136884922,2.145320383,2.062773414,2.102540731,2.102540731,1545238800,-2.0354100173198497,1.9188740074,2.0174454403,3.477940064245511
2006-04-10 04:00:00,2.117604189,2.136885304,2.062171437,2.068799257,2.068799257,903515200,-1.6047952604443583,1.9233779608500001,2.01542092324,3.4141722002996673
2006-04-11 04:00:00,2.078440798,2.087779683,2.02059703,2.048313618,2.048313618,939316000,-0.9902187914407112,1.92438719865,2.01119718076,3.3837020027104527
2006-04-12 04:00:00,2.048916023,2.053736,1.997398822,2.009750843,2.009750843,739894400,-1.882659699233613,1.9251102208500002,2.005894866,3.3912608513596116
2006-04-13 04:00:00,1.998604955,2.031743666,1.982637444,2.002521515,2.002521515,734678000,-0.35971264921618173,1.9283639073,2.0005022287400003,3.320309503721581
2006-04-17 04:00:00,2.003725604,2.013667638,1.938651884,1.952510476,1.952510476,721938000,-2.497403330021153,1.9285898207999999,1.99610975504,3.3736999923752307
2006-04-18 04:00:00,1.959439457,2.002521202,1.951908417,1.994989157,1.994989157,794844400,2.1755929877018465,1.93194896575,1.9927174973599997,3.394965314660872
2006-04-19 04:00:00,2.01306524,2.018487564,1.972393491,1.97781682,1.97781682,1086033200,-0.8607734503090381,1.9377332805999998,1.99172332526,3.297998131274171
2006-04-20 04:00:00,2.094105732,2.108867741,1.994386545,2.03746748,2.03746748,1666982800,3.0159850698407986,1.9467110216,1.9917413926199998,3.347414971799772
2006-04-21 04:00:00,2.054338854,2.067896174,2.002521372,2.019693375,2.019693375,788986800,-0.8723626352063252,1.9570746361999998,1.99067492724,3.292102489074592
2006-04-24 04:00:00,2.013969191,2.016078108,1.973298437,1.980829477,1.980829477,707028000,-1.9242474368169948,1.9657963037,1.99115694762,3.3346076233125044
2006-04-25 04:00:00,1.987156042,2.006135685,1.975105896,1.99348259,1.99348259,529062800,0.638778509049831,1.9758284925999998,1.99047005894,3.321348388158008
2006-04-26 04:00:00,2.007943505,2.057049719,2.000412265,2.053133965,2.053133965,710886400,2.9923198376164306,1.9900483011999999,1.99254279616,3.330493537664755
2006-04-27 04:00:00,2.040480762,2.104650057,2.029031958,2.089586973,2.089586973,845947200,1.7754812214603843,2.0006378591000002,1.9935791683399997,3.0944729890481626
2006-04-28 04:00:00,2.090189382,2.148032936,2.084767058,2.120617628,2.120617628,760037600,1.4850138042088679,2.01214625835,1.9942841387,3.101081405297621
2006-05-01 04:00:00,2.132064957,2.155262628,2.083561101,2.09681654,2.09681654,750380400,-1.122365846899409,2.02250979545,1.9936996698599998,3.1224988762291273
2006-05-02 04:00:00,2.113386418,2.168518094,2.112181725,2.157672644,2.157672644,771663200,2.902309421881988,2.0360215724,1.99450103286,3.160547347522492
2006-05-03 04:00:00,2.164000047,2.167615534,2.114291479,2.143212557,2.143212557,686991200,-0.6701705673569203,2.0510397375,1.9957422399799998,3.095754537159758
2006-05-04 04:00:00,2.145622257,2.19593397,2.122726658,2.142911196,2.142911196,860420400,-0.014061181146762802,2.0569446028,1.9956277656799997,2.24265140199347
2006-05-05 04:00:00,2.164903627,2.176652699,2.143512992,2.165807247,2.165807247,563911600,1.0684554284255077,2.0579237044500003,1.9957121134,1.8146033264600647
2006-05-08 04:00:00,2.198946752,2.223348917,2.160685996,2.165807247,2.165807247,594851600,0.0,2.06108703025,1.99597119332,1.7466450629265966
2006-05-09 04:00:00,2.16369884,2.185992899,2.12754679,2.139899015,2.139899015,531666800,-1.196239048321912,2.06464201815,1.9959953069599998,1.7271651988622503
2006-05-10 04:00:00,2.147730503,2.148935799,2.097117734,2.126943827,2.126943827,459888800,-0.6054111857236588,2.0685735286,1.99726666928,1.7155096782599921
2006-05-11 04:00:00,2.132667822,2.134174392,2.035057539,2.053133965,2.053133965,812688800,-3.4702309042221824,2.0707426847,1.9966942692,1.8486311348614006
2006-05-12 04:00:00,2.044096153,2.069402554,2.014270844,2.039577246,2.039577246,641774000,-0.6602939326465163,2.07259547125,1.9955434322599999,1.8539765740819476
2006-05-15 04:00:00,2.029634529,2.060062979,2.022103288,2.042287827,2.042287827,529177600,0.13289915865242197,2.0770843387999998,1.99558560374,1.7497943248293233
2006-05-16 04:00:00,2.051628178,2.056147085,1.950703645,1.957632542,1.957632542,936740000,-4.145120187312356,2.07521650805,1.99528436664,1.9419621129885156
2006-05-17 04:00:00,1.949498522,1.979324842,1.930217594,1.966068387,1.966068387,754194000,0.4309207585700081,2.0746290864,1.9946517134000001,1.9359764540805164
2006-05-18 04:00:00,1.978719838,1.996193911,1.901595998,1.90340364,1.90340364,658442400,-3.187312680187049,2.0679258943999996,1.9931574178,1.9222108104028937
2006-05-19 04:00:00,1.905814131,1.954619267,1.892557886,1.943472743,1.943472743,985866000,2.105129051870458,2.0641148628,1.9935068917599998,1.9914060718096933
2006-05-22 04:00:00,1.924191086,1.927806572,1.891052379,1.909429073,1.909429073,718975600,-1.7516926914781017,2.0605448425999997,1.9936213803599998,1.9837796264960226
2006-05-23 04:00:00,1.954018018,1.963959252,1.89798208,1.902500987,1.902500987,694414000,-0.36283547254860604,2.0559957624500003,1.99209699634,1.9750550989187028
2006-05-24 04:00:00,1.897679691,1.917562949,1.854597956,1.908223867,1.908223867,916031200,0.30080825393021815,2.04875025755,1.9896988964399998,1.8315191421528059
2006-05-25 04:00:00,1.935941197,1.941665399,1.906718041,1.938049912,1.938049912,463372000,1.5630265146453048,2.0411734045,1.9885540867,1.8191214315136748
2006-05-26 04:00:00,1.93744694,1.944977977,1.902198523,1.914550543,1.914550543,432950000,-1.2125265120622952,2.03087005025,1.98809614184,1.774594175239868
2006-05-30 04:00:00,1.906717715,1.907018989,1.84435606,1.84435606,1.84435606,563402000,-3.666368759845273,2.01824702625,1.98602341892,1.9081024602584753
2006-05-31 04:00:00,1.860624579,1.861528803,1.768135512,1.800672889,1.800672889,1280977600,-2.368478188533718,2.0003970385,1.9834807515400001,1.753452107604068
2006-06-01 04:00:00,1.803082243,1.876290359,1.793140208,1.872975945,1.872975945,942508000,4.0153354027645305,1.9868852079,1.9836976599799998,2.0684494686150847
2006-06-02 04:00:00,1.897680385,1.900993794,1.834113023,1.857611775,1.857611775,685787200,-0.8203079191174578,1.97262023685,1.9836916422800002,2.063228577689987
2006-06-05 04:00:00,1.842247052,1.842247052,1.806697556,1.807600975,1.807600975,605785600,-2.692209463411699,1.9547099232499998,1.98359524012,2.065754672678272
2006-06-06 04:00:00,1.814229171,1.826581399,1.774763909,1.799166083,1.799166083,726037200,-0.4666346232746421,1.9363778650500003,1.9834506392400002,2.0579181202133103
2006-06-07 04:00:00,1.810613953,1.819651762,1.75789226,1.764218807,1.764218807,750506400,-1.9424152294894026,1.9175938546500002,1.98287823914,2.0702434653906394
2006-06-08 04:00:00,1.760603486,1.835618434,1.721739577,1.830497384,1.830497384,1397482800,3.7568229483226467,1.9027715324999999,1.98411343096,2.321871024791882
2006-06-09 04:00:00,1.843150833,1.854598634,1.780487091,1.784704924,1.784704924,775838000,-2.5016402864195597,1.88935008045,1.98225161314,2.2710790143774435
2006-06-12 04:00:00,1.789525603,1.799466833,1.716016411,1.717220902,1.717220902,717785600,-3.7812425512196324,1.8732322632499998,1.9787870383200001,2.374958925891311
2006-06-13 04:00:00,1.73559842,1.780487006,1.728066576,1.757289529,1.757289529,1080643200,2.3333414445009915,1.85898234835,1.9761419129400002,2.470928550781276
2006-06-14 04:00:00,1.755783547,1.770846832,1.707881827,1.735598207,1.735598207,878136000,-1.2343624452336832,1.8478806316,1.97310513498,2.3408482943876563
2006-06-15 04:00:00,1.726259381,1.799767763,1.709689727,1.78892231,1.78892231,1190383600,3.0723760133499534,1.83902332775,1.97202659608,2.4714141488423604
2006-06-16 04:00:00,1.776269159,1.783198857,1.732887148,1.73409164,1.73409164,838101600,-3.065011246910998,1.83055772775,1.96621215108,2.4644053722189256
2006-06-19 04:00:00,1.74222582,1.752770198,1.717220504,1.723245978,1.723245978,704575200,-0.6254376498810554,1.8195463895,1.95775256636,2.390756731375472
2006-06-20 04:00:00,1.735598094,1.757892349,1.725957335,1.731380463,1.731380463,672974400,0.47204433399814505,1.810643959,1.950329361,2.3847304008473116
2006-06-21 04:00:00,1.73951516,1.768738113,1.726259516,1.743130445,1.743130445,863296000,0.6786481799407884,1.8026754318999998,1.9438159847599998,2.3983257883345055
2006-06-22 04:00:00,1.753372189,1.800069202,1.749456436,1.794947147,1.794947147,965633200,2.972623313913836,1.7970115959000001,1.9387486553400002,2.5116896650969798
2006-06-23 04:00:00,1.79916562,1.81272314,1.769340323,1.772352457,1.772352457,660203600,-1.2587941677148495,1.7887267231500001,1.93400068762,2.4820512168919007
2006-06-26 04:00:00,1.782595246,1.783499469,1.758494157,1.777172923,1.777172923,466536000,0.27198122929563695,1.78185784215,1.9294937157799998,2.479195282237921
2006-06-27 04:00:00,1.780185776,1.784102335,1.729271718,1.730175138,1.730175138,550611600,-2.6445251551922344,1.7761487960499998,1.92504700902,2.416835209228621
2006-06-28 04:00:00,1.725957577,1.726259454,1.66932012,1.687696815,1.687696815,850704400,-2.455145844316242,1.77049999235,1.91890116218,2.420829825576887
2006-06-29 04:00:00,1.709990142,1.78018509,1.69884342,1.776569605,1.776569605,873398400,5.265921533424223,1.76567967535,1.91487621788,2.5507109704867283
2006-06-30 04:00:00,1.734996469,1.739816448,1.702158026,1.725355506,1.725355506,739695600,-2.882752179023118,1.7590668618999998,1.9086339784000002,2.6165380558247464
2006-07-03 04:00:00,1.73288678,1.752770038,1.727463652,1.745841146,1.745841146,194770800,1.1873286362584556,1.7559788704500001,1.90315693382,2.5761855764213557
2006-07-05 04:00:00,1.721739808,1.735297329,1.70396546,1.717220902,1.717220902,518240800,-1.639338382279143,1.7518816114,1.89788476232,2.5972148762961558
2006-07-06 04:00:00,1.719932617,1.729271498,1.675344409,1.680165291,1.680165291,633208800,-2.1578825972152105,1.7476789355999998,1.8916184163399998,2.60525306833471
2006-07-07 04:00:00,1.671428704,1.703664087,1.647025734,1.669017911,1.669017911,799360800,-0.6634692467290093,1.73960496195,1.8839360952600002,2.432640297177598
2006-07-10 04:00:00,1.678056417,1.701856236,1.641904576,1.656967759,1.656967759,529345600,-0.7219905742521404,1.7332181036999998,1.87528371098,2.3850641933040966
2006-07-11 04:00:00,1.660281803,1.686793598,1.642808525,1.676550388,1.676550388,825022800,1.1818352465601478,1.7311845780000001,1.86640236618,2.2636937943932005
2006-07-12 04:00:00,1.662089511,1.664198428,1.594304609,1.595510006,1.595510006,927329200,-4.833757612061696,1.7230956018499999,1.8563762355,2.420781311416927
2006-07-13 04:00:00,1.567491132,1.630456035,1.548812462,1.574118853,1.574118853,1249906000,-1.340709423291453,1.7150216341500002,1.84470515968,2.4227016962000425
2006-07-14 04:00:00,1.581650987,1.593400764,1.511154941,1.526519299,1.526519299,993036800,-3.023885643023938,1.7019014836,1.8323712945200001,2.3369604249088227
2006-07-17 04:00:00,1.558453453,1.600028527,1.556043464,1.57773447,1.57773447,1024542400,3.3550293817805166,1.6940836251,1.82106776,2.4428056390468194
2006-07-18 04:00:00,1.601534152,1.622321637,1.562068802,1.593701839,1.593701839,1000448400,1.0120441242562173,1.6876064181500001,1.80962565184,2.463724862722798
2006-07-19 04:00:00,1.595509641,1.65937807,1.577433316,1.629853845,1.629853845,1390743200,2.2684297097055772,1.6825300872500002,1.7989065838,2.5276191505967818
2006-07-20 04:00:00,1.836522815,1.855502457,1.799165476,1.822664022,1.822664022,1972146400,11.829905950861509,1.6865067661000002,1.79256188394,3.7042667867984997
2006-07-21 04:00:00,1.802178476,1.842246873,1.796755348,1.829291701,1.829291701,891892400,0.36362592995760057,1.6882239938,1.7866088414199999,3.6502252045551757
2006-07-24 04:00:00,1.845560005,1.870866389,1.820554894,1.850380182,1.850380182,722856400,1.1528222091901297,1.69212538005,1.7825537657600001,3.6408604901113324
2006-07-25 04:00:00,1.861227116,1.870565999,1.831099739,1.865746021,1.865746021,589069600,0.8304152384182917,1.69655403495,1.77907714126,3.6429665429447424
2006-07-26 04:00:00,1.867855281,1.947389157,1.858214317,1.924191475,1.924191475,898427600,3.132551448169485,1.7062548518,1.7767152142200002,3.6258488488158163
2006-07-27 04:00:00,1.943170737,1.958837172,1.893763252,1.910032034,1.910032034,735044800,-0.7358644492487354,1.71737161275,1.77576320406,3.5697231257485638
2006-07-28 04:00:00,1.926300002,1.978720632,1.91304456,1.976009369,1.976009369,691507600,3.4542527991967553,1.7273436009499998,1.7759620236999998,3.4687602778449302
2006-07-31 04:00:00,2.013367112,2.06759459,1.996797253,2.04741025,2.04741025,892841600,3.6133877764017885,1.7434463381499998,1.7788421559000003,3.4305511117681777
2006-08-01 04:00:00,2.025116445,2.046506288,1.986554594,2.023911953,2.023911953,711765600,-1.1477082817183404,1.7573498785000001,1.7804509401000002,3.46033680156003
2006-08-02 04:00:00,2.038069961,2.069100757,2.03385233,2.053435326,2.053435326,550768400,1.4587281307488764,1.7741605997,1.78333106516,3.4145980453457816
2006-08-03 04:00:00,2.045902647,2.108867437,2.042890312,2.096515417,2.096515417,841044400,2.09795217090758,1.7949781059999999,1.78721135376,3.3424821822682627
2006-08-04 04:00:00,2.01999547,2.066992792,1.957030431,2.057653904,2.057653904,1852866400,-1.853624003185661,1.81440990565,1.7901999545,3.3870307664409074
2006-08-07 04:00:00,2.040178244,2.096816488,1.997699662,2.02481389,2.02481389,1245512800,-1.5959930839758996,1.8328022122,1.7919352340599999,3.417341784510898
2006-08-08 04:00:00,2.021198776,2.021801927,1.943472769,1.951606154,1.951606154,997864000,-3.6155291289512004,1.8465550005,1.7926763462800002,3.57322345307367
2006-08-09 04:00:00,1.97118989,1.976310942,1.910032708,1.915756106,1.915756106,955838800,-1.8369509609570622,1.8625673055,1.7941043471999998,3.3812902155181312
2006-08-10 04:00:00,1.905513544,1.952510849,1.888943686,1.930216789,1.930216789,697760000,0.7548290178854389,1.8803722023000002,1.7966952252,3.338079711133362
2006-08-11 04:00:00,1.90491026,1.932024498,1.885328068,1.917563558,1.917563558,777529200,-0.6555341903618728,1.89992441525,1.79758697746,3.225088843086184
2006-08-14 04:00:00,1.929614023,1.964862647,1.916057509,1.92629981,1.92629981,717620400,0.4555912612936641,1.9173526822499998,1.79896073816,3.187792738748519
2006-08-15 04:00:00,1.968477528,2.003424886,1.952209749,2.001918316,2.001918316,861352800,3.9255834220323083,1.9377635061,1.8028470849799998,3.2519337449518537
2006-08-16 04:00:00,2.021500898,2.050723042,1.998303223,2.04801178,2.04801178,781284000,2.302464772493762,1.95867140285,1.8078239989199998,3.252533977011105
2006-08-17 04:00:00,2.048614207,2.068498274,2.023910967,2.036262989,2.036262989,581148400,-0.5736681358346485,1.9693513511999998,1.81326488256,2.0947733524894803
2006-08-18 04:00:00,2.039877731,2.060665218,2.026321015,2.045903206,2.045903206,536354000,0.47342691253915437,1.98018192645,1.817572999,2.094330287907754
2006-08-21 04:00:00,2.027525346,2.027827424,1.992880074,2.005232096,2.005232096,526226400,-1.9879293351085514,1.98792452215,1.8219835424399997,2.165795709432085
2006-08-22 04:00:00,2.008847396,2.058254876,2.003424268,2.037166119,2.037166119,576968000,1.5925350019931228,1.99649552705,1.82838244678,2.179965728432385
2006-08-23 04:00:00,2.048613701,2.068196691,2.016679496,2.027827024,2.027827024,536258800,-0.4584356137134482,2.0016773045000003,1.8337931966799998,2.0947302549667057
2006-08-24 04:00:00,2.045301015,2.054338826,1.996495869,2.042891026,2.042891026,655191600,0.7428642493522597,2.0083202541,1.83993905306,2.0829249333965634
2006-08-25 04:00:00,2.02873084,2.080247039,2.027827421,2.071209431,2.071209431,543958800,1.3861926377662925,2.0130802572,1.8455847954799998,1.9693260839253723
2006-08-28 04:00:00,2.063677763,2.06699117,2.008847162,2.01788497,2.01788497,738161200,-2.5745566914618934,2.0116039932,1.85126066208,1.8985624558231218
2006-08-29 04:00:00,2.018186999,2.026321391,1.961850003,2.002822638,2.002822638,947332400,-0.7464415575680672,2.01054952745,1.8568521952800001,1.8885063657271763
2006-08-30 04:00:00,2.028730761,2.043191698,2.0088475,2.017282963,2.017282963,680142400,0.7219972815186493,2.0087419093,1.8625702452800001,1.8648652590084345
2006-08-31 04:00:00,2.026923751,2.057653277,2.008244975,2.044095755,2.044095755,574697200,1.3291537425233146,2.0061209262,1.8685895514800002,1.8252802425619445
2006-09-01 04:00:00,2.063075937,2.068197995,2.043192667,2.060063601,2.060063601,408494800,0.7811691776640872,2.00624141105,1.87389188056,1.7875572502734054
2006-09-05 04:00:00,2.077837156,2.154057604,2.065184061,2.153455257,2.153455257,1012457600,4.533435567458488,2.0126734793999996,1.8815139365600002,2.0076210018799596
2006-09-06 04:00:00,2.141404673,2.159782374,2.099830498,2.109771729,2.109771729,974103200,-2.028531953844992,2.02058175815,1.8881659126800003,1.870234268727301
2006-09-07 04:00:00,2.126944543,2.213709176,2.116400162,2.193222761,2.193222761,1267957600,3.95545313518606,2.0344550909,1.89742686514,1.9512206658917604
2006-09-08 04:00:00,2.210394699,2.216420174,2.166409538,2.184787035,2.184787035,895921600,-0.38462695855635554,2.0471836031999997,1.9073686695399998,1.966006494032406
2006-09-11 04:00:00,2.182075159,2.221239322,2.151646724,2.184184074,2.184184074,949124400,-0.027598159012320878,2.060514629,1.9155209589199997,1.9491783884675746
2006-09-12 04:00:00,2.193524093,2.212805012,2.152552066,2.188101768,2.188101768,1684687200,0.17936647586782595,2.0736047269,1.92477588416,1.951761228016029
2006-09-13 04:00:00,2.194729248,2.239015485,2.178159594,2.2354002,2.2354002,1146138000,2.1616193858858823,2.0852788211,1.93456706524,1.8324998229334766
2006-09-14 04:00:00,2.220939548,2.249560157,2.213106228,2.23449707,2.23449707,801729600,-0.040401266851441964,2.0946030856,1.9449125885999998,1.7902452167038982
2006-09-15 04:00:00,2.247450865,2.258898664,2.207984809,2.232387781,2.232387781,981853600,-0.09439658831149611,2.1044093252,1.9559570384,1.7789690734160897
2006-09-18 04:00:00,2.223349478,2.255283695,2.208286191,2.226061344,2.226061344,705278000,-0.2833932820204721,2.1134172321,1.9670979070599999,1.7870512212865324
2006-09-19 04:00:00,2.23238752,2.240219832,2.19322234,2.222445488,2.222445488,710049200,-0.16243290014203993,2.1242779017,1.97840746164,1.7011871217646277
2006-09-20 04:00:00,2.240823339,2.27998752,2.236002355,2.267334223,2.267334223,822791200,2.0197901474918067,2.1357863069,1.9902231383400002,1.717844565767602
2006-09-21 04:00:00,2.267032384,2.29143535,2.229976127,2.248955965,2.248955965,794124800,-0.8105667798584792,2.1468427539499997,2.00329205752,1.7304877463742778
2006-09-22 04:00:00,2.238412497,2.239617995,2.186595217,2.199248314,2.199248314,665112000,-2.2102545258150474,2.15466061835,2.01579464674,1.8344935262413369
2006-09-25 04:00:00,2.223650284,2.285410598,2.220939222,2.282096386,2.282096386,858992400,3.767108583082912,2.1652049661,2.03090618848,1.9747566437190498
2006-09-26 04:00:00,2.295051305,2.343254111,2.292641114,2.338132858,2.338132858,1102948000,2.4554822637539386,2.1812173605000003,2.0461141562400003,1.880038566890477
2006-09-27 04:00:00,2.324875854,2.333914468,2.284204906,2.301980257,2.301980257,810373200,-1.5462167120359527,2.19617524145,2.0602797246,1.9217168724846205
2006-09-28 04:00:00,2.320356758,2.334215349,2.288121478,2.320055485,2.320055485,723609600,0.785203432785142,2.21131386755,2.0740837574,1.9217795578595824
2006-09-29 04:00:00,2.323068675,2.335419891,2.310113503,2.319152117,2.319152117,405812400,-0.038937344638567684,2.22506668565,2.0840135193,1.9232648680672713
2006-10-02 04:00:00,2.262514366,2.285711843,2.238412464,2.255283594,2.255283594,712639200,-2.753960058584637,2.2348276853,2.09253335716,2.067656616412096
2006-10-03 04:00:00,2.242932592,2.257995679,2.204972897,2.231785059,2.231785059,790708800,-1.0419326005171037,2.2387441754,2.1001614547,1.8565888510845159
2006-10-04 04:00:00,2.232387535,2.273359352,2.204068007,2.270949364,2.270949364,829082800,1.75484215391013,2.2468030571499997,2.10826552156,1.8102710664501231
2006-10-05 04:00:00,2.245342378,2.294448596,2.233291427,2.254379988,2.254379988,683883200,-0.729623313609018,2.2498609185,2.11486929182,1.6165895098796603
2006-10-06 04:00:00,2.242027682,2.260706452,2.223650185,2.236002207,2.236002207,466958800,-0.8152033418423077,2.2524216771,2.1213886952800003,1.6269175402272524
2006-10-09 04:00:00,2.223349353,2.261911993,2.215214961,2.248354673,2.248354673,438222400,0.5524353223502976,2.25563020705,2.1268356013600003,1.629158207134507
2006-10-10 04:00:00,2.245643441,2.246847933,2.201658274,2.223650455,2.223650455,531588400,-1.0987687261564072,2.2574076414,2.13036040546,1.6531443133781767
2006-10-11 04:00:00,2.21190116,2.228772086,2.187196916,2.206176758,2.206176758,571855200,-0.7858113203318307,2.2559464693000004,2.13400570156,1.5892178744317467
2006-10-12 04:00:00,2.217625661,2.271250983,2.217323784,2.267334223,2.267334223,592855200,2.7721017719107177,2.25758832695,2.1382836795,1.7102936011965246
2006-10-13 04:00:00,2.278480872,2.316139287,2.251668716,2.260104179,2.260104179,684196800,-0.31887861642356796,2.25897414685,2.14155545474,1.7122805842912423
2006-10-16 04:00:00,2.265225062,2.286012546,2.253174114,2.271551609,2.271551609,508692800,0.5065001032414918,2.2612486600999997,2.1458334088399997,1.7126752476287865
2006-10-17 04:00:00,2.260706347,2.267635241,2.230579779,2.238111019,2.238111019,480925200,-1.472147490178355,2.2620319366499997,2.1500993514199997,1.7485074692675489
2006-10-18 04:00:00,2.251969636,2.270648406,2.226663246,2.245342016,2.245342016,1133907600,0.32308482191516497,2.2609323263,2.1559740686599995,1.6879971203998905
2006-10-19 04:00:00,2.387841252,2.408628742,2.354702542,2.37970686,2.37970686,1512977200,5.984159341540618,2.26746987105,2.16525308374,2.145515241517431
2006-10-20 04:00:00,2.379103733,2.409833245,2.370065924,2.408627748,2.408627748,639413600,1.21531304910385,2.27793884275,2.17482130292,2.069587060499705
2006-10-23 04:00:00,2.409834156,2.467375841,2.402603183,2.454120398,2.454120398,832507200,1.8887372711609451,2.28654004335,2.18555243972,1.951620817275671
2006-10-24 04:00:00,2.446588147,2.460748014,2.416160503,2.441768169,2.441768169,463212400,-0.5033261208401529,2.2917218088999998,2.1958618069,1.897551437162817
2006-10-25 04:00:00,2.450806434,2.470388631,2.440563325,2.460748672,2.460748672,485214800,0.7773261704764112,2.29966022965,2.20503841402,1.8534460242325947
2006-10-26 04:00:00,2.46737634,2.488465108,2.444178857,2.476113081,2.476113081,432756800,0.624379449019985,2.3074631094500004,2.21360044004,1.8518069111929178
2006-10-27 04:00:00,2.462856979,2.483945743,2.410436545,2.422487497,2.422487497,594966400,-2.1657162757018567,2.31262987845,2.2213249301999998,1.934071488171444
2006-10-30 05:00:00,2.409833537,2.437248842,2.395071527,2.422787905,2.422787905,499917600,0.012400807037060702,2.321005094,2.22886262418,1.8035244830644352
2006-10-31 05:00:00,2.453818829,2.460747723,2.417063635,2.442671299,2.442671299,501474400,0.8206824030682291,2.3315494059999997,2.2376114082400003,1.774416549374574
2006-11-01 05:00:00,2.44327516,2.451710625,2.36072734,2.384829044,2.384829044,611192400,-2.3679917565527564,2.3372433900000003,2.24456466674,1.8546145313098052
2006-11-02 05:00:00,2.377597856,2.389648605,2.364944559,2.379405499,2.379405499,465483200,-0.22741860736914532,2.3434946655499997,2.25159623624,1.8438650944244
2006-11-03 05:00:00,2.39085363,2.39597488,2.343554261,2.358617544,2.358617544,431888800,-0.8736617196495877,2.3496254324,2.2579107666000002,1.845748140146005
2006-11-06 05:00:00,2.378501309,2.411942082,2.362834877,2.401397705,2.401397705,434576800,1.8137811748592636,2.3572775839999998,2.26451453208,1.8767224347170293
2006-11-07 05:00:00,2.423692035,2.440261893,2.414051876,2.425499678,2.425499678,525932400,1.0036643638751341,2.36737004515,2.27266682624,1.8502177906363317
2006-11-08 05:00:00,2.410736793,2.491174858,2.406820235,2.483944893,2.483944893,690916800,2.4096154507920797,2.3812584519,2.28228927134,1.8755553882438938
2006-11-09 05:00:00,2.497502391,2.551429393,2.474003638,2.510758638,2.510758638,923053600,1.07948228141308,2.39342967265,2.29215878484,1.809954347242879
2006-11-10 05:00:00,2.517084821,2.518590587,2.485451883,2.504129648,2.504129648,373864400,-0.2640233871815001,2.4056309461,2.3013594627,1.808646948251574
2006-11-13 05:00:00,2.507142022,2.544197475,2.489668754,2.541185141,2.541185141,450674000,1.4797753394915292,2.4191126227,2.3109818934999997,1.8210538440675128
2006-11-14 05:00:00,2.554742414,2.560767889,2.527629185,2.560767889,2.560767889,588954800,0.7706147688355314,2.4352454662,2.3191281461399997,1.7560635397394215
2006-11-15 05:00:00,2.562274974,2.587882644,2.530642029,2.5321486,2.5321486,655323200,-1.117605743298189,2.4495857954,2.3275756835599997,1.8008854967842987
2006-11-16 05:00:00,2.556851612,2.599933359,2.549320371,2.57914567,2.57914567,693940800,1.8560154802921058,2.4595577359,2.33529414174,1.3279505035596693
2006-11-17 05:00:00,2.56498588,2.589087781,2.560768047,2.586375713,2.586375713,466424000,0.28032705108897993,2.46844513415,2.3433259153,1.3145575679653319
2006-11-20 05:00:00,2.572819561,2.621022368,2.566794085,2.605054855,2.605054855,570794000,0.7222130143780925,2.475991857,2.35174333092,1.268455633100772
2006-11-21 05:00:00,2.633674767,2.669224262,2.624335081,2.669224262,2.669224262,622666800,2.4632650969647285,2.48736466165,2.3613657808,1.3401932279352935
2006-11-22 05:00:00,2.680972996,2.733995757,2.646628801,2.720740318,2.720740318,671941200,1.9300010393806133,2.50036424395,2.3710725831599997,1.3790132278002853
2006-11-24 05:00:00,2.697242683,2.804192674,2.696339264,2.760508776,2.760508776,518677600,1.461677828526975,2.5145840287,2.38159281728,1.395203380824166
2006-11-27 05:00:00,2.787020038,2.806602027,2.696338653,2.697543144,2.697543144,1074836000,-2.280943011209613,2.52833681105,2.39089592454,1.4072130013991428
2006-11-28 05:00:00,2.722247009,2.770750868,2.708689491,2.765930891,2.765930891,1036173600,2.535186402935241,2.54549396035,2.40169331548,1.4683600971247122
2006-11-29 05:00:00,2.801782142,2.806301047,2.718933067,2.765629292,2.765629292,1157083200,-0.010904068535533273,2.56164186,2.41255699156,1.4757650303255205
2006-11-30 05:00:00,2.777981282,2.792140946,2.743335809,2.761411428,2.761411428,870486400,-0.15251010004125876,2.5804709792000002,2.42243853566,1.3127861561048604
2006-12-01 05:00:00,2.765629137,2.781596645,2.71441401,2.751169205,2.751169205,795079600,-0.3709053600686407,2.5990591645000003,2.43248280046,1.3187524408125508
2006-12-04 05:00:00,2.768040053,2.773161103,2.726464882,2.745143652,2.745143652,709536800,-0.21901789933710392,2.6183854699,2.44340070722,1.2843529219147407
2006-12-05 05:00:00,2.761110436,2.781596648,2.737611688,2.749662638,2.749662638,662838400,0.16461746898774887,2.63579871655,2.45275203226,1.2665953310248532
2006-12-06 05:00:00,2.730682726,2.753277853,2.701459777,2.706279755,2.706279755,638184400,-1.577752935958543,2.6498377204,2.4601149702000003,1.3606653876638792
2006-12-07 05:00:00,2.712304781,2.726464443,2.61800793,2.622225761,2.622225761,1004827600,-3.1058871073733507,2.6567517638,2.46651988028,1.5157222635628516
2006-12-08 05:00:00,2.627950766,2.693024693,2.621021871,2.658981562,2.658981562,784277200,1.4017023837788356,2.6641629100000004,2.47329840182,1.526318462530256
2006-12-11 05:00:00,2.678263108,2.690314062,2.652655636,2.673744202,2.673744202,499780400,0.5551990360134651,2.6726436377,2.48039024352,1.5214182922651949
2006-12-12 05:00:00,2.669525357,2.67645425,2.576735067,2.595112562,2.595112562,1026620000,-2.94088117858029,2.67534000875,2.48718682288,1.6616564569902608
2006-12-13 05:00:00,2.649641004,2.68338285,2.625539914,2.682780504,2.682780504,857052000,3.3781941979594166,2.6814406395000003,2.49620673178,1.8111173867111967
2006-12-14 05:00:00,2.682781219,2.711402024,2.658981397,2.667717934,2.667717934,832330800,-0.5614536849936846,2.6882191062,2.50414210318,1.7932179488848492
2006-12-15 05:00:00,2.68187709,2.687902564,2.630963046,2.642712116,2.642712116,739939200,-0.9373486484947069,2.6913974285,2.51190874574,1.772373940555565
2006-12-18 05:00:00,2.640002262,2.651148992,2.548416626,2.574928522,2.574928522,721576800,-2.564925388187844,2.69082506895,2.5186872720399998,1.871651087153933
2006-12-19 05:00:00,2.552633353,2.611380518,2.51919338,2.600233793,2.600233793,911405600,0.982756250660688,2.69058401585,2.52572485444,1.8778792688208037
2006-12-20 05:00:00,2.605054288,2.611079764,2.552935738,2.553538084,2.553538084,567691600,-1.7958273262084434,2.68479970695,2.5323226070200002,1.8254981178696519
2006-12-21 05:00:00,2.551731089,2.575229644,2.476414037,2.497502804,2.497502804,903599200,-2.1944172421436314,2.67363783125,2.53814912794,1.8044056218333946
2006-12-22 05:00:00,2.514373663,2.531847747,2.45833834,2.476413965,2.476413965,613303600,-0.844397009934239,2.6594330907,2.54233072278,1.7512946417462318
2006-12-26 05:00:00,2.474907733,2.487561031,2.436948043,2.455626011,2.455626011,490688800,-0.8394377633870187,2.64733723405,2.54624115942,1.7043436773699947
2006-12-27 05:00:00,2.354400426,2.470388224,2.312826251,2.455928087,2.455928087,1935754800,0.012301384602020349,2.63183709385,2.54992868898,1.5585143148313352
2006-12-28 05:00:00,2.416762672,2.447793465,2.399590672,2.436344862,2.436344862,1119876800,-0.7973859293218144,2.61537287235,2.55389336584,1.5532849053263764
2006-12-29 05:00:00,2.529135293,2.572819187,2.511360944,2.555948257,2.555948257,1076429200,4.9091324001569125,2.6050997138,2.5601054906600003,1.9856944548956852
2007-01-03 05:00:00,2.59963151,2.608368247,2.467375168,2.524615765,2.524615765,1238319600,-1.2258656611764063,2.5937720418,2.56300366876,1.994957640334309
2007-01-04 05:00:00,2.532148168,2.589388774,2.52521847,2.580652237,2.580652237,847260400,2.219603980013951,2.58554747105,2.56644415854,2.0799599217144706
2007-01-05 05:00:00,2.583966043,2.596920414,2.54269294,2.562274933,2.562274933,834741600,-0.7121185774865757,2.5761780857999996,2.5686072492400003,2.0791550814931363
2007-01-08 05:00:00,2.589690538,2.606862744,2.569204118,2.574928522,2.574928522,797106800,0.4938419697680496,2.56961052415,2.5712704563,2.0653803491921927
2007-01-09 05:00:00,2.604451365,2.801178247,2.56528619,2.788826227,2.788826227,3349298400,8.306937577974448,2.57794054745,2.5778320073999996,2.7058285408386764
2007-01-10 05:00:00,2.854503675,2.946389549,2.815338693,2.922288656,2.922288656,2952880000,4.785612947407225,2.59110590215,2.5867555189,2.8760072786512345
2007-01-11 05:00:00,2.890353886,2.915660272,2.865047501,2.886136055,2.886136055,1440252800,-1.237133125975487,2.6017254948,2.5960284900599997,2.9023768766856946
2007-01-12 05:00:00,2.849682705,2.863842571,2.808710885,2.85058713,2.85058713,1312690400,-1.2317134162270094,2.6144992232,2.6045844745599998,2.8222075634192105
2007-01-16 05:00:00,2.882521373,2.929819742,2.87559248,2.925300837,2.925300837,1244076400,2.6209936266708533,2.62662523985,2.6142370653199998,2.7865209560614654
2007-01-17 05:00:00,2.9391602,2.940364692,2.856613191,2.860528946,2.860528946,1646260000,-2.214195893316251,2.63626579045,2.6237510633600003,2.8426444564352304
2007-01-18 05:00:00,2.774668292,2.774969566,2.682781595,2.683383942,2.683383942,2364605600,-6.192735936048111,2.6382993817499996,2.62983063222,3.192821792514593
2007-01-19 05:00:00,2.670128127,2.700857647,2.654763567,2.666211367,2.666211367,1364473600,-0.6399596692525766,2.642863524,2.63598250868,3.1360044247575205
2007-01-22 05:00:00,2.685493125,2.686096276,2.580351577,2.614695787,2.614695787,1454026000,-1.9321641426337743,2.6435866237,2.6402484703199995,3.1662934783946968
2007-01-23 05:00:00,2.582761428,2.636386557,2.576133807,2.581857204,2.581857204,1207424400,-1.2559236590073075,2.6450025797,2.64337562084,3.151775970146315
2007-01-24 05:00:00,2.61138134,2.625541008,2.593305717,2.611984491,2.611984491,927813600,1.1668843247149674,2.65072666405,2.6459364128,3.1122737153257756
2007-01-25 05:00:00,2.624335559,2.666211609,2.591798997,2.598426819,2.598426819,905973600,-0.519056374443061,2.6568273067500003,2.64768977642,3.1069903705367463
2007-01-26 05:00:00,2.62433453,2.632167645,2.560466123,2.572215796,2.572215796,986874000,-1.0087266190581978,2.662656796,2.6490514993799996,3.110446132233687
2007-01-29 05:00:00,2.599932459,2.610476837,2.576734789,2.589087009,2.589087009,901664400,0.6559019280666822,2.6693147421,2.6500095367399994,3.1108881948129565
2007-01-30 05:00:00,2.60384963,2.605657273,2.568299932,2.577337742,2.577337742,577970400,-0.4537996196789851,2.6763643861,2.6503409338,3.1053971931696425
2007-01-31 05:00:00,2.556550433,2.590895441,2.541186074,2.582761049,2.582761049,856069200,0.21042282940346713,2.6777050257000004,2.65135318278,2.91220657224611
2007-02-01 05:00:00,2.597823697,2.599028188,2.552935123,2.552935123,2.552935123,664342000,-1.154807798094526,2.6791209936000002,2.6508289718399998,2.910557238066125
2007-02-02 05:00:00,2.534257354,2.568300286,2.521604056,2.5532372,2.5532372,621530000,0.011832537273592791,2.67775024175,2.65016620158,2.8672976785621644
2007-02-05 05:00:00,2.539680276,2.567698745,2.52883482,2.52883482,2.52883482,578852400,-0.9557427723518863,2.6760782361,2.64864180088,2.8709303539832423
2007-02-06 05:00:00,2.544197395,2.544800546,2.496296495,2.535159588,2.535159588,864393600,0.25010601522799103,2.6740897894,2.6459605074,2.869119026775917
2007-02-07 05:00:00,2.54510292,2.602343534,2.517085261,2.595414639,2.595414639,1066825200,2.3767754616006442,2.66441921,2.6434539938199997,2.186365430339621
2007-02-08 05:00:00,2.573723382,2.60626076,2.573121237,2.596318722,2.596318722,679030800,0.03483385607889744,2.6481207133,2.64017019274,1.8296247361577027
2007-02-09 05:00:00,2.587280277,2.596920435,2.506842183,2.508649826,2.508649826,860540800,-3.3766615499527974,2.6292464018499997,2.63639232638,1.930255188900654
2007-02-12 05:00:00,2.543595469,2.566190795,2.519494378,2.557152987,2.557152987,724071600,1.9334368829521775,2.6145746947,2.6322167682999997,2.0107477197086214
2007-02-13 05:00:00,2.565588508,2.569504261,2.53967897,2.551729918,2.551729918,580986000,-0.21207448391119543,2.5958961487499996,2.62793878082,1.8727213494748982
2007-02-14 05:00:00,2.549621436,2.580049079,2.547813592,2.569806576,2.569806576,507981600,0.7084079656113573,2.58136003025,2.6241066837799996,1.8593528230234593
2007-02-15 05:00:00,2.574024741,2.579447066,2.554140671,2.567095041,2.567095041,363661200,-0.10551513975112226,2.5755455852,2.6204252005,1.2936532997060533
2007-02-16 05:00:00,2.56830071,2.573120891,2.550525554,2.555647612,2.555647612,399868000,-0.44592930207759673,2.57001739745,2.6166352796999996,1.2910100201133332
2007-02-20 05:00:00,2.550224569,2.595716116,2.535462352,2.587882996,2.587882996,617702400,1.261339155235608,2.5686767578999996,2.6133996868600002,1.2631530339769923
2007-02-21 05:00:00,2.590291577,2.696036024,2.589689231,2.68729949,2.68729949,1155313600,3.841614715721886,2.5739488722,2.61302008156,1.4981512398429317
2007-02-22 05:00:00,2.735502157,2.73580323,2.667115046,2.696639061,2.696639061,838224800,0.347544850685777,2.5781816007,2.61450834756,1.481748385875367
2007-02-23 05:00:00,2.686096009,2.721645512,2.676756119,2.683383942,2.683383942,517893600,-0.4915422012423343,2.58242945685,2.61499639516,1.4810876002980413
2007-02-26 05:00:00,2.706580891,2.711401874,2.63939906,2.666512489,2.666512489,615848800,-0.6287379430103157,2.5871442915000005,2.6148517609000006,1.467527702613226
2007-02-27 05:00:00,2.599934197,2.623432755,2.51286826,2.528533697,2.528533697,1145813200,-5.1745038723499555,2.5841166258999997,2.6135201836000004,1.8888117518193057
2007-02-28 05:00:00,2.500515231,2.578844395,2.500515231,2.549019098,2.549019098,919475200,0.8101691911128306,2.5827006937,2.61084495548,1.897517033425478
2007-03-01 05:00:00,2.531545362,2.660488334,2.523109897,2.622829914,2.622829914,1415528800,2.8956556684064383,2.5847041369499997,2.60994719508,2.0078095530076054
2007-03-02 05:00:00,2.614092743,2.637290419,2.567094642,2.573120117,2.573120117,860000400,-1.895273373796047,2.58571338665,2.6085553551,2.038683515358086
2007-03-05 05:00:00,2.587580987,2.670730125,2.583664227,2.600535154,2.600535154,838899600,1.065439456901962,2.58807828435,2.60906748774,2.0509685255176544
2007-03-06 05:00:00,2.645123309,2.660488475,2.633073161,2.656872988,2.656872988,723186800,2.1663938637147107,2.5944801927500003,2.61020027164,2.083977016193448
2007-03-07 05:00:00,2.652654147,2.680370521,2.634577727,2.642712116,2.642712116,626284400,-0.5329901754415278,2.5998578191500004,2.6119837522799996,2.091674760840818
2007-03-08 05:00:00,2.668923951,2.672839706,2.63488001,2.651148796,2.651148796,511011200,0.3192432482115981,2.602644527,2.6150566721199997,2.0301693288214575
2007-03-09 05:00:00,2.675250311,2.676756076,2.633072986,2.65024519,2.65024519,451836000,-0.034083564127496135,2.6053408504,2.6185332966199995,2.0303907639820715
2007-03-12 04:00:00,2.653257398,2.711101163,2.650847409,2.707485676,2.707485676,729408400,2.1598185034343853,2.6152826429,2.62357048992,1.9015240505057127
2007-03-13 04:00:00,2.693626869,2.729477644,2.663199425,2.663199425,2.663199425,867890800,-1.635696594540359,2.6205849648,2.6277159166800006,1.9173946336894643
2007-03-14 04:00:00,2.66922442,2.711401939,2.648738208,2.711401939,2.711401939,796586000,1.809947597146233,2.62856856585,2.63321705822,1.946448308419999
2007-03-15 04:00:00,2.710196097,2.722247046,2.69061391,2.698447227,2.698447227,559498800,-0.4777864843151125,2.6350005984000004,2.63606703762,1.9521204155462109
2007-03-16 04:00:00,2.69754338,2.7111009,2.690915759,2.69904995,2.69904995,571704000,0.022335919486193845,2.64159834385,2.6395557213200003,1.9510600258599442
2007-03-19 04:00:00,2.718631579,2.758097831,2.699049391,2.745444536,2.745444536,712961200,1.7189228380156463,2.65108819005,2.6428515672999997,1.969267187366242
2007-03-20 04:00:00,2.752073945,2.766835963,2.743337203,2.755990505,2.755990505,488916400,0.3841260991331197,2.6594935655,2.64672587874,1.9582814286959545
2007-03-21 04:00:00,2.77135347,2.831908282,2.761110364,2.827991724,2.827991724,686896000,2.612535089267287,2.6665281772,2.6517871427800004,1.8591754062934966
2007-03-22 04:00:00,2.823774127,2.842753768,2.801781949,2.83070302,2.83070302,561492400,0.09587354789586389,2.6732313751500003,2.6526246786399996,1.859489395435988
2007-03-23 04:00:00,2.812325898,2.834016799,2.810819328,2.817446947,2.817446947,450884000,-0.46829614079402226,2.6799345254,2.6505278444599996,1.859002443228736
2007-03-26 04:00:00,2.831607279,2.889148953,2.810819793,2.887642384,2.887642384,864987200,2.4914555028176633,2.69099102015,2.65055797104,1.9106431066300216
2007-03-27 04:00:00,2.883424116,2.917165962,2.862034289,2.875892878,2.875892878,932052800,-0.406889234799368,2.7083589792,2.651064086,1.4075203244539185
2007-03-28 04:00:00,2.858419421,2.874085856,2.806300875,2.809011936,2.809011936,942337200,-2.325571390771397,2.7213586211000003,2.6487383079799995,1.5561342658890776
2007-03-29 04:00:00,2.837632312,2.837632312,2.778584077,2.824375868,2.824375868,725723600,0.5469514672792108,2.7314359188,2.64801524642,1.450744966638993
2007-03-30 04:00:00,2.840343779,2.852394729,2.794249904,2.799069881,2.799069881,600558000,-0.8959851019375797,2.7427334070000002,2.6503289652,1.3838971281065051
2007-04-02 04:00:00,2.836126415,2.839439823,2.802384558,2.821364403,2.821364403,501992400,0.7964975133823771,2.75377486945,2.65343202592,1.3787026325714946
2007-04-03 04:00:00,2.836126298,2.868963929,2.824677694,2.84697175,2.84697175,583934400,0.9076228144358378,2.76327980755,2.65807754518,1.32223019214627
2007-04-04 04:00:00,2.860227405,2.86625288,2.835825235,2.840043068,2.840043068,476784000,-0.2433702406776539,2.7731463551499997,2.6632412624599997,1.3135575234396855
2007-04-05 04:00:00,2.835523181,2.852394104,2.817446761,2.852394104,2.852394104,355516000,0.4348890388024218,2.78320862055,2.6680494547199998,1.3135820466964125
2007-04-09 04:00:00,2.868361701,2.871072763,2.802986703,2.821364403,2.821364403,413341600,-1.0878476069097975,2.7917645812,2.6725082064,1.3514281837571054
2007-04-10 04:00:00,2.82196612,2.83974147,2.814133003,2.839439392,2.839439392,352466800,0.6406470919098739,2.798362267,2.67785267832,1.2836891467738354
2007-04-11 04:00:00,2.828894669,2.830401239,2.781596109,2.789429426,2.789429426,549018400,-1.7612619639250315,2.80467376705,2.68185952666,1.2936450626077935
2007-04-12 04:00:00,2.772861083,2.780995477,2.733093741,2.77737999,2.77737999,656675600,-0.43196776687333127,2.8079726696000002,2.6858603716200005,1.2467043459092808
2007-04-13 04:00:00,2.73851557,2.753578853,2.713209183,2.718631506,2.718631506,719941600,-2.1152483351764895,2.8089818835499996,2.6885777807599998,1.338913912735526
2007-04-16 04:00:00,2.728574008,2.756591662,2.718933047,2.754482746,2.754482746,609033600,1.318723774107533,2.81175352335,2.69260873322,1.368767164250253
2007-04-17 04:00:00,2.771654557,2.780693172,2.702363209,2.721946001,2.721946001,751920400,-1.1812288549365224,2.8105785966,2.6959829092399996,1.3427871038959507
2007-04-18 04:00:00,2.716221649,2.737009133,2.699350723,2.723451614,2.723451614,464044000,0.05531384529475769,2.80895165205,2.69987524512,1.3394015590392645
2007-04-19 04:00:00,2.717125273,2.749060289,2.706279821,2.719536066,2.719536066,425913600,-0.14377152800777449,2.80352886915,2.7035627746800004,1.183683899356448
2007-04-20 04:00:00,2.738214111,2.746951452,2.727971608,2.740624905,2.740624905,522779600,0.7754572282991701,2.7990249634,2.70646698,1.201896151068687
2007-04-23 04:00:00,2.759302316,2.825882598,2.754181266,2.817146063,2.817146063,780290000,2.7921062039681255,2.7990099192,2.71088352682,1.3669078960938434
2007-04-24 04:00:00,2.830703042,2.903911151,2.750566039,2.809011936,2.809011936,1055252800,-0.2887364310581009,2.7950783968,2.71689076902,1.2362112750634724
2007-04-25 04:00:00,2.838838186,2.874086823,2.825883814,2.872580051,2.872580051,1187144000,2.263006225972819,2.7949127554500004,2.7231993103,1.3442507536195771
2007-04-26 04:00:00,3.060268446,3.087984825,2.961452872,2.977721453,2.977721453,1737778000,3.6601730894635365,2.8033482312999998,2.7317191410000006,1.4599326615474804
2007-04-27 04:00:00,2.957837203,3.011161229,2.943075197,3.010257006,3.010257006,699403600,1.0926325216625177,2.8126422882,2.7405281496,1.469815004411786
2007-04-30 04:00:00,3.015379114,3.042794414,3.002726022,3.00664258,3.00664258,616509600,-0.12007034591384746,2.8230209231499996,2.74931910038,1.4458133131710311
2007-05-01 04:00:00,3.000316249,3.023212647,2.968984389,2.996700764,2.996700764,532523600,-0.33066171769575714,2.8317877412000003,2.7581401634200002,1.4502003899705411
2007-05-02 04:00:00,3.002124861,3.028937021,2.996701732,3.024418116,3.024418116,505145200,0.924928919596324,2.8406600595000002,2.76687086582,1.450579717446757
2007-05-03 04:00:00,3.034661033,3.056351938,3.012969927,3.024719,3.024719,576077600,0.009948492187916713,2.8498938561,2.77361925602,1.4465692976848705
2007-05-04 04:00:00,3.036769477,3.06087057,3.027731869,3.037070751,3.037070751,381987200,0.40836028074011654,2.85912768845,2.78042788982,1.4464757303001154
2007-05-07 04:00:00,3.04520557,3.143720084,3.043096854,3.130765915,3.130765915,861557200,3.0850504213360663,2.87459776405,2.78937552928,1.5306134072555635
2007-05-08 04:00:00,3.117207644,3.16782042,3.115701074,3.165109158,3.165109158,783997200,1.096959783401763,2.89088125235,2.79934746266,1.535700139282839
2007-05-09 04:00:00,3.160591569,3.22235089,3.159988418,3.219940901,3.219940901,717757600,1.7323807888713683,2.9124068261,2.81317560674,1.4548758098711585
2007-05-10 04:00:00,3.212408668,3.27898897,3.191018832,3.233798504,3.233798504,1197257600,0.43036824047597566,2.9352277518,2.82687119486,1.4312075928005226
2007-05-11 04:00:00,3.245849568,3.287725822,3.216927685,3.275975943,3.275975943,653696400,1.3042692347043028,2.96309497365,2.8399341154399997,1.2622539413831264
2007-05-14 04:00:00,3.302486532,3.313934328,3.26121264,3.294653416,3.294653416,651946400,0.5701346201857582,2.99010350715,2.85436478142,1.261664385170416
2007-05-15 04:00:00,3.300981091,3.319960937,3.207889702,3.239221573,3.239221573,954514400,-1.682478731474557,3.0159672857500004,2.8671385097999997,1.309401466363263
2007-05-16 04:00:00,3.269649281,3.278687897,3.115701992,3.233798504,3.233798504,1126767600,-0.16741889610772942,3.04148463025,2.87867702012,1.317721283319888
2007-05-17 04:00:00,3.22807459,3.310019239,3.22807459,3.297064066,3.297064066,735291200,1.9563854062565778,3.07036103025,2.8917640591200002,1.3163088653264607
2007-05-18 04:00:00,3.320864788,3.333216811,3.307006195,3.31453824,3.31453824,621345200,0.5299919458708002,3.099056697,2.9050318479999997,1.3194143003044632
2007-05-21 04:00:00,3.323274941,3.387745516,3.315441823,3.373586655,3.373586655,639892400,1.781497473385607,3.1268787266,2.9194986773000005,1.2638748004041802
2007-05-22 04:00:00,3.388950549,3.426910235,3.374489813,3.420583487,3.420583487,572409600,1.3930821053713238,3.15745730415,2.9337606335200004,1.2353487643852663
2007-05-23 04:00:00,3.435045543,3.464569572,3.391963791,3.401002407,3.401002407,911374800,-0.5724485332522455,3.18387842195,2.9485166931599998,1.2450668457401486
2007-05-24 04:00:00,3.398591708,3.448299862,3.325082326,3.334722281,3.334722281,887362000,-1.9488409024227993,3.2017284633500003,2.9609831000000004,1.211237814874077
2007-05-25 04:00:00,3.374188523,3.427813637,3.359125239,3.42299366,3.42299366,632959600,2.647038390661116,3.2223652960499996,2.9754740286600003,1.2933098341409734
2007-05-29 04:00:00,3.447999633,3.460351456,3.394976653,3.444987297,3.444987297,645694000,0.6425263726606012,3.2442825319,2.9903927755999997,1.2805144773226278
2007-05-30 04:00:00,3.443480604,3.581460782,3.420283326,3.578147173,3.578147173,1478444800,3.8653226999112444,3.27335485235,3.0070468283400005,1.4383944328737777
2007-05-31 04:00:00,3.617311096,3.680576975,3.601344391,3.651052952,3.651052952,1297066400,2.0375287956329036,3.30468659415,3.02494807728,1.4607363580361141
2007-06-01 04:00:00,3.648341258,3.651052722,3.563685752,3.566998959,3.566998959,885262000,-2.3021849889620527,3.3318005921,3.0397282219800004,1.6221272951795993
2007-06-04 04:00:00,3.573929538,3.667322006,3.55193655,3.655271053,3.655271053,886673200,2.4746879664003796,3.3627106072000004,3.05621958264,1.6585582492798054
2007-06-05 04:00:00,3.65768158,3.696244229,3.630266466,3.695641279,3.695641279,920785600,1.104438642569816,3.3909543753999998,3.07378346928,1.5813015744421357
2007-06-06 04:00:00,3.684495462,3.73721719,3.673951278,3.72486496,3.72486496,1112241200,0.7907607582494425,3.4189421655,3.0905279208,1.5802122111022054
2007-06-07 04:00:00,3.765535595,3.844466918,3.711307115,3.737818003,3.737818003,1915079600,0.3477453045707124,3.4448360205999995,3.1077664233,1.568857536836258
2007-06-08 04:00:00,3.790539802,3.79084188,3.684192963,3.750471592,3.750471592,1241682400,0.33852876169582213,3.470669675,3.1265956164200004,1.5700074878452275
2007-06-11 04:00:00,3.795962159,3.800480862,3.601344154,3.620926142,3.620926142,1874258400,-3.454110951708811,3.4879171849499997,3.1425266219,1.822684310870259
2007-06-12 04:00:00,3.595619305,3.666718694,3.564287643,3.626650095,3.626650095,1426566400,0.15807980542896782,3.5045170188999997,3.15907822618,1.8243873801522263
2007-06-13 04:00:00,3.64984802,3.651052713,3.476619646,3.539885521,3.539885521,1721353200,-2.392416464980196,3.5195502163,3.17344864854,1.875223574916494
2007-06-14 04:00:00,3.530847109,3.598632094,3.50734856,3.577543736,3.577543736,973266000,1.0638257869243661,3.5367374779,3.1880600882600003,1.8736994228508055
2007-06-15 04:00:00,3.633879805,3.635386173,3.610983408,3.630264521,3.630264521,811218800,1.4736587136443102,3.55339750065,3.20386451732,1.8573016287752535
2007-06-18 04:00:00,3.714018492,3.771259312,3.691725435,3.76854825,3.76854825,910604800,3.809191539626644,3.5760980011499997,3.22218760024,1.999486644111118
2007-06-19 04:00:00,3.756496,3.766136759,3.702870886,3.725466013,3.725466013,943026000,-1.1432051321088932,3.59369196905,3.24026963244,2.020213969706224
2007-06-20 04:00:00,3.731792108,3.755591924,3.660391455,3.661897421,3.661897421,897512000,-1.7063259140783438,3.60575766575,3.2567187930199997,2.0677633738635883
2007-06-21 04:00:00,3.666418853,3.744447166,3.636894822,3.732697487,3.732697487,867045200,1.9334257042259217,3.6223424197500003,3.27558415424,2.084037451836346
2007-06-22 04:00:00,3.731191046,3.749267477,3.686904995,3.705583572,3.705583572,631876000,-0.7263892960635121,3.6408854843,3.29414822588,2.025954524106977
2007-06-25 04:00:00,3.741432537,3.768546768,3.647135876,3.685698509,3.685698509,965403600,-0.5366243295726769,3.6540207267500002,3.3134895659400003,1.976835353742592
2007-06-26 04:00:00,3.735106866,3.735709413,3.576640468,3.604658127,3.604658127,1345005200,-2.1987794661475935,3.66200426825,3.33049307356,2.0580767953020245
2007-06-27 04:00:00,3.633580423,3.676661375,3.592909663,3.672142267,3.672142267,974696800,1.8721370410836657,3.6667040229500003,3.34949699888,1.9170636417471123
2007-06-28 04:00:00,3.68630075,3.690217308,3.615201761,3.632072687,3.632072687,838143600,-1.0911772226280148,3.6657550097,3.36766942034,1.882024575770317
2007-06-29 04:00:00,3.674551145,3.735708504,3.648040264,3.676660061,3.676660061,1137841600,1.227601368210185,3.6712380648,3.3868119002399997,1.8201720630911566
2007-07-02 04:00:00,3.646835254,3.678166921,3.594113551,3.653162003,3.653162003,994862400,-0.6391142398301852,3.6711326123000005,3.4050626422,1.7439924242167721
2007-07-03 04:00:00,3.675456004,3.838140223,3.660392717,3.831211329,3.831211329,1162481600,4.873841506447962,3.6779111148000005,3.4253439475199996,2.0458641303938228
2007-07-05 04:00:00,3.880315933,4.005944638,3.87700152,3.999316216,3.999316216,1453051600,4.387773802179629,3.6916336776,3.44915003312,2.2485894032094085
2007-07-06 04:00:00,4.01076577,4.017092518,3.928520046,3.98576045,3.98576045,874694800,-0.3389520925044076,3.70403079995,3.4714136411,2.254341374315454
2007-07-09 04:00:00,3.988171631,4.00383787,3.891766018,3.926412106,3.926412106,995820000,-1.4890093056144416,3.7128278256500002,3.49038745416,2.2913751755303537
2007-07-10 04:00:00,3.88272797,4.052039829,3.880619053,3.987267971,3.987267971,1255007600,1.5499102834112932,3.7311449171,3.50992767346,2.132865284395326
2007-07-11 04:00:00,3.978833931,4.027940375,3.955937514,3.988473892,3.988473892,821772000,0.03024429280327201,3.7492361069499998,3.5295642997,2.134148837648789
2007-07-12 04:00:00,4.032457364,4.044207043,3.988472193,4.039085388,4.039085388,704608800,1.2689438960980848,3.7741961003,3.55041199218,2.0275334186931544
2007-07-13 04:00:00,4.068006434,4.152963216,4.052641876,4.149348736,4.149348736,907606000,2.7299088137029637,3.8027863503,3.57291060458,2.0776943301333386
2007-07-16 04:00:00,4.169233251,4.217134986,4.142420282,4.160496712,4.160496712,936112800,0.26866809008552206,3.82929795985,3.59562615882,2.0735102409832926
2007-07-17 04:00:00,4.166520456,4.20568443,4.14241856,4.184896946,4.184896946,709959600,0.5864740604078378,3.8501153946500004,3.6185826827200005,1.9404614075625934
2007-07-18 04:00:00,4.163207397,4.170739242,4.098434735,4.16109848,4.16109848,756856800,-0.568675078671832,3.871897018,3.63918933402,1.9183118365404874
2007-07-19 04:00:00,4.226773577,4.24213894,4.207191589,4.217735767,4.217735767,732891600,1.361113832614702,3.8996889353,3.6602418662,1.8479267866599958
2007-07-20 04:00:00,4.267445484,4.343665734,4.217736118,4.330711365,4.330711365,1167773600,2.6785840612380873,3.9295896292,3.68245727548,1.8807917039105517
2007-07-23 04:00:00,4.317455359,4.374997844,4.245753813,4.329205036,4.329205036,1036490000,-0.034782484285922344,3.9607707024,3.70436540612,1.8582018289562803
2007-07-24 04:00:00,4.183992834,4.247861241,4.04149321,4.06378746,4.06378746,1795292800,-6.130861758518935,3.9796751499500003,3.7201216364600005,2.4089333357370206
2007-07-25 04:00:00,4.137898687,4.168327325,4.067101389,4.135187626,4.135187626,1496182800,1.7569857356663832,4.006201624899999,3.7369323206600003,2.335474891091977
2007-07-26 04:00:00,4.395784762,4.473813062,4.126151567,4.398496628,4.398496628,2186629200,6.367522487841781,4.0425193429499995,3.7601178217599998,2.648099710425596
2007-07-27 04:00:00,4.404219591,4.486465716,4.331615031,4.333723545,4.333723545,1161098400,-1.4726186803842745,4.07760188585,3.7821163225800003,2.664817480071768
2007-07-30 04:00:00,4.348186292,4.38192816,4.204783152,4.260818481,4.260818481,1106988400,-1.6822730670975394,4.10680980685,3.8013914108800004,2.725914383256819
2007-07-31 04:00:00,4.307210489,4.322575847,3.962260601,3.969490767,3.969490767,1762392800,-6.837365057889688,4.122626245049999,3.8144904614200006,3.2053518226736806
2007-08-01 04:00:00,4.026128121,4.078548519,3.849284145,4.067100525,4.067100525,1750156800,2.4589994971513596,4.134420704849999,3.82836073882,3.0733079672490433
2007-08-02 04:00:00,4.116811861,4.126151751,4.041495021,4.111991882,4.111991882,852644800,1.1037680707437048,4.14005448815,3.8421889067199997,2.9303188244334972
2007-08-03 04:00:00,4.074936728,4.095724221,3.961660577,3.972205162,3.972205162,679187600,-3.3994892016180334,4.13937672375,3.8536129618199997,3.0368413532421257
2007-08-06 04:00:00,4.003837693,4.075237174,3.865254554,4.074635029,4.074635029,925170400,2.5786650694655355,4.1467878699,3.8684112167799998,3.0660162223072103
2007-08-07 04:00:00,4.065293146,4.134584869,3.995700551,4.068004608,4.068004608,949936400,-0.1627242919380656,4.15082470175,3.88131143574,3.0511121148670584
2007-08-08 04:00:00,4.120128255,4.123140592,3.976725079,4.037279129,4.037279129,808096800,-0.7552960716803558,4.1532649636,3.8931572723800003,3.0577168431328543
2007-08-09 04:00:00,3.949909175,4.0068487,3.768546823,3.807711601,3.807711601,1125395600,-5.686194109072218,4.14169627425,3.8977485609399998,3.3040508943758984
2007-08-10 04:00:00,3.709197269,3.848683788,3.624240491,3.765835524,3.765835524,1410749200,-1.0997701871381826,4.12252061365,3.90004421238,3.232960648658757
2007-08-13 04:00:00,3.865857657,3.896888463,3.811027022,3.849890947,3.849890947,752911600,2.232052421416375,4.1069903254,3.90570205214,3.2847967079259397
2007-08-14 04:00:00,3.864952097,3.865252968,3.72697116,3.73661232,3.73661232,739006800,-2.942385344402332,4.0845760941,3.90732887748,3.3271809123349847
2007-08-15 04:00:00,3.697748612,3.761617834,3.604657048,3.612189293,3.612189293,992852000,-3.329835057654573,4.057130634750001,3.90565983776,3.386426131929642
2007-08-16 04:00:00,3.525125301,3.570013903,3.362742497,3.526329994,3.526329994,1866690000,-2.376932437244783,4.0225603461,3.9016891384399996,3.372726176299979
2007-08-17 04:00:00,3.675757606,3.720646196,3.609780252,3.677263975,3.677263975,1195062400,4.280200130356815,3.9898879766,3.9004780578799996,3.4779571561004783
2007-08-20 04:00:00,3.734505165,3.750773549,3.630266429,3.682084322,3.682084322,803317200,0.1310851500673227,3.9575319408999996,3.8991103124799995,3.4799661821961565
2007-08-21 04:00:00,3.681781773,3.885136289,3.645328461,3.84326005,3.84326005,1303047200,4.377295952648197,3.9465055703999994,3.90355699064,3.4172342790047114
2007-08-22 04:00:00,3.953224963,3.999318249,3.926411996,3.992088079,3.992088079,1061765600,3.872442329266801,3.93935059305,3.9108657503199997,3.5131370075143113
2007-08-23 04:00:00,4.009559609,4.017091854,3.909238281,3.948703527,3.948703527,866838000,-1.0867633965347734,3.916860938,3.9190421104400004,3.167362052219875
2007-08-24 04:00:00,3.932436909,4.078249797,3.910745197,4.076140881,4.076140881,911834000,3.2273214012807694,3.9039818048,3.9290140533399995,3.263503018853848
2007-08-27 04:00:00,4.018597485,4.056858434,3.979733587,3.984252691,3.984252691,707439600,-2.254293771550331,3.8901535152999998,3.93609381674,3.2791402450597946
2007-08-28 04:00:00,3.946296462,3.989076955,3.814944255,3.820668459,3.820668459,1179365600,-4.105769505270562,3.8827123999,3.93713622092,3.0399598083011248
2007-08-29 04:00:00,3.912853628,4.042398936,3.902611526,4.039385796,4.039385796,1166860800,5.724582997637162,3.8813266634500003,3.94341461658,3.2665451950143014
2007-08-30 04:00:00,3.996907988,4.165015157,3.985761259,4.1047616,4.1047616,1435582400,1.618459025744401,3.8809651493500006,3.95227190016,3.277571414960794
2007-08-31 04:00:00,4.202371915,4.207192295,4.139708174,4.171943665,4.171943665,876887200,1.6366861598003712,3.8909520744999995,3.96105682372,3.1915736177323497
2007-09-04 04:00:00,4.215929029,4.390362537,4.212916693,4.343063354,4.343063354,1316842800,4.1016778446839375,3.9043734907500003,3.97380641936,3.2662518146318784
2007-09-05 04:00:00,4.367467007,4.393677029,4.100243126,4.120127201,4.120127201,2328222400,-5.133154523170235,3.9069796204,3.9824949932,3.4903339253402623
2007-09-06 04:00:00,4.083974806,4.14452883,3.99811338,4.067404747,4.067404747,1901261600,-1.2796317062056528,3.9084859012999997,3.9917499256,3.499224827621063
2007-09-07 04:00:00,3.977021665,3.985758197,3.916466882,3.969790697,3.969790697,1430576000,-2.399909919758969,3.9165898561,3.9977028942000006,3.283988075904027
2007-09-10 04:00:00,4.127055183,4.158688127,4.035470363,4.118619919,4.118619919,1487838800,3.7490445557361918,3.9342290758500007,4.00743383884,3.3565262705632053
2007-09-11 04:00:00,4.154470762,4.166521714,4.029444951,4.081865788,4.081865788,971885600,-0.8923894829538925,3.9458278179000006,4.01553795338,3.3444605890929737
2007-09-12 04:00:00,4.096929748,4.199661325,4.089699175,4.122838497,4.122838497,1022770000,1.0037740368743275,3.9651391267499996,4.02493148326,3.255476288578713
2007-09-13 04:00:00,4.182487862,4.187609919,4.116811785,4.133381844,4.133381844,656163200,0.2557302937689965,3.9911987542999996,4.030974893560001,3.127163295796292
2007-09-14 04:00:00,4.114402469,4.187007449,4.10325574,4.181886196,4.181886196,607320000,1.1734786146218035,4.0239765644,4.03462629316,3.041560178664237
2007-09-17 04:00:00,4.187309374,4.235511173,4.145433119,4.169835091,4.169835091,793371600,-0.2881739108904102,4.0486051201999995,4.038307785980001,2.9443355001349154
2007-09-18 04:00:00,4.189417967,4.303597917,4.152361694,4.245452881,4.245452881,1064089600,1.8134479745544496,4.07677354815,4.04468860148,2.952103156712611
2007-09-19 04:00:00,4.308717431,4.31293486,4.199658375,4.240932465,4.240932465,1026880400,-0.10647664988182592,4.0966571689,4.04976189136,2.8303381179394083
2007-09-20 04:00:00,4.222256149,4.271664659,4.197251223,4.22707653,4.22707653,691840800,-0.32671906743038104,4.10840659145,4.05453394412,2.7231801693621933
2007-09-21 04:00:00,4.252078725,4.357823367,4.227073815,4.342760086,4.342760086,1138880400,2.7367272671545484,4.128109419399999,4.060607438080001,2.7531542221140173
2007-09-24 04:00:00,4.420489735,4.514485565,4.418079947,4.467185974,4.467185974,1052161600,2.865133821256194,4.14766167405,4.06696418284,2.735493188401047
2007-09-25 04:00:00,4.423802503,4.616010719,4.423199151,4.614805222,4.614805222,1192550800,3.3045243439421723,4.1791893006,4.07605035304,2.7238676744793042
2007-09-26 04:00:00,4.653668884,4.669635587,4.556660759,4.602452755,4.602452755,975268000,-0.2676703870645003,4.2182785154,4.08440146922,2.4869886449717464
2007-09-27 04:00:00,4.632580309,4.655174632,4.588896423,4.654572487,4.654572487,658198800,1.1324338298394965,4.24903784995,4.09427094936,2.2222814673074778
2007-09-28 04:00:00,4.62263889,4.657586244,4.601851402,4.623542309,4.623542309,615101200,-0.6666601086709023,4.274976885399999,4.102387080200001,2.233177331442467
2007-10-01 04:00:00,4.658489085,4.742241572,4.607273757,4.710005283,4.710005283,837068400,1.870059106665778,4.3018799663000005,4.10997295856,2.2393671059891194
2007-10-02 04:00:00,4.71633125,4.777790276,4.696447992,4.773572445,4.773572445,792069600,1.3496197600761706,4.3234054208499995,4.11886030674,2.0948508547927953
2007-10-03 04:00:00,4.753389076,4.795566198,4.730191397,4.757606506,4.757606506,692518400,-0.3344652078491661,4.355279386099999,4.1327366876600005,1.642260783664384
2007-10-04 04:00:00,4.760016074,4.762425862,4.62444611,4.706993103,4.706993103,656958400,-1.063841722432679,4.3872588039,4.1441727972,1.6289862329748026
2007-10-05 04:00:00,4.77116274,4.867869195,4.750978204,4.863952637,4.863952637,943471200,3.334603016519422,4.4319669009,4.153481917380001,1.5489433327012425
2007-10-08 04:00:00,4.925412508,5.058572292,4.90974587,5.058572292,5.058572292,835928800,4.001265421861477,4.47896451955,4.16797889232,1.5730669638697716
2007-10-09 04:00:00,5.127563469,5.15497899,5.021517882,5.057067394,5.057067394,1104286400,-0.029749461174655156,4.527724599850001,4.18390387058,1.528348571864616
2007-10-10 04:00:00,5.047726266,5.057667494,4.988979095,5.024829865,5.024829865,667590000,-0.6374747751680787,4.57282416825,4.2050106525399995,1.5764072483249165
2007-10-11 04:00:00,5.106171712,5.178174127,4.615709715,4.887452602,4.887452602,1643992000,-2.733968446511781,4.61052770615,4.2214176940799994,1.7798938886512647
2007-10-12 04:00:00,4.910952721,5.039593837,4.874498988,5.038689613,5.038689613,988176000,3.0943934052293898,4.653367877,4.2399516487,1.8484185136794986
2007-10-15 04:00:00,5.060680714,5.108581226,4.925712898,5.030553341,5.030553341,1077930000,-0.16147595158486627,4.696403789500001,4.26111861228,1.8441554191099392
2007-10-16 04:00:00,4.987171607,5.126959001,4.975421529,5.108883381,5.108883381,1067830400,1.5570859643132096,4.7395753145,4.28180357932,1.8387846822001441
2007-10-17 04:00:00,5.202577161,5.21312134,5.096832492,5.204384804,5.204384804,1127613200,1.8693208648130621,4.78774793145,4.30453118324,1.8323353421058042
2007-10-18 04:00:00,5.166726665,5.247766892,5.15317015,5.226980209,5.226980209,823676000,0.43416092104937576,4.8377431154,4.32832520484,1.8101277857125657
2007-10-19 04:00:00,5.249273922,5.261023599,5.121537061,5.134190559,5.134190559,1291780000,-1.7752056883672651,4.877314639050001,4.3548547840000005,1.8731993593678735
2007-10-22 04:00:00,5.132081593,5.26915794,5.120331916,5.252889156,5.252889156,1649499600,2.31192425828306,4.91659979815,4.38459585664,1.8458724598166476
2007-10-23 04:00:00,5.680688152,5.681892845,5.505953392,5.608383656,5.608383656,1795164000,6.767599495107257,4.96627871985,4.419765710819999,2.2156581702055527
2007-10-24 04:00:00,5.597838973,5.640016089,5.399907358,5.601454258,5.601454258,1288481600,-0.12355427918320228,5.016228795,4.457062549580001,2.211540070761591
2007-10-25 04:00:00,5.569519603,5.600550393,5.472812752,5.506554604,5.506554604,973602000,-1.6941967144418757,5.05882790085,4.494949855800001,2.2921418077649145
2007-10-26 04:00:00,5.58217359,5.58458378,5.509568625,5.564399242,5.564399242,706876800,1.0504687987290984,5.105870747500001,4.5357112407599995,2.2635955673139954
2007-10-29 04:00:00,5.586994919,5.621340136,5.564400589,5.576149464,5.576149464,540554000,0.21116784560153423,5.14917795655,4.57368895054,2.2586624122027033
2007-10-30 04:00:00,5.608985763,5.705089666,5.565301879,5.633689404,5.633689404,939414000,1.0318937892802582,5.1921838045,4.61272105218,2.2562377666673554
2007-10-31 04:00:00,5.652670456,5.727686427,5.57193149,5.722565174,5.722565174,833310800,1.5775766753647558,5.2404317379,4.65030715466,2.243636145599019
2007-11-01 04:00:00,5.681893461,5.727084128,5.42280403,5.646946907,5.646946907,805036400,-1.3214050814757794,5.287429428099999,4.68340433122,2.256512586524434
2007-11-02 04:00:00,5.700270065,5.707198959,5.527945107,5.659900188,5.659900188,1002114400,0.22938556379807906,5.3272268056500005,4.71762826444,2.18876097211603
2007-11-05 05:00:00,5.582172942,5.692737583,5.550540005,5.608985901,5.608985901,804176800,-0.8995615701483217,5.3547474861,4.7482851648399995,2.081185229511596
2007-11-06 05:00:00,5.635195617,5.784322886,5.581570506,5.77799654,5.77799654,954727200,3.013212049077696,5.3907939434,4.78416004182,2.1476689074239133
2007-11-07 05:00:00,5.742446964,5.804809821,5.607479552,5.612600803,5.612600803,994327600,-2.862510142659236,5.420182490299999,4.8199986887,2.2739723258726094
2007-11-08 05:00:00,5.623748699,5.630677593,5.054354191,5.286329746,5.286329746,1890378000,-5.813188367603217,5.4401263475,4.8449375677,2.592064300084889
2007-11-09 05:00:00,5.156183049,5.275785928,4.977230038,4.982050419,4.982050419,1526380800,-5.755965700592903,5.4372943878,4.86248334408,2.8545145091346367
2007-11-12 05:00:00,4.979337284,5.05224431,4.537981789,4.632278442,4.632278442,1769065200,-7.020643060256438,5.41738064285,4.87169003962,3.256454663032706
2007-11-13 05:00:00,4.845877354,5.151060806,4.632279105,5.120331287,5.120331287,1739446800,10.535913397927832,5.41795303815,4.8872353982800005,4.055609177205359
2007-11-14 05:00:00,5.337243756,5.349595577,4.932943241,5.00434351,5.00434351,1449168000,-2.265239698346888,5.40795097345,4.90491972446,4.06541185144403
2007-11-15 05:00:00,5.012778844,5.109184424,4.829307169,4.949813843,4.949813843,1487410400,-1.0896467616788308,5.394092655150001,4.922567906379999,4.0687885730932205
2007-11-16 05:00:00,4.979941747,5.031760037,4.800085711,5.01278019,5.01278019,1383494000,1.2720952544315711,5.3880221367,4.94342769624,4.063537087146903
2007-11-19 05:00:00,5.004042185,5.067308056,4.883535514,4.939269543,4.939269543,1154428800,-1.4664646007548132,5.37234115605,4.95984068872,4.036067016470366
2007-11-20 05:00:00,4.991087523,5.1754622,4.926615757,5.086889744,5.086889744,1543642800,2.988705105377565,5.346266460450001,4.97994116784,3.770926513844585
2007-11-21 05:00:00,4.996210327,5.192335157,4.960962095,5.07514286,5.07514286,1217809600,-0.23092468268759436,5.31995089055,4.9989872551,3.7705585280518346
2007-11-23 05:00:00,5.181788387,5.183294755,5.114003421,5.167930603,5.167930603,465757600,1.8282784457421375,5.303019690499999,5.01967823028,3.790392413216338
2007-11-26 05:00:00,5.229689625,5.340555106,5.192332096,5.198056698,5.198056698,1305754800,0.582943102651412,5.2847025633,5.04000164032,3.7833894511841666
2007-11-27 05:00:00,5.27879698,5.29596918,5.121837396,5.26644516,5.26644516,1317030400,1.3156544065075826,5.2692173481,5.0619338417,3.7988534831727265
2007-11-28 05:00:00,5.327000846,5.440879514,5.282714407,5.429431915,5.429431915,1150912000,3.0948153839695625,5.25900447365,5.08561342238,3.8620427627673597
2007-11-29 05:00:00,5.405630097,5.578557178,5.397194433,5.552046299,5.552046299,1050926800,2.258328051987357,5.2504785299000005,5.11183569906,3.8806939412406996
2007-11-30 05:00:00,5.643933618,5.654779072,5.413766075,5.489685059,5.489685059,1187802000,-1.1232118149164472,5.2426154375000005,5.137087869639999,3.8776097316346663
2007-12-03 05:00:00,5.478838841,5.547528049,5.353512181,5.388458729,5.388458729,961469600,-1.8439369273843154,5.22904336455,5.1580018425,3.8968402220785925
2007-12-04 05:00:00,5.336941702,5.449916122,5.332120921,5.417078495,5.417078495,773799600,0.5311308379513546,5.21944799425,5.17699969292,3.8959528890203137
2007-12-05 05:00:00,5.509870057,5.603563786,5.495409319,5.5885005,5.5885005,892402000,3.164473344040042,5.20997319225,5.19647359848,3.9024610894132605
2007-12-06 05:00:00,5.609288637,5.727084281,5.607179721,5.722565174,5.722565174,899810800,2.3989382124954606,5.2154714108,5.21887584686,3.8833721333272737
2007-12-07 05:00:00,5.740337433,5.874401813,5.665020618,5.85361433,5.85361433,1066066400,2.290042175411333,5.2438356399999995,5.24285668372,3.641678838480206
2007-12-10 05:00:00,5.832223843,5.894585481,5.805109615,5.850901604,5.850901604,722377600,-0.04634275247854536,5.287278199249999,5.26740386962,3.329844647483789
2007-12-11 05:00:00,5.867172166,5.929835902,5.645439906,5.680085182,5.680085182,1110925200,-2.919488884981758,5.33966853625,5.2868054676,2.920154654476407
2007-12-12 05:00:00,5.827705789,5.859037858,5.59633357,5.749979973,5.749979973,1225660800,1.2305236411153553,5.37115097055,5.306333618159999,1.8917573124497016
2007-12-13 05:00:00,5.729795168,5.787940206,5.658394888,5.779202461,5.779202461,864617600,0.5082189527132019,5.4098939181,5.326765537259999,1.7684147597341935
2007-12-14 05:00:00,5.735219102,5.820477181,5.710213776,5.735821247,5.735821247,674312800,-0.7506436103035141,5.4491942883,5.34734210014,1.7515269041620445
2007-12-17 05:00:00,5.745763182,5.803907019,5.512582072,5.555361748,5.555361748,1024693600,-3.1461841509510924,5.4763233662,5.361170282359999,1.9501338959108698
2007-12-18 05:00:00,5.619229284,5.643631651,5.380625317,5.512580395,5.512580395,1222603200,-0.7700912189094189,5.5049889088,5.370250444420001,1.9185112818395949
2007-12-19 05:00:00,5.51258114,5.562591782,5.449917403,5.516798973,5.516798973,827478400,0.0765263759931134,5.5264843702499995,5.3794450760000005,1.8337634095915993
2007-12-20 05:00:00,5.586391908,5.658695605,5.523126021,5.640017033,5.640017033,774057200,2.233506433767962,5.5547280789,5.39174881936,1.8699904369387952
2007-12-21 05:00:00,5.7276856,5.84186554,5.720756706,5.84186554,5.84186554,993960800,3.5788634292941657,5.58842482575,5.41083707812,1.971405550020046
2007-12-24 05:00:00,5.875606133,6.005151409,5.868376369,5.989183903,5.989183903,480202800,2.521769150475861,5.627981186,5.429846963919999,2.015969921566049
2007-12-26 05:00:00,5.995511485,6.054258657,5.929534145,5.993703842,5.993703842,703732400,0.0754683621876584,5.6643441201,5.44910997394,2.0160857832176684
2007-12-27 05:00:00,5.993704891,6.114512463,5.959059612,5.982256889,5.982256889,795527600,-0.19098295981505586,5.691985368799999,5.4665774441,1.940386829390736
2007-12-28 05:00:00,6.043113349,6.072335702,5.93134318,6.020216942,6.020216942,699647200,0.6345440141462211,5.71539390095,5.48289408686,1.896589164342689
2007-12-31 05:00:00,6.010272235,6.040398798,5.957550549,5.96749258,5.96749258,539333200,-0.8757884060982768,5.739284277,5.497704334280001,1.8867564523686209
2008-01-02 05:00:00,6.003344432,6.033169727,5.800893313,5.869882584,5.869882584,1079178800,-1.635695305715823,5.76335546975,5.5124181747800005,1.8740498537381616
2008-01-03 05:00:00,5.887056451,5.946707049,5.805111594,5.87259531,5.87259531,842066400,0.046214314531511924,5.7861313105,5.52481229786,1.8760186658646458
2008-01-04 05:00:00,5.767753159,5.814449376,5.389362234,5.424308777,5.424308777,1455832000,-7.6335335458352915,5.77792172435,5.52113080028,2.4962358157131455
2008-01-07 05:00:00,5.460460146,5.531258251,5.128464205,5.351703167,5.351703167,2072193200,-1.3385228051150055,5.759378624,5.51613577846,2.437035037701091
2008-01-08 05:00:00,5.427020886,5.496915595,5.145638029,5.159194946,5.159194946,1523816000,-3.597139359055934,5.7246576548,5.5091885853,2.4624316269411066
2008-01-09 05:00:00,5.160700501,5.407739317,5.070320397,5.404726982,5.404726982,1813882000,4.759115299381422,5.7023489237,5.5059951401000005,2.7382879096731276
2008-01-10 05:00:00,5.349895435,5.452928614,5.284520658,5.363151073,5.363151073,1482975200,-0.7692508638912687,5.68650221825,5.50173517228,2.6739492111127836
2008-01-11 05:00:00,5.302296308,5.358031145,5.12153649,5.202577114,5.202577114,1232285600,-2.9940226708955797,5.6591320753,5.49311292648,2.717170098902809
2008-01-14 05:00:00,5.348089581,5.405329987,5.277291453,5.386049271,5.386049271,1100450400,3.526562951009038,5.6394744158000005,5.4863826084200005,2.854335413527952
2008-01-15 05:00:00,5.354115707,5.399305168,4.96066057,5.092616081,5.092616081,2343278000,-5.4480227572355595,5.6073141575,5.4752959919,3.076875329704834
2008-01-16 05:00:00,4.977832991,5.091711677,4.720852864,4.809425354,4.809425354,2213845200,-5.560810445864039,5.5700173378,5.458286495219999,3.2278841121511284
2008-01-17 05:00:00,4.86576159,4.981749184,4.77267,4.847082615,4.847082615,1757859600,0.7829887819899239,5.5367424488,5.443048429499999,3.243941918898946
2008-01-18 05:00:00,4.871785041,4.993497199,4.808519175,4.861240864,4.861240864,1724343600,0.2920983635844365,5.50396454335,5.42471331598,3.2466315971480757
2008-01-22 05:00:00,4.460557274,4.819667161,4.398496486,4.68891716,4.68891716,2434754000,-3.5448501487788,5.4564095497,5.40623964312,3.2402162009701594
2008-01-23 05:00:00,4.102953886,4.21773638,3.800180575,4.189718723,4.189718723,3372969600,-10.646347972588188,5.37380220885,5.38430742266,3.735949412490169
2008-01-24 05:00:00,4.217432768,4.238822793,3.977022057,4.085176468,4.085176468,2005866800,-2.4952093902175787,5.2786018371,5.36636994364,3.612445884214199
2008-01-25 05:00:00,4.187307644,4.190319979,3.904719362,3.916769505,3.916769505,1554739200,-4.12239139041276,5.1747551202499995,5.3520597649,3.6178152221936375
2008-01-28 05:00:00,3.861035481,4.012873799,3.809518083,3.916769505,3.916769505,1474844000,0.0,5.07148075105,5.32798852926,3.623202101112345
2008-01-29 05:00:00,3.951114575,4.000521854,3.887848705,3.962863445,3.962863445,1099982800,1.1768356534934687,4.9686130762,5.307158927960001,3.646156302393686
2008-01-30 05:00:00,3.957743176,4.080660064,3.916469472,3.982145548,3.982145548,1243051600,0.48656995800167024,4.8693457246000005,5.287805562059999,3.680901150394932
2008-01-31 05:00:00,3.899899002,4.116811275,3.898393437,4.07794857,4.07794857,1345674400,2.4058141734200733,4.7797490239,5.26910892966,3.8070174487754334
2008-02-01 05:00:00,4.10446034,4.115004522,3.982145987,4.029445171,4.029445171,1010744000,-1.1894068345251418,4.6875915169499995,5.25091244222,3.7865835836202733
2008-02-04 05:00:00,4.043301355,4.094215403,3.959248005,3.966177702,3.966177702,899234000,-1.5701285490949735,4.6146849632,5.228498201380001,3.528498360028062
2008-02-05 05:00:00,3.929423676,4.036975998,3.883329593,3.897188187,3.897188187,1141042000,-1.7394458893057463,4.5419592142,5.2049391079200005,3.5287175605868866
2008-02-06 05:00:00,3.941474761,3.974313201,3.668527152,3.675456047,3.675456047,1573272400,-5.689541519694641,4.46777226925,5.175089616799999,3.6235252623296943
2008-02-07 05:00:00,3.614298249,3.759207686,3.532955554,3.652558804,3.652558804,2083331600,-0.622976923331442,4.380163860350001,5.14417965892,3.311494817390295
2008-02-08 05:00:00,3.677865974,3.786924661,3.663404834,3.780297041,3.780297041,1355972800,3.4972260230310637,4.301021158749999,5.11445669654,3.5181968185252077
2008-02-11 05:00:00,3.856517666,3.915866993,3.832114892,3.899899483,3.899899483,1201432400,3.1638371456747194,4.2358872772,5.0838660479,3.662953626815887
2008-02-12 05:00:00,3.937558071,3.946595882,3.724261069,3.761618614,3.761618614,1225980000,-3.545754694519132,4.15466574435,5.0480574942,3.503808126657027
2008-02-13 05:00:00,3.816447609,3.909840436,3.784814677,3.898392439,3.898392439,968534000,3.6360364788433186,4.09495456225,5.0162316418,3.582795375755709
2008-02-14 05:00:00,3.89839312,3.940570637,3.826389504,3.839947224,3.839947224,954097200,-1.4992132247976686,4.04648065575,4.9852614117,3.438651545125989
2008-02-15 05:00:00,3.804095548,3.828497507,3.737515277,3.754687071,3.754687071,901300400,-2.220347000269074,3.9918608785500007,4.95201358322,3.419401261837497
2008-02-19 05:00:00,3.7956608,3.818557201,3.658584473,3.680877924,3.680877924,1005046000,-1.9657869112469695,3.93284273155,4.9138611317,3.4043908673702985
2008-02-20 05:00:00,3.681480512,3.753784188,3.66581428,3.730285645,3.730285645,967439200,1.3422808911388362,3.8849111558000002,4.8740155411199995,3.4119976048547977
2008-02-21 05:00:00,3.797469306,3.810122402,3.641111843,3.661597252,3.661597252,938114800,-1.8413708637049941,3.8585050822499993,4.83017519956,2.5790584918076176
2008-02-22 05:00:00,3.689916835,3.690820254,3.490778908,3.598934174,3.598934174,1529878000,-1.711359106077892,3.83419296755,4.78513585096,2.5552221856877066
2008-02-25 05:00:00,3.572723654,3.620324508,3.514579826,3.607370138,3.607370138,1256774400,0.23440173096092032,3.8187229992,4.74368155008,2.421373308611713
2008-02-26 05:00:00,3.544102694,3.648039699,3.477823692,3.58959341,3.58959341,1504888000,-0.4927891322473399,3.80236419445,4.70047381882,2.419781698357153
2008-02-27 05:00:00,3.561876833,3.70708752,3.557659404,3.704376459,3.704376459,1475138000,3.197661570255672,3.7894398451500004,4.65897729878,2.5291294846737955
2008-02-28 05:00:00,3.832113994,3.982747635,3.789033059,3.913757563,3.913757563,1618254400,5.652263108715538,3.7860204458999993,4.6225360251000005,2.856885987520584
2008-02-29 05:00:00,3.895078176,3.922794551,3.759809509,3.766437531,3.766437531,1255480800,-3.764158347280855,3.7704448939499997,4.58675754076,2.9105996694057015
2008-03-03 05:00:00,3.748964293,3.795359639,3.554948452,3.667320728,3.667320728,1593043200,-2.631579634182435,3.7523386717999996,4.549852347420001,2.949921360579361
2008-03-04 05:00:00,3.675154394,3.762220496,3.627253075,3.754387379,3.754387379,1785383600,2.3741215306107843,3.7417491556500004,4.514604115539999,3.000986633285033
2008-03-05 05:00:00,3.723056077,3.77005439,3.682987867,3.750471592,3.750471592,1221836000,-0.10429896024856111,3.7344133259000003,4.47681320672,2.9799374380432635
2008-03-06 05:00:00,3.754087907,3.841154051,3.639606643,3.643222332,3.643222332,1473698800,-2.8596206468746277,3.7328016401499995,4.4328403425600005,2.7622756470872396
2008-03-07 05:00:00,3.627554283,3.704980035,3.586582659,3.682987452,3.682987452,1230462800,1.0914821105131534,3.73432307255,4.386716413539999,2.7687837792916534
2008-03-10 04:00:00,3.674854063,3.719441378,3.59622281,3.605863571,3.605863571,999588800,-2.094057663924942,3.7256013990500003,4.338959608120001,2.6863869100576863
2008-03-11 04:00:00,3.738721818,3.840549526,3.675455539,3.836632967,3.836632967,1163943200,6.399837139040776,3.72243807325,4.29604712968,2.981063580292828
2008-03-12 04:00:00,3.82729459,3.876701878,3.770957201,3.79686594,3.79686594,1059629200,-1.0365085047761347,3.7242004395500006,4.25158010964,2.8767353912427973
2008-03-13 04:00:00,3.738722422,3.901406245,3.705582708,3.854408741,3.854408741,1262102800,1.5155341776433628,3.7220012546500003,4.20931843286,2.776307168384205
2008-03-14 04:00:00,3.912853659,3.925507157,3.741734178,3.814340353,3.814340353,1156640800,-1.039546936830693,3.7207209111,4.16820758824,2.7653039122357446
2008-03-17 04:00:00,3.692025503,3.873990411,3.692025503,3.817954302,3.817954302,1072598800,0.09474636937307768,3.7238842726499994,4.12711476808,2.715371215150697
2008-03-18 04:00:00,3.891763989,4.006848118,3.876399434,4.001424789,4.001424789,1205120000,4.805465767463235,3.7399116158999997,4.0986570883199995,2.8601472400980885
2008-03-19 04:00:00,4.010465944,4.045713779,3.906528473,3.906528473,3.906528473,1010536800,-2.37156315572572,3.7487237573,4.06975359444,2.9195622795606817
2008-03-20 04:00:00,3.950211472,4.015586276,3.891765563,4.014984131,4.014984131,908787600,2.776266927262716,3.7663931012500003,4.04686937814,2.9263033574915656
2008-03-24 04:00:00,4.037277056,4.2433439,4.026130731,4.203576565,4.203576565,1066920400,4.697214929042004,3.7966252208,4.0228463698,3.0205569929484373
2008-03-25 04:00:00,4.216530099,4.311128037,4.137297523,4.247259617,4.247259617,1052391200,1.039187732744451,3.8286196947500004,4.0005285406799995,3.0176729361612704
2008-03-26 04:00:00,4.243945445,4.390662526,4.237016552,4.370176315,4.370176315,1182084400,2.894023654876565,3.8676488399999998,3.9838805247,3.0326080440582706
2008-03-27 04:00:00,4.366863334,4.377708787,4.217434769,4.225267887,4.225267887,999829600,-3.315848550609335,3.8936934113999997,3.96066489702,3.1357667340555833
2008-03-28 04:00:00,4.271964876,4.357825088,4.265939401,4.308417797,4.308417797,714610400,1.9679204306981113,3.9134264231,3.94498093134,2.9314710114927514
2008-03-31 04:00:00,4.316250827,4.389760019,4.293655696,4.323179722,4.323179722,768065200,0.3426298398980565,3.9412635326499994,3.9352560187,2.753898917950974
2008-04-01 04:00:00,4.407535155,4.508760748,4.326494909,4.504844189,4.504844189,1032567200,4.202103051037587,3.9831397057,3.9284112501799995,2.7391206252218887
2008-04-02 04:00:00,4.482248234,4.555155281,4.393977834,4.443385124,4.443385124,1044968400,-1.3642883620719193,4.01758959295,3.9200541353799996,2.772717442746308
2008-04-03 04:00:00,4.430431838,4.628364331,4.428624195,4.567508221,4.567508221,1051568000,2.7934354897480196,4.0584414244,3.9176259566,2.794091870330235
2008-04-04 04:00:00,4.584979606,4.66089857,4.541597399,4.611792564,4.611792564,854417200,0.9695514678308426,4.106869936000001,3.92606743342,2.6407434950650943
2008-04-07 04:00:00,4.703679523,4.810930982,4.672950803,4.696449757,4.696449757,1158326400,1.8356678411956429,4.15754305125,3.9382928992,2.6441021713737562
2008-04-08 04:00:00,4.625952163,4.713319121,4.588895901,4.604561329,4.604561329,1014294400,-1.9565508576567026,4.20747793915,3.95204873568,2.6350972613770676
2008-04-09 04:00:00,4.618722474,4.636195548,4.532861057,4.562385082,4.562385082,873398400,-0.9159666684070422,4.2437655449,3.9649610472200005,2.3798266297698394
2008-04-10 04:00:00,4.553046081,4.682289305,4.537078572,4.656079292,4.656079292,955763200,2.0536234516821628,4.2867262125,3.97882536416,2.3478076479591707
2008-04-11 04:00:00,4.600947965,4.618421039,4.410546565,4.432840824,4.432840824,1210076000,-4.794558984069807,4.315647816649999,3.9878392696800002,2.6822809826786638
2008-04-14 04:00:00,4.42169429,4.496408176,4.354511846,4.452121735,4.452121735,845087600,0.4349560872028313,4.34753688575,3.99532273298,2.6510008351415912
2008-04-15 04:00:00,4.500927353,4.510568517,4.390061809,4.470198631,4.470198631,698037200,0.406028789776558,4.3801491022,4.00413780218,2.647495701525213
2008-04-16 04:00:00,4.570819838,4.642521374,4.537680936,4.63047123,4.63047123,795774000,3.5853574355407813,4.41160142425,4.01742367274,2.5636772827041265
2008-04-17 04:00:00,4.644631794,4.699764098,4.619928548,4.654272556,4.654272556,704267200,0.5140152009971422,4.4489886283999995,4.0325653601199996,2.4569024629216707
2008-04-18 04:00:00,4.793757848,4.88835579,4.771464396,4.851601601,4.851601601,1026765600,4.239739779433749,4.490819501900001,4.0560882712,2.535986340078754
2008-04-21 04:00:00,4.886850048,5.076347244,4.873293532,5.066103935,5.066103935,1039152800,4.421268513799403,4.533945870399999,4.084359173819999,2.5153729636570206
2008-04-22 04:00:00,5.043205853,5.061282275,4.762726476,4.826294422,4.826294422,1439572400,-4.733608233799491,4.562897610649999,4.105279121440001,2.819550954669678
2008-04-23 04:00:00,4.942284551,4.966084379,4.852807832,4.907337189,4.907337189,1504190800,1.6791923557455846,4.58975565435,4.12542787556,2.7821582640566964
2008-04-24 04:00:00,4.981147121,5.120934543,4.795867759,5.08960247,5.08960247,1696066400,3.714138115647647,4.6329723835,4.1519875526800005,2.701892875004268
2008-04-25 04:00:00,5.142625114,5.154675259,5.013682371,5.113402367,5.113402367,992474000,0.4676179945346526,4.673221612,4.176287751239999,2.6935348739387943
2008-04-28 04:00:00,5.114004679,5.234511359,5.09532611,5.189020634,5.189020634,787214400,1.47882489138762,4.716513657599999,4.20326921944,2.693259673055263
2008-04-29 04:00:00,5.154977489,5.292053843,5.129068748,5.273677349,5.273677349,923476400,1.6314584383284814,4.754955315599999,4.233649025,2.589299427364933
2008-04-30 04:00:00,5.308021846,5.422804353,5.20950732,5.24053812,5.24053812,1139524400,-0.6283893914420746,4.7948129654,4.26484222892,2.5616625927760195
2008-05-01 04:00:00,5.270964181,5.422802925,5.267951846,5.422802925,5.422802925,903576800,3.4779788034439374,4.8375777006,4.29869257452,2.5932370259337696
2008-05-02 04:00:00,5.428527156,5.480646306,5.379119872,5.451122284,5.451122284,1006082000,0.5222273313574277,4.8795441865999996,4.33448307516,2.594480016492346
2008-05-05 04:00:00,5.48064787,5.582777282,5.454437449,5.565303802,5.565303802,854557200,2.0946423883232645,4.92298688885,4.37381046772,2.6001845138517523
2008-05-06 04:00:00,5.563193945,5.637305684,5.488480464,5.623447895,5.623447895,918870400,1.0447604491798712,4.97393121715,4.41413202286,2.5127187171516003
2008-05-07 04:00:00,5.60507032,5.669842975,5.439072089,5.500831604,5.500831604,1157133600,-2.1804468235408048,5.02085354325,4.45235678674,2.5794061654539364
2008-05-08 04:00:00,5.536380516,5.618626639,5.515292158,5.575244427,5.575244427,899085600,1.3527558805088713,5.0668118,4.4897741461,2.568668598762744
2008-05-09 04:00:00,5.518002586,5.550840209,5.464075404,5.52673912,5.52673912,673072400,-0.8700122054756343,5.121506714800001,4.52203377724,2.236212210120237
2008-05-12 04:00:00,5.579763459,5.690026832,5.508664062,5.668636799,5.668636799,818563200,2.5674756111882413,5.182332468,4.5600777626,2.2519807313913063
2008-05-13 04:00:00,5.682192133,5.767752242,5.659597815,5.722863674,5.722863674,823236400,0.9566122671603505,5.244965720150001,4.6011886215199995,2.2446122051285355
2008-05-14 04:00:00,5.76112574,5.791553583,5.590608827,5.611396313,5.611396313,916823600,-1.9477549588751586,5.2940119743,4.6383288002,2.284433212971511
2008-05-15 04:00:00,5.627966186,5.721057763,5.549334944,5.715935707,5.715935707,873208000,1.862983617068914,5.347095131850001,4.6776380825,2.2895446950946954
2008-05-16 04:00:00,5.727383617,5.73310822,5.6336895,5.652368069,5.652368069,765769200,-1.1121125439208734,5.38713345525,4.71782099724,2.209400009891072
2008-05-19 04:00:00,5.659599822,5.68460474,5.461968254,5.531260014,5.531260014,945820400,-2.1426073730797635,5.4103912592,4.75478644848,2.1276020227013714
2008-05-20 04:00:00,5.477633915,5.608383919,5.426418982,5.600551605,5.600551605,969850000,1.2527270608255314,5.44910411835,4.794680209159999,1.7448987760059333
2008-05-21 04:00:00,5.593620846,5.662310048,5.30982784,5.368273735,5.368273735,1157657200,-4.147410583497335,5.47215094565,4.82531302452,2.0442721316146524
2008-05-22 04:00:00,5.400509349,5.462870999,5.18178945,5.333929062,5.333929062,1206735600,-0.6397712690409119,5.4843672752499995,4.85605428696,1.9078685193268639
2008-05-23 04:00:00,5.446000255,5.482755249,5.356524369,5.458051205,5.458051205,906917200,2.327030254006779,5.50159971715,4.8881271362400005,1.9634205142614591
2008-05-27 04:00:00,5.505651625,5.616517544,5.478236519,5.616517544,5.616517544,789905200,2.903350171116603,5.522974562650001,4.9241706800600005,2.0313772468205364
2008-05-28 04:00:00,5.646042342,5.662311126,5.534875536,5.633992195,5.633992195,743979600,0.31112964329058634,5.54099030495,4.96049143792,2.0111609350954778
2008-05-29 04:00:00,5.626458033,5.669840634,5.588498357,5.624349117,5.624349117,647186400,-0.17115888106054022,5.5601808548000005,4.99294992448,2.002028830297651
2008-05-30 04:00:00,5.647248423,5.710213442,5.645139506,5.686412811,5.686412811,610184400,1.1034822467262506,5.5733613491,5.02854761124,1.8745615369587687
2008-06-02 04:00:00,5.681894398,5.713527347,5.559278759,5.60657835,5.60657835,679840000,-1.4039512018115374,5.5811341524,5.06037949562,1.9092366672645833
2008-06-03 04:00:00,5.629471862,5.66984214,5.493299755,5.584583282,5.584583282,750520400,-0.3923082248551979,5.5820981264,5.08799962996,1.8567366151577767
2008-06-04 04:00:00,5.543911995,5.636401011,5.520112176,5.579160213,5.579160213,726983600,-0.0971078543582582,5.5798837423,5.11463764188,1.841505518047063
2008-06-05 04:00:00,5.613806094,5.719249481,5.594524979,5.706897259,5.706897259,755445600,2.289538947140457,5.5901870250500005,5.14137206076,1.8371760561269932
2008-06-06 04:00:00,5.663816639,5.72256381,5.590006586,5.592717648,5.592717648,966422800,-2.0007300958490903,5.5910606861000005,5.16872105598,1.8789995118854388
2008-06-09 04:00:00,5.567109754,5.571628458,5.294764355,5.471306324,5.471306324,1888392800,-2.1708824160543316,5.5882890463,5.19197882652,1.9336061118843793
2008-06-10 04:00:00,5.438167843,5.627061646,5.393278459,5.592717648,5.592717648,1140941200,2.2190555017441937,5.5844930887499995,5.21736958504,1.9103778549991783
2008-06-11 04:00:00,5.553553325,5.603563968,5.410452303,5.447206497,5.447206497,961550800,-2.6017968393601265,5.5707102298999995,5.2362168312,1.9762624637650594
2008-06-12 04:00:00,5.467691612,5.501132593,5.157688197,5.219748974,5.219748974,1308333600,-4.175672854063272,5.55112786295,5.2517441082,2.134742879000084
2008-06-13 04:00:00,5.170944717,5.246863695,4.980243248,5.192936897,5.192936897,1345957200,-0.5136660236642165,5.52497792245,5.26425268172,2.0708921632410555
2008-06-16 04:00:00,5.160701685,5.359537557,5.09351924,5.32760334,5.32760334,1051730400,2.593261687385362,5.508739686,5.278568897240001,2.172558497078107
2008-06-17 04:00:00,5.365562067,5.482755135,5.344774582,5.465884209,5.465884209,899656800,2.595554889790286,5.50547089575,5.2939575862799995,2.215848111472807
2008-06-18 04:00:00,5.456544572,5.489081731,5.342967596,5.385144711,5.385144711,811468000,-1.4771534652537444,5.49470055105,5.30956925392,2.2163667725071545
2008-06-19 04:00:00,5.379119924,5.493299856,5.326398227,5.44991684,5.44991684,791949200,1.202792728442259,5.4987827063,5.327319889080001,2.0260567001719494
2008-06-20 04:00:00,5.40321993,5.452929286,5.272169088,5.280303478,5.280303478,888367200,-3.112219268285199,5.4961014271,5.339804372800001,2.145180307043428
2008-06-23 04:00:00,5.264337877,5.298682689,5.168535219,5.216738224,5.216738224,645780800,-1.203818194632944,5.48403577805,5.3554823208,2.085579127472407
2008-06-24 04:00:00,5.192935928,5.295667851,5.170642478,5.219447613,5.219447613,621947200,0.05193645691352611,5.464182281499999,5.37082883836,1.9552918412745623
2008-06-25 04:00:00,5.260421397,5.387556533,5.238429213,5.344173908,5.344173908,644450800,2.3896454998292516,5.449691367150001,5.3883083439,2.0453167349192443
2008-06-26 04:00:00,5.244152137,5.267349812,5.061584272,5.069116116,5.069116116,869610000,-5.1468720280275715,5.421929717099999,5.39708124162,2.3201683498412797
2008-06-27 04:00:00,5.016393975,5.138708287,4.945294987,5.124247551,5.124247551,1042249600,1.087594636587319,5.3938214541,5.406480741519999,2.319595789672005
2008-06-30 04:00:00,5.127261859,5.181791215,5.019709515,5.044413567,5.044413567,684196800,-1.5579650125298827,5.36571321495,5.4103369808399995,2.323031091557823
2008-07-01 04:00:00,4.947705982,5.263734945,4.940777087,5.26252985,5.26252985,1111280800,4.323917539729338,5.34961054335,5.41426549914,2.5617557158767217
2008-07-02 04:00:00,5.278195608,5.345980595,5.066706657,5.066706657,5.066706657,837519200,-3.7210846984554347,5.32398786555,5.41907374384,2.6749054666553898
2008-07-03 04:00:00,5.10918588,5.186912914,4.993499151,5.125152588,5.125152588,523362000,1.1535290072349547,5.294900632,5.42343005182,2.6253529775061755
2008-07-07 04:00:00,5.216737198,5.336339257,5.17877751,5.276989937,5.276989937,820391600,2.9625917744480645,5.27911424645,5.42717780116,2.709581044356173
2008-07-08 04:00:00,5.284221053,5.413765551,5.204083842,5.409246445,5.409246445,888350400,2.506286909373734,5.2760112525,5.43309468272,2.7372253407228992
2008-07-09 04:00:00,5.428828605,5.450218641,5.246261529,5.249575138,5.249575138,895776000,-2.951821637699481,5.258854127,5.434305772799999,2.7586085969231418
2008-07-10 04:00:00,5.269761946,5.342668213,5.162812134,5.321278572,5.321278572,840688800,1.3658902314010346,5.25255773075,5.43525779726,2.7252966360179314
2008-07-11 04:00:00,5.286330006,5.335737294,5.151663451,5.199263096,5.199263096,930011600,-2.2929729077149297,5.25153343685,5.43443229678,2.606350673234977
2008-07-14 04:00:00,5.399906645,5.401713483,5.214326071,5.238427162,5.238427162,886054400,0.753261861861354,5.2538079501,5.430744781520001,2.608277786702145
2008-07-15 04:00:00,5.196251217,5.23421091,5.012779905,5.110691071,5.110691071,1040043200,-2.4384435833451845,5.242962336650001,5.42393615726,2.5953424877829763
2008-07-16 04:00:00,5.127562192,5.20980833,5.079360396,5.206193447,5.206193447,747790400,1.8686783191008693,5.22997779855,5.41675395016,2.5593358469304546
2008-07-17 04:00:00,5.245055039,5.271567126,5.163411472,5.176064968,5.176064968,757526000,-0.5787045623009135,5.2195238114,5.40780629162,2.543794915851134
2008-07-18 04:00:00,5.076948749,5.110992684,4.970903201,4.975421906,4.975421906,868414400,-3.876362898078678,5.1957990647,5.39729809766,2.6511292324309665
2008-07-21 04:00:00,5.028141634,5.046218052,4.854009893,5.009765148,5.009765148,1360469600,0.6902578846345486,5.1822721482,5.385988512080001,2.5834428564274106
2008-07-22 04:00:00,4.48887635,4.90341938,4.414462939,4.881125927,4.881125927,1879592400,-2.5677694901796944,5.16549153335,5.373076248219999,2.62809934689544
2008-07-23 04:00:00,4.970602955,5.072431093,4.867268448,5.008863926,5.008863926,1061768400,2.616978150336502,5.154962349,5.359880790759999,2.7075101099007908
2008-07-24 04:00:00,4.950415009,4.978734734,4.773572195,4.791045666,4.791045666,839619200,-4.34865596706171,5.127305936899999,5.3412444306,2.790130617956861
2008-07-25 04:00:00,4.832320771,4.910650753,4.779599063,4.884139061,4.884139061,633637200,1.9430705004680693,5.11805708415,5.32669928556,2.61454523235461
2008-07-28 04:00:00,4.89076562,4.894682179,4.640111502,4.651560307,4.651560307,780712800,-4.76191916518407,5.09442272195,5.305411777559999,2.7897585301956536
2008-07-29 04:00:00,4.681989781,4.80370201,4.628967189,4.732301712,4.732301712,684070800,1.7357918563045471,5.0788171292,5.28701045042,2.8177139129058815
2008-07-30 04:00:00,4.753388331,4.835031501,4.702173003,4.816654205,4.816654205,725183200,1.782483411531044,5.05652334695,5.2727183342399995,2.6515250457270114
2008-07-31 04:00:00,4.746159712,4.886549696,4.729288779,4.788638115,4.788638115,637498400,-0.5816504321800142,5.04261991985,5.25648006444,2.5354496906705317
2008-08-01 04:00:00,4.817255277,4.819967545,4.692229924,4.719645023,4.719645023,544639200,-1.4407664630969985,5.0223445416,5.2435074902,2.526158476420516
2008-08-04 04:00:00,4.717839358,4.757004548,4.606671743,4.616312504,4.616312504,592527600,-2.189412943058966,4.989310669949999,5.22915515904,2.4280689381604406
2008-08-05 04:00:00,4.682289752,4.844371427,4.664214129,4.839551449,4.839551449,688371600,4.835871592457508,4.9608259201500005,5.21678516392,2.6340042073120165
2008-08-06 04:00:00,4.819366131,5.043207325,4.760016804,4.946501255,4.946501255,791408800,2.2099115409156322,4.945672226000001,5.20338483814,2.636252870289846
2008-08-07 04:00:00,4.901911147,5.005547679,4.865458241,4.927820683,4.927820683,672372400,-0.37765222400616416,4.92599933155,5.1892614079,2.6082066611842536
2008-08-08 04:00:00,4.936557637,5.110991483,4.933243627,5.107978344,5.107978344,713997200,3.6559297220677633,4.9214350939500005,5.178933992439999,2.7122108496115898
2008-08-11 04:00:00,5.123647566,5.317361835,5.111596612,5.22878933,5.22878933,891304400,2.3651428777474726,4.920953202350001,5.16978152282,2.760955042681623
2008-08-12 04:00:00,5.227582931,5.40141347,5.227281657,5.324289799,5.324289799,836278800,1.826435585233277,4.93163313875,5.1641357518,2.7249673490604214
2008-08-13 04:00:00,5.361948273,5.422803563,5.299284536,5.401714802,5.401714802,842346400,1.454184612838727,4.9414092064999995,5.1604783822,2.713483606390658
2008-08-14 04:00:00,5.372492226,5.436360654,5.357730215,5.402317524,5.402317524,711300800,0.011157975237363615,4.9527218343,5.15694152842,2.7075485585179937
2008-08-15 04:00:00,5.393883005,5.41527264,5.273677575,5.294465065,5.294465065,708251600,-1.9964109573504585,4.968673992249999,5.14869288454,2.586722537174251
2008-08-18 04:00:00,5.289342337,5.35682605,5.236620635,5.283919811,5.283919811,552014400,-0.19917506056865708,4.9823817254,5.1425169278,2.5880861887847417
2008-08-19 04:00:00,5.258311257,5.334532308,5.176065536,5.227883816,5.227883816,616204400,-1.060500480785953,4.99971961985,5.13764847764,2.521307790025011
2008-08-20 04:00:00,5.265240806,5.330615598,5.230293455,5.297476292,5.297476292,506951200,1.3311787034557154,5.01415023815,5.13174365052,2.477111509998619
2008-08-21 04:00:00,5.256202228,5.28572625,5.178476018,5.250780106,5.250780106,539744800,-0.8814798486312947,5.03713696015,5.1278151227,2.2443233539116645
2008-08-22 04:00:00,5.296874335,5.347487122,5.289342491,5.326097488,5.326097488,439611200,1.4344036596378507,5.0592348815,5.1299420929799995,2.2297426854111277
2008-08-25 04:00:00,5.30681425,5.309225244,5.171545579,5.198358536,5.198358536,484425200,-2.398359254365956,5.08657479295,5.130050525760001,1.9880794540451827
2008-08-26 04:00:00,5.204687096,5.268555532,5.200167989,5.231198788,5.231198788,445550000,0.6317427274893372,5.11151964675,5.12812243472,1.969416963140505
2008-08-27 04:00:00,5.221257881,5.295068368,5.187516012,5.262229919,5.262229919,477780800,0.5931934965114127,5.13379843245,5.12404934892,1.9471407232532663
2008-08-28 04:00:00,5.280605365,5.309828113,5.204384719,5.234210014,5.234210014,431384800,-0.5324720780220948,5.1560770274,5.12103065498,1.9457850591386516
2008-08-29 04:00:00,5.210712018,5.226980399,5.092615517,5.107377529,5.107377529,599289600,-2.4231447469772904,5.1754636527,5.11417986876,2.0078009884650023
2008-09-02 04:00:00,5.193840407,5.226979713,4.970902676,5.006753445,5.006753445,780763200,-1.9701712557697149,5.194985699750001,5.1087088681,1.9933826113188144
2008-09-03 04:00:00,5.026335334,5.081768894,4.94077601,5.029950619,5.029950619,734834800,0.46331768190355227,5.2045056582499996,5.104973116,1.7028135905580493
2008-09-04 04:00:00,4.99681102,5.058571325,4.84467142,4.857023239,4.857023239,743386000,-3.437953830934015,5.200031757450001,5.09772462852,1.8175961574295794
2008-09-05 04:00:00,4.777791733,4.892574224,4.749471998,4.825692654,4.825692654,786884000,-0.6450573418802619,5.194925356000001,5.08735500344,1.8209160136174583
2008-09-08 04:00:00,4.957949145,4.967589905,4.562988472,4.757606506,4.757606506,1045979200,-1.4109093322295152,5.177406764100001,5.08112481124,1.6130922317108578
2008-09-09 04:00:00,4.72567203,4.819064482,4.512676709,4.569615841,4.569615841,1245025600,-3.9513706054277065,5.14444808965,5.07003217704,1.6723793388909203
2008-09-10 04:00:00,4.588898262,4.669336368,4.482852683,4.567508221,4.567508221,973142800,-0.0461224766661994,5.106609010750001,5.06049407012,1.5755799316648407
2008-09-11 04:00:00,4.46417133,4.609081158,4.398495275,4.598837852,4.598837852,971135200,0.6859239104585857,5.066465163249999,5.04722023016,1.5276042236976548
2008-09-12 04:00:00,4.546418858,4.546418858,4.413559936,4.48706913,4.48706913,793027200,-2.4303688365831966,5.02070274355,5.0356274796200005,1.5574655934308064
2008-09-15 04:00:00,4.278890928,4.449407752,4.228579044,4.228579044,4.228579044,920634400,-5.760777882198576,4.9674084425,5.01769600874,1.8878148463657898
2008-09-16 04:00:00,4.032757625,4.293052496,3.981241427,4.214120388,4.214120388,1199836400,-0.3419270598835067,4.91391847135,4.99643861776,1.8844950101673381
2008-09-17 04:00:00,4.172245195,4.172848145,3.851094961,3.851094961,3.851094961,1200455200,-8.61450062114364,4.8450790286,4.96527558808,2.5233036525263524
2008-09-18 04:00:00,3.933641748,4.080057591,3.63568881,4.03968811,4.03968811,1676253600,4.897130580000786,4.7821896195,4.94107784752,2.8390215513523027
2008-09-19 04:00:00,4.296066547,4.344269559,4.106569721,4.245152473,4.245152473,1430875600,5.0861442122570155,4.731908237850001,4.91955532554,3.1792979041622558
2008-09-22 04:00:00,4.215926037,4.225265518,3.936350986,3.948099852,3.948099852,856713200,-6.9974546942498055,4.663008356050001,4.8945320606600005,3.39034758270281
2008-09-23 04:00:00,3.972203226,4.091203119,3.815844991,3.82126832,3.82126832,1280364400,-3.2124702199654465,4.59415384525,4.8661888838200005,3.407428140229788
2008-09-24 04:00:00,3.834224007,3.945090353,3.77035557,3.87760663,3.87760663,1047015200,1.4743353588946517,4.5264742373499995,4.841527195,3.4398478203559986
2008-09-25 04:00:00,3.910444034,4.060776837,3.871882196,3.974614143,3.974614143,1006045600,2.5017368252230554,4.46209344855,4.81689560892,3.5243273797398116
2008-09-26 04:00:00,3.763124316,3.910443977,3.705582633,3.863446474,3.863446474,1126451200,-2.796942420078341,4.39355527155,4.79064323904,3.5336077667329007
2008-09-29 04:00:00,3.603753979,3.605561621,3.030443131,3.171134949,3.171134949,2622057200,-17.9195319427635,4.29674314255,4.7545574999,5.107478704865875
2008-09-30 04:00:00,3.261212583,3.464568094,3.202466226,3.424198627,3.424198627,1626682400,7.980224180614015,4.217615401650001,4.72284616948,5.594635176133608
2008-10-01 04:00:00,3.371777953,3.385033391,3.235303794,3.287423134,3.287423134,1296484000,-3.9943796461314296,4.1304890274,4.69097211362,5.591709799369198
2008-10-02 04:00:00,3.253983117,3.277481663,3.012668693,3.015681028,3.015681028,1609364400,-8.266112846549067,4.03842191685,4.651108455659999,5.761133864274635
2008-10-03 04:00:00,3.133175292,3.208491309,2.851490398,2.92439723,2.92439723,2294398400,-3.0269712596407983,3.94335714565,4.61377548694,5.75216915909899
2008-10-06 04:00:00,2.770450556,2.975914248,2.637290762,2.956633329,2.956633329,2107417200,1.102316014709137,3.8533084868000005,4.5752253723,5.800033052193015
2008-10-07 04:00:00,3.027129434,3.057858958,2.679769203,2.686095953,2.686095953,1878772000,-9.150183532954415,3.7591324924000005,4.53591608522,5.9966895612389814
2008-10-08 04:00:00,2.588182577,2.902102703,2.581253684,2.705074549,2.705074549,2207741200,0.7065494432096919,3.6660108087999994,4.49537154196,6.014847765317289
2008-10-09 04:00:00,2.812327551,2.886137838,2.608971716,2.673443317,2.673443317,1617383600,-1.169329400244934,3.56974108205,4.4525073242,5.978886848043362
2008-10-10 04:00:00,2.581856507,3.012668685,2.560767749,2.916263103,2.916263103,2219299600,9.08266071907895,3.4912007806999994,4.41505982396,6.5157407064791615
2008-10-13 04:00:00,3.149745616,3.329902914,3.043397981,3.321768522,3.321768522,1539076000,13.904966893516946,3.4458602546000003,4.38710229394,7.337796549384441
2008-10-14 04:00:00,3.502528522,3.506746354,3.107266016,3.135585546,3.135585546,1980994400,-5.604935285734514,3.3919335124999996,4.357487754779999,7.409329893648981
2008-10-15 04:00:00,3.128354427,3.223555518,2.94910078,2.950908422,2.950908422,1584175600,-5.889717288548835,3.3469241855500003,4.31971489424,7.289925239419372
2008-10-16 04:00:00,3.005739416,3.116003605,2.763822613,3.06960845,3.06960845,1980521200,4.022491078172807,3.2984202025499996,4.28217703814,7.254817664174664
2008-10-17 04:00:00,3.000617541,3.074126717,2.587580741,2.934338331,2.934338331,1762227600,-4.406754841973404,3.2328794954499998,4.2423073911,7.13780720750691
2008-10-20 04:00:00,3.006040504,3.013572549,2.821063235,2.965670824,2.965670824,1549170000,1.067787332802972,3.18375804405,4.1994612407,7.043007317258047
2008-10-21 04:00:00,2.920782033,2.949402635,2.746348164,2.756290197,2.756290197,2193660000,-7.0601438738772115,3.1305091379,4.15001125804,7.153145148318213
2008-10-22 04:00:00,2.93343568,3.050326892,2.799673538,2.918372393,2.918372393,2248808800,5.880447428083335,3.0825474260499997,4.10189290992,7.311522106085425
2008-10-23 04:00:00,2.907525734,2.990072706,2.768641794,2.959343195,2.959343195,1675430400,1.4038921865582532,3.03178387865,4.05304547778,7.286728174238455
2008-10-24 04:00:00,2.721343442,2.94940328,2.714715821,2.903610468,2.903610468,1590058400,-1.8832802864555909,2.98379207835,4.00307133666,7.279093577192384
2008-10-27 04:00:00,2.864142835,2.941267482,2.767436206,2.774365902,2.774365902,1208771200,-4.451167517970256,2.963953626,3.9526693533999997,6.188384011695906
2008-10-28 04:00:00,2.874989415,3.027732189,2.782802263,3.009956837,3.009956837,1634133200,8.491703809874739,2.9432415365,3.9071900939199997,6.226161225219956
2008-10-29 04:00:00,3.038577167,3.300076706,3.010860791,3.149744749,3.149744749,1950978400,4.644183274711855,2.93635761725,3.8656273125800005,6.267715485019758
2008-10-30 04:00:00,3.260611373,3.379913379,3.241932801,3.345267296,3.345267296,1638089600,6.207567996170971,2.95283693065,3.8265831326600006,6.100054060491241
2008-10-31 04:00:00,3.235605469,3.337434174,3.16751942,3.24132967,3.24132967,1659756000,-3.107005115085426,2.96868355265,3.7863941239400005,6.102648952073544
2008-11-03 05:00:00,3.191320001,3.286822182,3.15908451,3.222350597,3.222350597,1057938000,-0.585533559750484,2.98196941605,3.7443191861200003,6.108309086232051
2008-11-04 05:00:00,3.313634267,3.367862542,3.213613987,3.343761444,3.343761444,1398681200,3.767772728176544,3.0148526906,3.70722724428,5.691211040268831
2008-11-05 05:00:00,3.281097069,3.305499235,3.102746848,3.112086535,3.112086535,1256455200,-6.928571696276786,3.0352032899,3.66484499922,5.978486157163743
2008-11-06 05:00:00,3.044301627,3.096420172,2.95241495,2.985554457,2.985554457,1319074400,-4.065827751798034,3.0508088469,3.61931148998,6.064929072882667
2008-11-07 05:00:00,2.989772407,3.008149099,2.883725861,2.959645033,2.959645033,1095253600,-0.8678262069295783,3.0529779434,3.57382019036,5.742778095081347
2008-11-10 05:00:00,3.017789627,3.02471852,2.846971263,2.888546228,2.888546228,1123822000,-2.4022747392761445,3.0313168287,3.5294435643399997,4.774607098573358
2008-11-11 05:00:00,2.856310607,2.927409803,2.779488014,2.855106115,2.855106115,1224538000,-1.1576796893831842,3.01729285715,3.4864106177400003,4.630049310593808
2008-11-12 05:00:00,2.784609234,2.809012207,2.711703195,2.715016603,2.715016603,1178976400,-4.906630659505273,3.0054982662,3.4401119374199998,4.5731902987818325
2008-11-13 05:00:00,2.707485508,2.905418158,2.591497919,2.905418158,2.905418158,1854087200,7.0129057328641276,2.9972887516,3.4010798358,4.767298611449068
2008-11-14 05:00:00,2.824677233,2.83160693,2.711401541,2.718631506,2.718631506,1405266800,-6.428907711121967,2.98650341035,3.3589386128400003,4.882006681730952
2008-11-17 05:00:00,2.66560997,2.727972447,2.628855768,2.655366659,2.655366659,1162526400,-2.3270843018031284,2.9709882021,3.3168938159000003,4.892110311176934
2008-11-18 05:00:00,2.700557054,2.741228016,2.61680474,2.708690643,2.708690643,1209695200,2.008158979448882,2.9686082244,3.27967531194,4.6608360367176696
2008-11-19 05:00:00,2.694530757,2.75900132,2.597221559,2.599631548,2.599631548,1171900800,-4.0262661696653606,2.95267118215,3.2403177784799997,4.529264297131274
2008-11-20 05:00:00,2.567998507,2.60445162,2.410134507,2.424896717,2.424896717,1716814400,-6.721522945604741,2.92594885825,3.1968389557800005,4.7121086280559235
2008-11-21 05:00:00,2.468279114,2.534257266,2.384226345,2.48786211,2.48786211,1569271200,2.5966216440714396,2.90516144035,3.1568548153799996,4.768367591083079
2008-11-24 05:00:00,2.567094927,2.855708569,2.5559482,2.800275803,2.800275803,1442257600,12.557516421197468,2.9064569354,3.1282887505600003,5.515313021103211
2008-11-25 05:00:00,2.85088889,2.85329888,2.655968759,2.735503435,2.735503435,1235292800,-2.313071017169366,2.8927342653,3.0987164114999994,5.178005014513388
2008-11-26 05:00:00,2.708991769,2.869566842,2.706882853,2.862034798,2.862034798,899836000,4.625523820627175,2.87834876775,3.07893520824,5.177058984516345
2008-11-28 05:00:00,2.852997727,2.85480537,2.767437577,2.791840553,2.791840553,297774400,-2.45259928527255,2.8506774306000002,3.0539782571000003,4.956932128608676
2008-12-01 05:00:00,2.750566314,2.779789266,2.678864768,2.67916584,2.67916584,923767600,-4.035857738326943,2.8225692391,3.02265852444,4.984098423791899
2008-12-02 05:00:00,2.712305804,2.79123813,2.605958971,2.785815001,2.785815001,1148722400,3.98068530912592,2.8007424593,2.99941282742,5.0992634892873445
2008-12-03 05:00:00,2.693325892,2.899091462,2.675250269,2.889149427,2.889149427,1338680000,3.709306826293446,2.77801185845,2.98077044956,5.096641276647413
2008-12-04 05:00:00,2.844862225,2.868360969,2.683081677,2.753879786,2.753879786,1091370000,-4.681988398933711,2.760101521,2.95829591268,4.973249296679082
2008-12-05 05:00:00,2.721945245,2.846669718,2.677056075,2.831907511,2.831907511,1043795200,2.8333744049639398,2.7524191737,2.93544178004,4.951746545624398
2008-12-08 05:00:00,2.930724642,3.0367702,2.886137127,3.004233837,3.004233837,1185142000,6.085167871148056,2.7546486138999997,2.9182575272999998,5.139215908810768
2008-12-09 05:00:00,2.95362097,3.121124968,2.928615648,3.014476061,3.014476061,1203496000,0.34092632450433147,2.76094510555,2.91512434954,5.102647777128804
2008-12-10 05:00:00,2.948499271,2.997304423,2.907226166,2.95874238,2.95874238,938047600,-1.848867925045361,2.7661269188,2.9058152245999995,5.11561321951784
2008-12-11 05:00:00,2.932832715,3.050025176,2.856913547,2.862034798,2.862034798,1040617200,-3.2685367490494444,2.77347782855,2.8973074578799998,5.0404184611120355
2008-12-12 05:00:00,2.795756897,2.982541812,2.787622505,2.960549831,2.960549831,1041174400,3.4421326068027724,2.7762344122,2.89620483394,4.852945309150218
2008-12-15 05:00:00,2.891860649,2.89848827,2.801782404,2.854504108,2.854504108,891758000,-3.5819604145686745,2.7830280423,2.8948069715000004,4.687074987804603
2008-12-16 05:00:00,2.831306424,2.90662245,2.794250154,2.87498951,2.87498951,1093506400,0.7176518661363263,2.79400918485,2.89317409512,4.644937743571668
2008-12-17 05:00:00,2.74243214,2.744541057,2.651750741,2.686095953,2.686095953,1293860400,-6.5702346510474685,2.7928794503499996,2.89317409512,4.8878953145754895
2008-12-18 05:00:00,2.690614355,2.736407161,2.66440374,2.694229841,2.694229841,857416000,0.3028144988981296,2.797609365,2.89295720096,4.791889225954865
2008-12-19 05:00:00,2.709594096,2.739720666,2.675249895,2.711401939,2.711401939,801920000,0.6373657413588196,2.8119346261,2.8937163734,4.499090022713143
2008-12-22 05:00:00,2.712004117,2.712305391,2.551429032,2.583062172,2.583062172,844740400,-4.73333610756852,2.8166946292,2.88705235478,4.629167561537769
2008-12-23 05:00:00,2.617104854,2.647231421,2.587881907,2.602342844,2.602342844,635031600,0.7464269427580605,2.80679798125,2.8726638412199996,3.626163439924863
2008-12-24 05:00:00,2.5951126,2.598426208,2.547211085,2.561973095,2.561973095,271334000,-1.5512848006586477,2.79812146425,2.8611915922000004,3.6078960540062455
2008-12-26 05:00:00,2.610176304,2.633675054,2.567998983,2.585170984,2.585170984,308324800,0.9054696571667131,2.78427827355,2.85387684344,3.4342008706392955
2008-12-29 05:00:00,2.606560502,2.639700209,2.562876617,2.609271765,2.609271765,686000000,0.9322702888576062,2.77514983415,2.84467010974,3.41372060165594
2008-12-30 05:00:00,2.633674673,2.652654515,2.552332178,2.599631548,2.599631548,967601600,-0.36946005890650113,2.7711731195500002,2.83797597408,3.2980041571741965
2008-12-31 05:00:00,2.58999144,2.643315292,2.571011593,2.571312666,2.571312666,607541200,-1.089342142419647,2.7604480028,2.8300888109200004,3.1599092301595646
2009-01-02 05:00:00,2.587279893,2.742733934,2.565588987,2.733996391,2.733996391,746015200,6.3268744852050585,2.752690351,2.8296429348,3.3832919156000014
2009-01-05 05:00:00,2.806903529,2.897584721,2.793044735,2.849381924,2.849381924,1181608400,4.220398146092497,2.7574654578999995,2.82826312542,3.350990692831212
2009-01-06 05:00:00,2.890655325,2.927409512,2.783404296,2.802384138,2.802384138,1289310400,-1.6494028267724725,2.75598928925,2.8251239442800005,3.31701124842991
2009-01-07 05:00:00,2.765931776,2.786718461,2.71923474,2.741829872,2.741829872,753048800,-2.1608124731685163,2.742869091,2.82188833236,3.0199745446463355
2009-01-08 05:00:00,2.724356316,2.806300964,2.712606439,2.792743444,2.792743444,673500800,1.8569194434686631,2.73178246015,2.8222558832,3.0586591315155065
2009-01-09 05:00:00,2.808108506,2.813229757,2.715619481,2.728874922,2.728874922,546845600,-2.286945553026598,2.72028908725,2.8166342449,3.0715990023663844
2009-01-12 05:00:00,2.725260139,2.74122765,2.63759188,2.671032667,2.671032667,617716400,-2.1196374569490084,2.7107389807,2.8070600032599997,3.024699417340283
2009-01-13 05:00:00,2.658379219,2.703568877,2.601439884,2.642411709,2.642411709,798397600,-1.0715315598197384,2.6948320746,2.7930028915199996,2.89636338540332
2009-01-14 05:00:00,2.598125492,2.628553138,2.552332683,2.570710182,2.570710182,1021664000,-2.7134880895276936,2.6806423783,2.77959050176,2.8543552720948218
2009-01-15 05:00:00,2.427306752,2.534256705,2.411641122,2.511962652,2.511962652,1831634000,-2.2852646094199125,2.6624910354,2.76538274286,2.8668014976836647
2009-01-16 05:00:00,2.539680003,2.542089992,2.422186429,2.480330467,2.480330467,1047625600,-1.2592617559347374,2.6522027611000003,2.7481141233199997,2.5119720972584187
2009-01-20 05:00:00,2.468279273,2.470388189,2.355906963,2.355906963,2.355906963,919914800,-5.01640832362521,2.6352866172,2.7329905318799996,2.710917697473507
2009-01-21 05:00:00,2.391757057,2.496899369,2.389347069,2.495392799,2.495392799,1089270000,5.92068524736562,2.6244861602,2.72318729872,3.074380668364754
2009-01-22 05:00:00,2.652353585,2.711402034,2.58547222,2.661993742,2.661993742,1409528400,6.6763414187442915,2.6284327387,2.7172342729000003,3.2741767057814433
2009-01-23 05:00:00,2.61559859,2.707485274,2.605958634,2.661993742,2.661993742,763770000,0.0,2.6314152836,2.71270322318,3.271881201323
2009-01-26 05:00:00,2.677057163,2.740625123,2.660186033,2.700556517,2.700556517,692238400,1.448642586628579,2.6383444547,2.70961223122,3.257874799019256
2009-01-27 05:00:00,2.717125327,2.758098153,2.703568612,2.733393908,2.733393908,618038400,1.2159490384033411,2.6457556009,2.7099797773200005,3.261582639613983
2009-01-28 05:00:00,2.775269816,2.862034632,2.756591249,2.83793354,2.83793354,861406000,3.8245359256138256,2.65718868965,2.7086300849600002,3.352595900392006
2009-01-29 05:00:00,2.804493909,2.842152534,2.789731893,2.801782846,2.801782846,592729200,-1.2738386396462187,2.66729625455,2.7102931117599995,3.370613660242107
2009-01-30 05:00:00,2.789731778,2.8204605,2.71170367,2.715319157,2.715319157,651478800,-3.0860239266380263,2.6744965791,2.71149216172,3.4466404211852555
2009-02-02 05:00:00,2.684288649,2.771655651,2.678263172,2.756893635,2.756893635,558247200,1.53110833740564,2.6756414413000003,2.71245622156,3.162460627962267
2009-02-03 05:00:00,2.769244955,2.813230121,2.719837666,2.801179171,2.801179171,599309200,1.6063563511401036,2.6732313036499997,2.7164871740200005,3.034123004942008
2009-02-04 05:00:00,2.808410002,2.899693537,2.804794516,2.81835103,2.81835103,808421600,0.6130225148671897,2.67402964825,2.72435626028,3.0131466143757986
2009-02-05 05:00:00,2.7948521,2.929819507,2.790333196,2.906019688,2.906019688,749246400,3.110636576736159,2.68223913905,2.7327194118400002,3.038098513929149
2009-02-06 05:00:00,2.922891322,3.012669302,2.922289177,3.004233837,3.004233837,687209600,3.3796794084211212,2.6928136587,2.7367985725199997,3.0967721062123172
2009-02-09 05:00:00,3.012669098,3.103048412,2.997605007,3.0882864,3.0882864,715010800,2.7978036185070776,2.7107842326,2.7438542318200003,3.0722690659414678
2009-02-10 05:00:00,3.052737645,3.088286544,2.924096757,2.947294235,2.947294235,849060800,-4.565385030352099,2.724597311,2.74555942056,3.2333897417889754
2009-02-11 05:00:00,2.903309547,2.961754655,2.885233118,2.916866064,2.916866064,674973600,-1.0324103592595724,2.73832002875,2.7480599307799998,3.2323734927858454
2009-02-12 05:00:00,2.88704063,3.005137344,2.88704063,2.990676403,2.990676403,817188400,2.5304671994017314,2.7593183398,2.75429014204,3.1661844044828213
2009-02-13 05:00:00,2.982240567,3.010861373,2.956030756,2.987362623,2.987362623,608977600,-0.11080369633692522,2.78308833835,2.75832109448,3.0908551938544404
2009-02-17 05:00:00,2.918371967,2.923493219,2.840343878,2.847875118,2.847875118,678238400,-4.669252534863755,2.8014655709,2.7574956082999993,3.3038508232675268
2009-02-18 05:00:00,2.863541662,2.887642557,2.793346688,2.843055248,2.843055248,684779200,-0.16924442962881203,2.8258229851500003,2.7592791175399998,3.0249828720135725
2009-02-19 05:00:00,2.812928079,2.839439158,2.714714868,2.730682373,2.730682373,922804400,-3.9525392649000013,2.8375874638500003,2.75725461478,2.982861932225132
2009-02-20 05:00:00,2.693326258,2.783706394,2.681275305,2.747554541,2.747554541,750316000,0.6178736921886641,2.8418655038000002,2.7521210288600004,2.605738471224689
2009-02-23 05:00:00,2.761110628,2.771654808,2.606259739,2.619515181,2.619515181,786982000,-4.660120776106547,2.8397415757499997,2.74422181126,2.822998099650443
2009-02-24 05:00:00,2.634578696,2.738214464,2.621021979,2.718933344,2.718933344,807105600,3.7952886748320758,2.8406604170999996,2.73942563054,2.934776153162734
2009-02-25 05:00:00,2.707183731,2.799370869,2.688806236,2.746347904,2.746347904,833053200,1.00828363668779,2.8413081169,2.73711189266,2.9308923747817923
2009-02-26 05:00:00,2.771653566,2.799370136,2.680068999,2.68699789,2.68699789,629868400,-2.161052280141107,2.8337613344,2.7316408538399997,2.830655272385255
2009-02-27 05:00:00,2.649039017,2.750565845,2.641205901,2.690613985,2.690613985,706658400,0.13457751542931273,2.82820289135,2.7283630513799992,2.8209405767049196
2009-03-02 05:00:00,2.654763998,2.747554317,2.641206676,2.649340868,2.649340868,770929600,-1.5339664935250963,2.8249039769000004,2.7238500785400004,2.7569512004074177
2009-03-03 05:00:00,2.679165793,2.733695338,2.647532853,2.662294865,2.662294865,724340400,0.4889516919647674,2.8201740384000002,2.72337405678,2.7345261835921306
2009-03-04 05:00:00,2.71682468,2.794852781,2.694832498,2.746649981,2.746649981,741403600,3.1685113887638616,2.8174475789000004,2.72442245958,2.8083063471027114
2009-03-05 05:00:00,2.725259683,2.767738073,2.664705673,2.676454544,2.676454544,706899200,-2.555674639490957,2.8103527546000002,2.7237235116800003,2.857266266141442
2009-03-06 05:00:00,2.661391383,2.663199226,2.48032988,2.569806576,2.569806576,1011147200,-3.984673240166936,2.793542099,2.7234583997599997,2.8625828983796753
2009-03-09 04:00:00,2.536064615,2.639097216,2.487560749,2.503828526,2.503828526,698297600,-2.5674325303773338,2.76852183345,2.7214881134,2.736409254697472
2009-03-10 04:00:00,2.556851389,2.686396688,2.541487031,2.670128107,2.670128107,844258800,6.641811900181227,2.7476139188,2.72365121364,3.116294070514695
2009-03-11 04:00:00,2.705677643,2.834017446,2.698748749,2.792141199,2.792141199,846372800,4.569559478443397,2.739856267,2.7277906179399998,3.185349527838078
2009-03-12 04:00:00,2.798769995,2.909636562,2.77165575,2.902706861,2.902706861,768457200,3.9598879182614066,2.73914830685,2.73365931986,3.311612513039042
2009-03-13 04:00:00,2.901200088,2.928314324,2.862336176,2.890052557,2.890052557,601168400,-0.435948395961705,2.73411711455,2.7394677400400003,3.2596323999650823
2009-03-16 04:00:00,2.908129173,2.934037913,2.837331042,2.874688387,2.874688387,797244000,-0.5316225119431306,2.7284834027500002,2.74553525446,3.2609224287850536
2009-03-17 04:00:00,2.869266152,3.003329567,2.864144095,3.002426147,3.002426147,786646000,4.443534143653949,2.7362109541999997,2.7509038495800002,3.231544499859225
2009-03-18 04:00:00,3.009957351,3.117509685,3.004233954,3.058461428,3.058461428,796037200,1.8663333669669102,2.7469812632,2.7550854396599997,3.2475461603458564
2009-03-19 04:00:00,3.068402979,3.109073729,3.020200184,3.061474085,3.061474085,500180800,0.0985023702577692,2.7635208488,2.7602672385999996,3.08292493871983
2009-03-20 04:00:00,3.075633289,3.106362813,3.029841282,3.060570002,3.060570002,695587200,-0.029530970209079577,2.7791716218499998,2.7666420412000003,3.0863247349123686
2009-03-23 04:00:00,3.094311672,3.258502244,3.065390599,3.243438959,3.243438959,666397200,5.974996712393454,2.8103678107500003,2.7756559515000006,3.0509006997003136
2009-03-24 04:00:00,3.204273932,3.297064033,3.175051586,3.208491564,3.208491564,640612000,-1.077479657911451,2.8348457217500003,2.7852482843399997,3.0202148845692625
2009-03-25 04:00:00,3.241029599,3.264528151,3.128958358,3.208191156,3.208191156,646618000,-0.009362904467968836,2.85793788435,2.7959914541199997,3.0263972969734647
2009-03-26 04:00:00,3.248559779,3.313332424,3.241028741,3.310019016,3.310019016,616252000,3.173996032298776,2.8890889406499998,2.8093436002600005,2.984363194396794
2009-03-27 04:00:00,3.260611318,3.269649129,3.205479624,3.219036341,3.219036341,492872800,-2.748705507739002,2.91551005845,2.8223101234399994,3.1003205411034434
2009-03-30 04:00:00,3.148540121,3.163603206,3.091299513,3.147937775,3.147937775,502796000,-2.208691001540941,2.9404399037999998,2.8350296259,3.132228731661624
2009-03-31 04:00:00,3.176858314,3.237112051,3.1633016,3.166917086,3.166917086,570080000,0.6029125210392783,2.96567101485,2.8487613582800004,3.131522499807802
2009-04-01 04:00:00,3.135886511,3.283808496,3.129861037,3.274469614,3.274469614,589372000,3.396127056039999,2.9920619965,2.8671326113,3.140534303290945
2009-04-02 04:00:00,3.318153074,3.457037265,3.30730742,3.395578623,3.395578623,812366800,3.6985839930289144,3.02801820045,2.8851363277800006,3.0862080474126277
2009-04-03 04:00:00,3.440166467,3.498612374,3.419981928,3.494394541,3.494394541,636241200,2.910134883364779,3.0742475987,2.9017843437599997,2.8475430694154276
2009-04-06 04:00:00,3.462761558,3.577544052,3.412750916,3.568506241,3.568506241,658064400,2.1208738489727486,3.12748148445,2.9199145937399997,2.6753655941033307
2009-04-07 04:00:00,3.510663174,3.514881007,3.440166319,3.464569092,3.464569092,536580800,-2.9126234334642453,3.1672035337,2.93519484524,2.6216982970159206
2009-04-08 04:00:00,3.477523158,3.51849518,3.451915694,3.504336119,3.504336119,455630000,1.1478202900275791,3.2028132797,2.9506136894599995,2.509300983200739
2009-04-09 04:00:00,3.567601733,3.615201366,3.553742741,3.602247,3.602247,530756800,2.7939922905551695,3.23779028665,2.9658999586599997,2.4540598040795842
2009-04-13 04:00:00,3.615502999,3.644726151,3.585075557,3.621829748,3.621829748,389236400,0.5436259090506601,3.2743791462000003,2.9823008967000004,2.431172473391268
2009-04-14 04:00:00,3.602247587,3.620324011,3.53235369,3.564287901,3.564287901,454622000,-1.5887507421290303,3.3088591219000003,2.99928027158,2.4809294431319957
2009-04-15 04:00:00,3.530847175,3.562480517,3.487465363,3.544103622,3.544103622,412882400,-0.5662920493694434,3.33594299565,3.01502447132,2.3773706762285163
2009-04-16 04:00:00,3.590800167,3.710101367,3.578749215,3.658886433,3.658886433,593446000,3.2386979400795823,3.3659642459,3.0321786165599995,2.4272479640332105
2009-04-17 04:00:00,3.650750843,3.743239853,3.622733194,3.718234539,3.718234539,497495600,1.622026457687542,3.3988022686,3.0501762867399997,2.4237514381430127
2009-04-20 04:00:00,3.667320378,3.705280057,3.589894653,3.630264521,3.630264521,466466000,-2.365908257730809,3.4272869945499997,3.0646611833999997,2.5301608180640742
2009-04-21 04:00:00,3.58176172,3.679674095,3.573025182,3.668225288,3.668225288,470685600,1.045674957855236,3.4485263110000006,3.07794101242,2.230860856417541
2009-04-22 04:00:00,3.694435741,3.776380597,3.651353995,3.660693884,3.660693884,938767200,-0.20531465241890867,3.4711364270000002,3.0893891621,2.2038649968909803
2009-04-23 04:00:00,3.814640668,3.832114142,3.720946147,3.777885675,3.777885675,945156800,3.2013545713892144,3.4996211529499996,3.1060009909,2.2667093359384247
2009-04-24 04:00:00,3.754991348,3.770054637,3.704679825,3.732697487,3.732697487,540764000,-1.1961237551213144,3.5207550765,3.12231761936,2.240868208302119
2009-04-27 04:00:00,3.70256991,3.765835788,3.695338938,3.757701397,3.757701397,480690000,0.6698616774352129,3.5476883293,3.1376581192399997,2.095534776930216
2009-04-28 04:00:00,3.716127426,3.802290133,3.713416364,3.732697487,3.732697487,455856800,-0.6654043884370964,3.5769263149000006,3.15256481652,2.0054948676068363
2009-04-29 04:00:00,3.761317564,3.821570311,3.73058804,3.770054102,3.770054102,458110800,1.0007940672959181,3.6070831656999998,3.1710083962000004,2.0046315853484447
2009-04-30 04:00:00,3.802591648,3.826090609,3.763427653,3.790842772,3.790842772,498489600,0.5514156942461712,3.6329018236,3.18996414668,1.91678343822141
2009-05-01 04:00:00,3.789937282,3.854709939,3.789937282,3.833319902,3.833319902,397516000,1.120519434721623,3.65478888755,3.21201689726,1.790756811709686
2009-05-04 04:00:00,3.863445865,3.984253816,3.846574938,3.978831291,3.978831291,609358400,3.795962578653578,3.67901072505,3.23664243226,1.85991363039529
2009-05-05 04:00:00,3.969191274,4.00263186,3.950211427,3.998113155,3.998113155,398255200,0.48461124862506644,3.70049107075,3.26421439174,1.828343237679746
2009-05-06 04:00:00,4.016791563,4.021912815,3.923097027,3.991786242,3.991786242,473538800,-0.15824747211288237,3.7268519282499994,3.2896714497,1.645556508734846
2009-05-07 04:00:00,3.986665385,3.988473028,3.853204279,3.888151646,3.888151646,531776000,-2.596196031480791,3.7460427045999998,3.31250752454,1.800421553029
2009-05-08 04:00:00,3.887545065,3.953523176,3.803793422,3.892064571,3.892064571,467964000,0.10063714989165806,3.76053358315,3.33660885816,1.7216705138711892
2009-05-11 04:00:00,3.837235942,3.945390388,3.829703697,3.903514147,3.903514147,404658800,0.2941774421038934,3.7746178031,3.3608668614,1.7214913727855474
2009-05-12 04:00:00,3.903212815,3.907731921,3.713113532,3.748361349,3.748361349,609481600,-3.974695419491203,3.7838214754999995,3.3828472710199997,1.9351819660989282
2009-05-13 04:00:00,3.711909051,3.736312228,3.596523605,3.599838018,3.599838018,595971600,-3.962353603918789,3.7866081953,3.4015981340800003,2.149535995210125
2009-05-14 04:00:00,3.608573743,3.721549376,3.606163955,3.704075098,3.704075098,447826400,2.89560473217938,3.78886762855,3.4207466364199997,2.1243914474744097
2009-05-15 04:00:00,3.685095305,3.754387054,3.663705675,3.688108444,3.688108444,367567200,-0.4310564331868272,3.7873613238,3.44097971442,2.0955128288950764
2009-05-18 04:00:00,3.727575713,3.817051615,3.662501781,3.815544844,3.815544844,458841600,3.455332236971498,3.79662533995,3.46589447978,2.1558918013603994
2009-05-19 04:00:00,3.820666021,3.895681165,3.788128861,3.839645863,3.839645863,372422400,0.631653406928212,3.8051963687,3.4926108265200004,2.1500449196389257
2009-05-20 04:00:00,3.845068805,3.892669254,3.77487363,3.792045832,3.792045832,388584000,-1.2396984695564828,3.8117639661,3.5150491810199997,2.1738984980440317
2009-05-21 04:00:00,3.770354934,3.819460947,3.702268675,3.741131783,3.741131783,407946000,-1.342653840582586,3.8099262715,3.5340289927,2.0789696415391994
2009-05-22 04:00:00,3.737215321,3.741131879,3.667923965,3.690519094,3.690519094,297998400,-1.352871054422311,3.8078173518499994,3.54978523736,2.0838935030149264
2009-05-26 04:00:00,3.758602756,3.94147178,3.752276011,3.93996501,3.93996501,636927200,6.759101081621455,3.8169305325000003,3.57078348642,2.5785801292219133
2009-05-27 04:00:00,3.970094659,4.066499435,3.943883845,4.008355618,4.008355618,646422000,1.7358176487968446,3.8307134390499997,3.5934568310400006,2.5886980382423284
2009-05-28 04:00:00,4.020405539,4.07885184,3.977625875,4.069211483,4.069211483,487552800,1.5182251975528027,3.8456713081000005,3.6147925377599996,2.5977104534506594
2009-05-29 04:00:00,4.078851955,4.094216112,4.032456603,4.091505051,4.091505051,456534400,0.5478596551969916,3.86070442205,3.6354534102200002,2.597700693638993
2009-06-01 04:00:00,4.11138821,4.21743373,4.097228347,4.198153019,4.198153019,452499600,2.606570605942049,3.8789460779000002,3.6581869889000003,2.639880885633262
2009-06-02 04:00:00,4.187307763,4.258104668,4.168025845,4.202370644,4.202370644,456223600,0.10046382256463371,3.8901230455499998,3.68102300174,2.5229270633466268
2009-06-03 04:00:00,4.217734937,4.25117551,4.189717289,4.246355534,4.246355534,565199600,1.0466685051400804,3.9025351645,3.70108133324,2.5281742199397828
2009-06-04 04:00:00,4.221651124,4.343664137,4.218940064,4.330408096,4.330408096,550634000,1.9794047231090905,3.9194662572000007,3.72351966388,2.5514491736028275
2009-06-05 04:00:00,4.377708717,4.410546349,4.314442838,4.358428001,4.358428001,632716000,0.6470499864869916,3.9429800749499995,3.7465244007800003,2.4494413953441425
2009-06-08 04:00:00,4.332820126,4.345171545,4.200563765,4.333723545,4.333723545,931652400,-0.5668203305029262,3.96506302365,3.7669984913600003,2.4611331185619245
2009-06-09 04:00:00,4.332518341,4.35511347,4.234305514,4.29968071,4.29968071,676964400,-0.7855331482617744,3.9848713518,3.78861137874,2.4792169109869118
2009-06-10 04:00:00,4.286425253,4.288534169,4.166521114,4.225267887,4.225267887,688623600,-1.7306592749301908,4.0087166787,3.81015798098,2.310443275024777
2009-06-11 04:00:00,4.204179695,4.264733711,4.174052318,4.216229439,4.216229439,524823600,-0.2139142000394556,4.03953624975,3.8311442280399994,2.056794910981504
2009-06-12 04:00:00,4.181884724,4.19062126,4.098433514,4.126451969,4.126451969,563085600,-2.129330751537417,4.0606550933,3.84818387514,2.0955534822852124
2009-06-15 04:00:00,4.097530989,4.125247372,4.06378913,4.099940777,4.099940777,539750400,-0.6424694192290525,4.08124670995,3.86227111822,2.101350461155743
2009-06-16 04:00:00,4.117112462,4.171641803,4.100241535,4.107773781,4.107773781,514805200,0.19105163771979683,4.0958581568,3.87453870302,1.9876038464395294
2009-06-17 04:00:00,4.117414242,4.140913597,4.052943664,4.084576607,4.084576607,571412800,-0.5647140090161651,4.108104694,3.88486011034,1.9978611475413137
2009-06-18 04:00:00,4.10054204,4.157481561,4.084876613,4.093613148,4.093613148,427680400,0.22123568412240058,4.1231830598000005,3.89744099146,1.9639383021308705
2009-06-19 04:00:00,4.159590168,4.202671905,4.124342755,4.202069759,4.202069759,721856800,2.6494103638734723,4.1462299586,3.9113956642600005,1.980170402080945
2009-06-22 04:00:00,4.237922303,4.264734467,4.107172281,4.138503551,4.138503551,634914000,-1.512735667080567,4.16862918145,3.92212079528,1.9887758061691454
2009-06-23 04:00:00,4.109282796,4.125851656,4.003236381,4.037279129,4.037279129,706532400,-2.4459184522275246,4.1734948873999995,3.9304297829,1.4889753522692415
2009-06-24 04:00:00,4.079756346,4.142419277,4.062885418,4.10385704,4.10385704,485525600,1.6490787204126667,4.1782699585000005,3.9412211656799996,1.4841784217617675
2009-06-25 04:00:00,4.089695595,4.223759538,4.073427625,4.213516235,4.213516235,589447600,2.672100756219331,4.1854851961,3.95460941794,1.5614687612464884
2009-06-26 04:00:00,4.211409052,4.324986838,4.209902683,4.291244984,4.291244984,439384400,1.8447478225985803,4.1954721927500005,3.96725658896,1.6036483219095279
2009-06-29 04:00:00,4.321974368,4.336736382,4.264131411,4.277085781,4.277085781,567616000,-0.32995559686741505,4.19941883085,3.9784336137999996,1.5081958841145455
2009-06-30 04:00:00,4.295462729,4.332216917,4.271964182,4.290943623,4.290943623,434224000,0.3240019655804005,4.2038474798,3.99164719584,1.5089967095386894
2009-07-01 04:00:00,4.323179115,4.358126465,4.293655093,4.302993774,4.302993774,414178800,0.2808275302292218,4.2066793918,4.00434256556,1.4937540837132357
2009-07-02 04:00:00,4.255392838,4.302992464,4.211407691,4.218336582,4.218336582,370479200,-1.9674021494412663,4.2010758160999995,4.0154954195200006,1.4898791231610828
2009-07-06 04:00:00,4.178571467,4.187309212,4.104761397,4.175860405,4.175860405,498688400,-1.0069413896759638,4.1919474362999996,4.02345491412,1.4909362252188665
2009-07-07 04:00:00,4.171944832,4.208096893,4.072526868,4.079154491,4.079154491,461596800,-2.3158320590460524,4.1792189836,4.0303840542,1.562942208695286
2009-07-08 04:00:00,4.094820104,4.158688138,4.049629437,4.133984089,4.133984089,575929200,1.3441412459609836,4.17093415255,4.037909708040001,1.5995694444219957
2009-07-09 04:00:00,4.150251703,4.157180596,4.095119821,4.108074188,4.108074188,343025200,-0.626753766879351,4.1650744676,4.04541724206,1.5620016365052276
2009-07-10 04:00:00,4.107472564,4.186705146,4.106869212,4.173148632,4.173148632,445275600,1.5840620451813558,4.1629204272499996,4.05347913266,1.6079204516218526
2009-07-13 04:00:00,4.203876747,4.288231373,4.143322743,4.288231373,4.288231373,483501200,2.7576957148743197,4.17100939745,4.06342690468,1.6444693634942642
2009-07-14 04:00:00,4.278895414,4.313540705,4.252685389,4.286125183,4.286125183,347247600,-0.049115586748915696,4.180318617749999,4.0724830103,1.6336871926014647
2009-07-15 04:00:00,4.369576065,4.428624537,4.347885151,4.425009251,4.425009251,485587200,3.2403175845365784,4.19618039125,4.0814065695,1.766279970733641
2009-07-16 04:00:00,4.391265211,4.459351865,4.385541412,4.444287777,4.444287777,393570800,0.4356719931295938,4.21416594975,4.09033006194,1.752004854166451
2009-07-17 04:00:00,4.491286806,4.579859283,4.477729486,4.571724892,4.571724892,602154000,2.8674361651266134,4.238071536950001,4.10192883494,1.832871784291452
2009-07-20 04:00:00,4.617517591,4.670841841,4.545816044,4.606671333,4.606671333,735526400,0.7644038481220194,4.25830161565,4.11629922868,1.767605729857436
2009-07-21 04:00:00,4.618119017,4.622336447,4.511470142,4.564492702,4.564492702,874781600,-0.9155988771730406,4.2796010732,4.1297477913,1.7370335696130754
2009-07-22 04:00:00,4.753690767,4.782010507,4.70307797,4.722057819,4.722057819,874104000,3.451974343851183,4.3138400077,4.14611866474,1.7100599951340518
2009-07-23 04:00:00,4.71874355,4.773272094,4.686507657,4.754594326,4.754594326,526962800,0.689032372053644,4.346376872,4.16624332428,1.6984134989660205
2009-07-24 04:00:00,4.728383093,4.820269572,4.714826178,4.8199687,4.8199687,438362400,1.3749727004574774,4.37669949525,4.190645937919999,1.6451742077045282
2009-07-27 04:00:00,4.825390681,4.846780714,4.73772244,4.823281765,4.823281765,433311200,0.06873623473944157,4.4033013343,4.21303007126,1.6272496901974938
2009-07-28 04:00:00,4.786526784,4.823280966,4.747964155,4.820268631,4.820268631,363554800,-0.06247061952433519,4.4304604767999995,4.235673275,1.6203008118878188
2009-07-29 04:00:00,4.787130938,4.833827167,4.767548544,4.821173668,4.821173668,382158000,0.01877565482926169,4.4569719790499995,4.25578585148,1.6245875288564038
2009-07-30 04:00:00,4.87148372,4.962465953,4.865458247,4.904322147,4.904322147,469604800,1.7246522263217434,4.487038397699999,4.27707937716,1.6418007946234987
2009-07-31 04:00:00,4.910348094,4.97090291,4.907937904,4.922399044,4.922399044,422536800,0.36859114181675423,4.5222415208,4.2996864414000004,1.5231891214650901
2009-08-03 04:00:00,4.97723023,5.020311981,4.966987323,5.013985634,5.013985634,394240000,1.8606088043925828,4.56414778225,4.32514351842,1.4799145047370459
2009-08-04 04:00:00,4.96879539,4.988076512,4.947104479,4.987473965,4.987473965,395810800,-0.528754386933683,4.60956375595,4.35108261584,1.3188709243679353
2009-08-05 04:00:00,4.99349813,5.042905416,4.94710318,4.974217415,4.974217415,423183600,-0.26579687619482373,4.65157542225,4.37176766394,1.346779980428264
2009-08-06 04:00:00,4.98837479,5.016393241,4.91336006,4.938064098,4.938064098,341616800,-0.7268141696214925,4.69307491775,4.39036183354,1.3530695251889424
2009-08-07 04:00:00,4.985665421,5.019106006,4.964877933,4.986267567,4.986267567,387354800,0.9761612656976837,4.7337308645,4.408702955220001,1.3444731141606718
2009-08-10 04:00:00,4.990787405,5.019105932,4.930533456,4.96246767,4.96246767,300294400,-0.477308862394632,4.76744267935,4.4261222076,1.3035087243406713
2009-08-11 04:00:00,4.931436403,4.952224291,4.876907868,4.905528069,4.905528069,355342400,-1.1474049764438998,4.7984128236500005,4.4402697086,1.3604284667347524
2009-08-12 04:00:00,4.897091447,5.022418884,4.894380386,4.980241776,4.980241776,445071200,1.5230512586839717,4.8261744499,4.45582713124,1.2395400174237252
2009-08-13 04:00:00,5.020613559,5.081469664,5.016094452,5.073937416,5.073937416,439980800,1.8813472159428857,4.85765693185,4.4723787688800005,1.2712010373059952
2009-08-14 04:00:00,5.059476009,5.068212546,4.986871039,5.024529457,5.024529457,305816000,-0.9737597244340868,4.8802971601,4.4862611961,1.2108301683066642
2009-08-17 04:00:00,4.927217307,4.928422804,4.80279411,4.807916164,4.807916164,524381200,-4.311115993124925,4.8903594016500005,4.49525095936,1.613172398624791
2009-08-18 04:00:00,4.86937608,4.948006516,4.86274846,4.940776348,4.940776348,431152400,2.763363159175092,4.90917358395,4.50739201542,1.6842792904385224
2009-08-19 04:00:00,4.903118254,4.979941052,4.894080443,4.958852291,4.958852291,413271600,0.365852281642276,4.92101330755,4.52057544704,1.5247724806319118
2009-08-20 04:00:00,4.970300868,5.0227217,4.959154543,5.010972023,5.010972023,342031200,1.051044252610489,4.9338321924,4.53628952976,1.5323125748735502
2009-08-21 04:00:00,5.050738874,5.102557154,5.025131008,5.098037243,5.098037243,416074400,1.7374916403519514,4.94773561955,4.55392568584,1.5480822664368243
2009-08-24 04:00:00,5.125152066,5.142927219,5.069418026,5.09321785,5.09321785,406929600,-0.09453428388773721,4.9612324238,4.57326100346,1.5497528934853335
2009-08-25 04:00:00,5.105267477,5.149854778,5.095325445,5.103459835,5.103459835,324354800,0.20109065234661383,4.975391984,4.59333138462,1.5477696502395875
2009-08-26 04:00:00,5.089000217,5.107980063,5.023926687,5.043509483,5.043509483,303998800,-1.1747001825870074,4.98650877475,4.61204609866,1.5817092835054052
2009-08-27 04:00:00,5.083877407,5.108580644,4.965780933,5.104966164,5.104966164,449181600,1.2185300970911195,4.9965409756,4.632453889800001,1.5605738876575994
2009-08-28 04:00:00,5.189924631,5.196552252,5.077251056,5.12304306,5.12304306,453700800,0.3541041295724412,5.0065731764,4.65304248804,1.5605009094509092
2009-08-31 04:00:00,5.066103493,5.086890981,5.016093656,5.067610264,5.067610264,311337600,-1.0820286956557346,5.0092544079,4.670353298139999,1.535364212762602
2009-09-01 04:00:00,5.060982406,5.12153723,4.969095914,4.979941368,4.979941368,469028000,-1.7299849718671934,5.0088777780500005,4.68718205448,1.582562511700263
2009-09-02 04:00:00,4.959456011,5.049534467,4.944091047,4.976326942,4.976326942,364249200,-0.07257968985791008,5.0089832544,4.70596301074,1.58141541358221
2009-09-03 04:00:00,5.014284544,5.034167802,4.970901938,5.017598152,5.017598152,293955200,0.8293508541746375,5.0129599571,4.72423783298,1.5813260192419192
2009-09-04 04:00:00,5.039592526,5.142625741,5.033868325,5.130876064,5.130876064,374628800,2.257612279190746,5.02019038195,4.74258502956,1.6437687341577865
2009-09-08 04:00:00,5.211314242,5.21613422,5.181790216,5.209807873,5.209807873,315047600,1.5383690429362051,5.0325573921,4.76095628734,1.6645589012961397
2009-09-09 04:00:00,5.205288694,5.256202754,5.112498385,5.155881405,5.155881405,811087200,-1.0350951381427276,5.045075058899999,4.778532199820001,1.6597550749141323
2009-09-10 04:00:00,5.183598516,5.219449295,5.145940094,5.198661804,5.198661804,491134000,0.8297397794781336,5.0559960603,4.79668656344,1.6391510803989289
2009-09-11 04:00:00,5.209203916,5.217338306,5.147745692,5.186608791,5.186608791,348961200,-0.23184837664812497,5.0616296290500005,4.81435886378,1.594445709227274
2009-09-14 04:00:00,5.146540399,5.239029414,5.129067329,5.233607292,5.233607292,322011200,0.9061508761091464,5.072083520800001,4.83466427798,1.5818080245191872
2009-09-15 04:00:00,5.243248081,5.291751948,5.229691567,5.276989937,5.276989937,426470800,0.828924345667148,5.09553720945,4.85668686862,1.1720359025982663
2009-09-16 04:00:00,5.362248414,5.505651491,5.358934403,5.479139805,5.479139805,754023200,3.830779865290479,5.1224553823,4.8846865749,1.2992215753411003
2009-09-17 04:00:00,5.482454366,5.627363011,5.482153092,5.559879303,5.559879303,810572000,1.4735798113112653,5.1525067329,4.91320447918,1.3155256818963406
2009-09-18 04:00:00,5.598443668,5.620134579,5.566207368,5.57404089,5.57404089,601582800,0.2547103314339827,5.18066017625,4.94252381322,1.3126236959492394
2009-09-21 04:00:00,5.552046801,5.578256409,5.471608728,5.543912411,5.543912411,437715600,-0.540514136773762,5.20295393465,4.9699390888,1.3022194119668786
2009-09-22 04:00:00,5.579162602,5.584886402,5.508665732,5.55777216,5.55777216,356753600,0.24999942229426697,5.22618165015,4.99532990454,1.2972112277816672
2009-09-23 04:00:00,5.585488164,5.69093157,5.574340633,5.5885005,5.5885005,593563600,0.5528895232725928,5.2504336834,5.02137741088,1.2961100688997234
2009-09-24 04:00:00,5.639714318,5.654777601,5.506253685,5.53788662,5.53788662,550880400,-0.9056790815353821,5.27515254025,5.04363495826,1.2795102048415166
2009-09-25 04:00:00,5.483359542,5.588501697,5.466187336,5.494204998,5.494204998,445239200,-0.7887778316414962,5.29461448195,5.06463330268,1.2968389881064786
2009-09-28 04:00:00,5.53939436,5.624050282,5.523125978,5.608082771,5.608082771,337444800,2.0726888247062814,5.3188664674999995,5.08536046026,1.3511142358310826
2009-09-29 04:00:00,5.625556676,5.645740812,5.552649632,5.58488512,5.58488512,345385600,-0.41364673003683183,5.344730210300001,5.104924736,1.3187951885764568
2009-09-30 04:00:00,5.607479583,5.617120343,5.501434047,5.583981037,5.583981037,539585200,-0.01618803217209308,5.37493219375,5.1253145027,1.21845353645387
2009-10-01 04:00:00,5.583981035,5.610190642,5.443891165,5.448712349,5.448712349,524711600,-2.422441750852955,5.3985514641,5.1398475933,1.3865038241483083
2009-10-02 04:00:00,5.46528322,5.601756629,5.463475577,5.570424557,5.570424557,553308000,2.233779289566229,5.42619278435,5.15616419792,1.440518919236501
2009-10-05 04:00:00,5.609588884,5.629472147,5.551443855,5.604165554,5.604165554,423133200,0.6057167933025687,5.44985725885,5.171848135,1.382671819372285
2009-10-06 04:00:00,5.655984769,5.72437191,5.642729526,5.72437191,5.72437191,605085600,2.1449465552316305,5.4755854607,5.1898699379,1.414071059244361
2009-10-07 04:00:00,5.716841131,5.740640958,5.694848143,5.731603146,5.731603146,465668000,0.12632365810067991,5.50437154775,5.2080966282,1.3717261535850584
2009-10-08 04:00:00,5.743953631,5.767753451,5.690628585,5.702077389,5.702077389,438211200,-0.515139590929381,5.529542327,5.22571470262,1.3895997733616776
2009-10-09 04:00:00,5.693039351,5.745157691,5.682495173,5.738228798,5.738228798,293272000,0.6340041801210949,5.55712332735,5.24239283564,1.3799614672932998
2009-10-12 04:00:00,5.754799439,5.76956145,5.713224468,5.748472691,5.748472691,288024800,0.17852012111421178,5.5828665973,5.2589143085800005,1.3787142683552396
2009-10-13 04:00:00,5.743051601,5.759319986,5.715033939,5.724674702,5.724674702,348020400,-0.41398803263446027,5.605250835550001,5.273128089940001,1.3900871410608546
2009-10-14 04:00:00,5.791854803,5.793963317,5.73099952,5.762933731,5.762933731,375510800,0.66831795676765,5.61944053185,5.288637285259999,1.138424737320474
2009-10-15 04:00:00,5.712923393,5.7517865,5.709911058,5.740941048,5.740941048,373556400,-0.38162304177987716,5.6284936191,5.303971757919999,1.1094603932580582
2009-10-16 04:00:00,5.704489003,5.734916854,5.658997461,5.665324211,5.665324211,431426800,-1.3171505571607178,5.63305778515,5.31851696018,1.1574947179187556
2009-10-19 04:00:00,5.659296546,5.724068371,5.590005214,5.71985054,5.71985054,942230800,0.962457345232437,5.6418546916,5.3331886196400005,1.1633432452270756
2009-10-20 04:00:00,6.043413379,6.078058653,5.960564306,5.987979412,5.987979412,1141039200,4.687690178701764,5.6633650542,5.35369885448,1.5423289773232987
2009-10-21 04:00:00,6.010876865,6.287741855,6.002140327,6.173561096,6.173561096,1193726800,3.0992371755335757,5.692618084,5.37905951502,1.6577307878816094
2009-10-22 04:00:00,6.166933058,6.261832293,6.100956107,6.181996346,6.181996346,791392000,0.13663507769390293,5.724823570300001,5.403094606420001,1.6269153753236818
2009-10-23 04:00:00,6.197059595,6.200071931,6.122646184,6.144035816,6.144035816,420786800,-0.6140496997311007,5.7573151112000005,5.42449657442,1.6197215822689908
2009-10-26 04:00:00,6.135903132,6.228693044,6.028350806,6.100052357,6.100052357,484338400,-0.7158724382019366,5.7819135905,5.44600703242,1.6037569964097604
2009-10-27 04:00:00,6.075347749,6.109993024,5.918386939,5.946104527,5.946104527,756551600,-2.523713256712301,5.79997456085,5.46877079968,1.7270754971065727
2009-10-28 04:00:00,5.95634576,5.965685647,5.757208664,5.796373844,5.796373844,818386800,-2.518130690775866,5.8105942012,5.4858827496,1.8402142227310148
2009-10-29 04:00:00,5.874704952,5.929234707,5.788542653,5.91537571,5.91537571,570270400,2.053039869455331,5.83392736925,5.50501321798,1.7751440417666562
2009-10-30 04:00:00,5.906637443,5.928930894,5.668937705,5.678879738,5.678879738,717525200,-3.9979873400129318,5.8393501282999996,5.51837137228,1.9767104354887315
2009-11-02 05:00:00,5.718042455,5.810832321,5.590606925,5.703280449,5.703280449,678983200,0.42967472680788266,5.84430587305,5.5304762364,1.9748011620286952
2009-11-03 05:00:00,5.659299375,5.70961009,5.601154335,5.686412811,5.686412811,522541600,-0.2957532625448511,5.8424079181,5.54234013562,1.9167404339236371
2009-11-04 05:00:00,5.746062903,5.840057494,5.730999618,5.748472691,5.748472691,487530400,1.0913713453928109,5.84325139535,5.555240392740001,1.932590201125761
2009-11-05 05:00:00,5.79637356,5.874702709,5.778899685,5.845479965,5.845479965,384801200,1.6875312663810371,5.85042152415,5.571279802379999,1.9622807097400605
2009-11-06 05:00:00,5.799689231,5.880428197,5.796375622,5.854820728,5.854820728,295097600,0.1597946286006957,5.85625112065,5.58627689366,1.9588914037886764
2009-11-09 05:00:00,5.933148323,6.082576872,5.912662917,6.069321632,6.069321632,528855600,3.6636630558844363,5.8722935677,5.6052024651,2.11340372951985
2009-11-10 05:00:00,6.056066244,6.175367425,6.05576497,6.115114689,6.115114689,401195200,0.7545004166291003,5.89181556705,5.6261525536,2.108975552471638
2009-11-11 05:00:00,6.162715669,6.175971716,6.08046953,6.123250008,6.123250008,443870000,0.13303624565921268,5.9098313809,5.6490187264,2.1081394459565876
2009-11-12 05:00:00,6.119934752,6.172053902,6.068418551,6.085289478,6.085289478,363731200,-0.6199408802581186,5.9270488024,5.67119797712,2.1130099421652346
2009-11-13 05:00:00,6.111800966,6.170849418,6.087699869,6.159401417,6.159401417,343240800,1.2178868280290578,5.9517526627,5.694034042419999,2.0859495313616563
2009-11-16 05:00:00,6.190430125,6.26634949,6.176271065,6.225076199,6.225076199,485206400,1.0662526689482643,5.97701394565,5.71591804512,2.0874475504002543
2009-11-17 05:00:00,6.208506843,6.24947846,6.175970086,6.236223221,6.236223221,396513600,0.17906643458904803,5.9894261361,5.73644635208,1.8330720515556191
2009-11-18 05:00:00,6.222365961,6.236223749,6.145843636,6.204891682,6.204891682,374320800,-0.5024120832380352,5.9909926654,5.7574265576200006,1.7078954936325292
2009-11-19 05:00:00,6.164220244,6.164220244,6.019310807,6.040700436,6.040700436,542326400,-2.6461581348198093,5.9839278699,5.77426733026,1.8098539652668035
2009-11-20 05:00:00,5.999728108,6.03708524,5.957851872,6.022925377,6.022925377,406666400,-0.2942549326576116,5.97787234795,5.79099366198,1.8064820862834399
2009-11-23 05:00:00,6.115716921,6.206097032,6.11421015,6.202481747,6.202481747,474896800,2.981215252735492,5.98299381745,5.81037115108,1.923763340878143
2009-11-24 05:00:00,6.185911735,6.202481791,6.112704629,6.159099579,6.159099579,318438400,-0.6994324170479516,5.99364357005,5.82801334392,1.8339180834458133
2009-11-25 05:00:00,6.188018934,6.195551178,6.138611664,6.151566029,6.151566029,286454000,-0.12231576878034556,6.011403179299999,5.841461868400001,1.7224238567537316
2009-11-27 05:00:00,6.001839123,6.114512709,5.976231654,6.043113232,6.043113232,295257200,-1.763011182660268,6.017790055400001,5.851126546980001,1.7307437989036714
2009-11-30 05:00:00,6.058777086,6.075949286,5.988281046,6.022625446,6.022625446,424858000,-0.33902700832264543,6.034977340799999,5.860098238100001,1.4416580130846175
2009-12-01 05:00:00,6.092818704,6.108786208,5.929833683,5.934051514,5.934051514,465763200,-1.470686377463959,6.046515894050001,5.86790102016,1.4945981385783376
2009-12-02 05:00:00,5.994005101,6.068116836,5.897298638,5.911759377,5.911759377,715260000,-0.3756647030685012,6.057783222349999,5.8749807645,1.496124758818764
2009-12-03 05:00:00,5.947609468,5.994607766,5.912964197,5.919290543,5.919290543,448719600,0.1273929725438494,6.0663241149500005,5.88159656536,1.481525510523529
2009-12-04 05:00:00,6.016299184,6.021721307,5.732505347,5.824090958,5.824090958,826884800,-1.6082938370474142,6.065254664599999,5.88732065212,1.4856011930265718
2009-12-07 05:00:00,5.824090421,5.837647336,5.68430223,5.692436218,5.692436218,714758800,-2.2605199841386203,6.0571354391,5.89128527652,1.5675390072519044
2009-12-08 05:00:00,5.704788298,5.794867529,5.684905037,5.720152855,5.720152855,690398800,0.48690289954163024,6.03967700025,5.8935266782,1.301360769698255
2009-12-09 05:00:00,5.762632242,5.969903737,5.733409093,5.959058285,5.959058285,684782000,4.1765567469262965,6.03187418005,5.9010101415,1.6292659175543067
2009-12-10 05:00:00,6.010274205,6.01629968,5.908446083,5.917785168,5.917785168,489669600,-0.6926113997557604,6.02160093805,5.90768622412,1.63306156066686
2009-12-11 05:00:00,5.958455554,5.965083978,5.827404688,5.864761829,5.864761829,429774800,-0.8959997278495391,6.0105745556,5.9160072137199995,1.6383300394459621
2009-12-14 05:00:00,5.885850439,5.947911222,5.801194527,5.934354305,5.934354305,495790400,1.1866206681383051,5.9993222,5.92328580868,1.6369485759985778
2009-12-15 05:00:00,5.89970774,5.950320511,5.822583286,5.849697113,5.849697113,419459600,-1.4265611328375116,5.9805532457,5.92819643986,1.6324954111152368
2009-12-16 05:00:00,5.877715453,5.919892969,5.861145801,5.875606537,5.875606537,352984800,0.4429190691330076,5.9625224115,5.9312211324,1.6376113956204454
2009-12-17 05:00:00,5.852410162,5.874704018,5.754197329,5.780106068,5.780106068,388838800,-1.625372093904054,5.9412831308000005,5.93219119084,1.6644969389098365
2009-12-18 05:00:00,5.819572263,5.889767035,5.802399257,5.887658119,5.887658119,608770400,1.8607279820595846,5.9336310149500004,5.93590280544,1.6408909071038995
2009-12-21 05:00:00,5.906338271,6.017806765,5.894889464,5.97201395,5.97201395,611906400,1.4327569518307381,5.931085443600001,5.940578508480001,1.6760573809352595
2009-12-22 05:00:00,6.008465549,6.050943937,5.984966601,6.036181927,6.036181927,349515600,1.074478015912872,5.9227704526,5.9463326932,1.5449040935194707
2009-12-23 05:00:00,6.061487835,6.09703773,6.049738964,6.088602066,6.088602066,345525600,0.868432059105495,5.91924557695,5.95361124048,1.5539504857675246
2009-12-24 05:00:00,6.132287013,6.307022174,6.126261538,6.297682285,6.297682285,500889200,3.433960977143613,5.926551389750001,5.96430621156,1.7374148098232116
2009-12-28 05:00:00,6.378422179,6.445603811,6.314854222,6.375107765,6.375107765,644565600,1.2294281689061215,5.9431511164,5.9769895458999995,1.6939712789767656
2009-12-29 05:00:00,6.405836147,6.408547611,6.28834182,6.299488544,6.299488544,445205600,-1.1861638075383985,5.9569942713,5.98967283256,1.7206784182037007
2009-12-30 05:00:00,6.291354516,6.386856674,6.275689088,6.376010418,6.376010418,412084400,1.214731536782998,5.9790922165,6.002796030120001,1.6846498434807962
2009-12-31 05:00:00,6.420900107,6.427528129,6.343474368,6.348595619,6.348595619,352410800,-0.4299679141459012,6.000934028600001,6.01000835426,1.6859635415836758
2010-01-04 05:00:00,6.429939014,6.462174504,6.398306072,6.447412491,6.447412491,493729600,1.5565154552332983,6.027340126,6.01548538216,1.7052933601697484
2010-01-05 05:00:00,6.465187059,6.495012356,6.424515505,6.458559036,6.458559036,601904800,0.17288400603434617,6.0590635298999995,6.02101663596,1.637758934998948
2010-01-06 05:00:00,6.458558786,6.484166652,6.349198832,6.355826855,6.355826855,552160000,-1.590636246063104,6.09223306175,6.02525245674,1.5836196120985757
2010-01-07 05:00:00,6.379325258,6.386857101,6.297982959,6.344076633,6.344076633,477131200,-0.18487322370583925,6.12342925065,6.030132942260001,1.5924512465278067
2010-01-08 05:00:00,6.335642948,6.386858691,6.298286605,6.386255741,6.386255741,447610800,0.6648581100139328,6.14478912345,6.03893596654,1.3434556326354603
2010-01-11 05:00:00,6.410959093,6.416984569,6.279908219,6.329918861,6.329918861,462229600,-0.8821582204783129,6.1653958081,6.0496068668800005,1.3518793597302228
2010-01-12 05:00:00,6.302200576,6.319674856,6.218750164,6.257914543,6.257914543,594459600,-1.137523554111164,6.1850534438,6.05645764354,1.3645754651149036
2010-01-13 05:00:00,6.262435342,6.354622304,6.148857539,6.346186638,6.346186638,605892000,1.4105672807363412,6.20564506045,6.06980378154,1.3728360197042286
2010-01-14 05:00:00,6.329918167,6.340462346,6.297079732,6.309431553,6.309431553,432894000,-0.5791680436865287,6.22863178245,6.08192680362,1.3276162735411554
2010-01-15 05:00:00,6.354621812,6.374807154,6.20218091,6.203988552,6.203988552,594067600,-1.6711965272032114,6.2450508832,6.09227831844,1.4048723202187317
2010-01-19 05:00:00,6.27629326,6.482962253,6.243455623,6.478443146,6.478443146,730007600,4.423841077390822,6.2799677371,6.10687772754,1.6090444718055152
2010-01-20 05:00:00,6.474524408,6.493805522,6.311539365,6.378722191,6.378722191,612152800,-1.539273445064826,6.3045209407,6.1175425720600005,1.6462432738731358
2010-01-21 05:00:00,6.389267604,6.426323069,6.242550106,6.268458843,6.268458843,608154400,-1.7286118551388618,6.319343185349999,6.1258153343599995,1.6943544105247657
2010-01-22 05:00:00,6.229596115,6.25128702,5.93977761,5.957551956,5.957551956,881767600,-4.959861662762465,6.315411686799999,6.12357994084,2.0424523326379016
2010-01-25 05:00:00,6.100954106,6.166931035,6.031060217,6.117825031,6.117825031,1065699600,2.690250562373775,6.316872835050001,6.12363414768,2.124351236399299
2010-01-26 05:00:00,6.20459071,6.438373904,6.103063873,6.204289436,6.204289436,1867110000,1.4133193506167707,6.3122031926,6.125254936240001,1.9990671939927303
2010-01-27 05:00:00,6.231704574,6.344076864,6.011177021,6.262735367,6.262735367,1722568400,0.9420245719174769,6.306584572699999,6.12880385402,1.9903572909384606
2010-01-28 05:00:00,6.173861952,6.191033751,5.986172435,6.003946781,6.003946781,1173502400,-4.132197368000345,6.2918074845500005,6.1256947613,2.1775222582008977
2010-01-29 05:00:00,6.057874774,6.091616632,5.731602512,5.786131859,5.786131859,1245952400,-3.627862303664875,6.2623135566000006,6.1169158745,2.276873607932951
2010-02-01 05:00:00,5.79547005,5.904830002,5.763234565,5.866569042,5.866569042,749876400,1.3901719656610467,6.23821222775,6.10952279092,2.314184119030909
2010-02-02 05:00:00,5.902119125,5.914470946,5.825898478,5.900612354,5.900612354,698342400,0.5802933836843271,6.2108722209,6.1034372043600005,2.2815102679567234
2010-02-03 05:00:00,5.879824303,6.031361763,5.857229177,6.002138615,6.002138615,615328000,1.7206055051417923,6.18805119985,6.102665967940001,2.328348323825436
2010-02-04 05:00:00,5.92682308,5.976231175,5.771369833,5.785830975,5.785830975,757652000,-3.603842794623635,6.15955140585,6.0979240799,2.426708388208312
2010-02-05 05:00:00,5.803303196,5.90483003,5.749677275,5.888561249,5.888561249,850306800,1.775549172519697,6.13677563665,6.09164566994,2.4766578650591593
2010-02-08 05:00:00,5.895490429,5.961467762,5.844575977,5.848191261,5.848191261,478270800,-0.6855662409362862,6.109872412650001,6.085427503579999,2.4661344374900125
2010-02-09 05:00:00,5.917485212,5.950021983,5.867173688,5.910556316,5.910556316,632886800,1.0663990320544992,6.0889042854,6.0806073093199995,2.4849193961433658
2010-02-10 05:00:00,5.90151654,5.922907381,5.852410523,5.878319263,5.878319263,370361600,-0.5454148692016325,6.069924521399999,6.07731142994,2.478091825416003
2010-02-11 05:00:00,5.871088186,6.017805277,5.846384142,5.985268116,5.985268116,550345600,1.8193780945715332,6.0518785953,6.07656428334,2.4944286226612102
2010-02-12 05:00:00,5.968396723,6.074744332,5.889766296,6.036784649,6.036784649,655468800,0.860722226666577,6.0382462501,6.07861894604,2.50556393075137
2010-02-16 05:00:00,6.083782877,6.136504576,6.071129782,6.12776804,6.12776804,543737600,1.507149853607448,6.034435224499999,6.082939119300001,2.5075047826957007
2010-02-17 05:00:00,6.151567738,6.155183023,6.051245594,6.102160454,6.102160454,436396800,-0.4178941799500735,6.0156210899,6.08659651752,2.277922925472891
2010-02-18 05:00:00,6.074441279,6.142528322,6.053051654,6.113606453,6.113606453,422825200,0.18757289465400895,6.0023653029999995,6.09238682742,2.2600865726615775
2010-02-19 05:00:00,6.081372911,6.121742385,6.058777381,6.075648308,6.075648308,415469600,-0.6208797588103443,5.99272477625,6.10005106922,2.2337486980054146
2010-02-22 05:00:00,6.09583433,6.100654308,6.000935103,6.03799057,6.03799057,390563600,-0.6198143159539815,5.996746706950001,6.1064078235200006,1.9302438014515912
2010-02-23 05:00:00,6.025335255,6.065403847,5.896092072,5.93676281,5.93676281,575094800,-1.676514045963462,5.9876935959,6.105961914020001,1.8659431893707326
2010-02-24 05:00:00,5.97201254,6.068719399,5.960262865,6.045220852,6.045220852,460566400,1.826888583409647,5.979740166699999,6.1085106277,1.8861674411199127
2010-02-25 05:00:00,5.946406045,6.111500057,5.931644031,6.085591316,6.085591316,665126000,0.6678079261015712,5.97088296415,6.11292721744,1.8790806089394025
2010-02-26 05:00:00,6.097038933,6.181092303,6.085590932,6.164522648,6.164522648,507460800,1.297019926272025,5.9789117575,6.1175305843,1.6478618741396451
2010-03-01 05:00:00,6.198564879,6.311540112,6.18952707,6.296175957,6.296175957,550093600,2.1356610481869653,6.0044139624,6.126460161180001,1.4447698335745363
2010-03-02 05:00:00,6.324494209,6.351608441,6.258516876,6.291957855,6.291957855,566546400,-0.06699466515560637,6.02568340305,6.134787187540001,1.4306468663839291
2010-03-03 05:00:00,6.294670023,6.322687679,6.264543451,6.306418896,6.306418896,372052800,0.22983372319489437,6.04597373015,6.1453134441,1.4299579763121322
2010-03-04 05:00:00,6.304913312,6.3543206,6.285330115,6.347993851,6.347993851,366041200,0.6592482308203529,6.06326649195,6.1545201587400005,1.3954146887216803
2010-03-05 05:00:00,6.475429706,6.618832788,6.46609022,6.596237659,6.596237659,899620400,3.9105867747633916,6.10378682615,6.16700463292,1.300253784071063
2010-03-08 05:00:00,6.628171575,6.630581363,6.575148606,6.600153923,6.600153923,429889600,0.05937117797227831,6.13936645985,6.17828407284,1.27960900053857
2010-03-09 05:00:00,6.576958623,6.778505991,6.564305525,6.718855381,6.718855381,920259200,1.7984649961927834,6.18289966585,6.19088913914,1.2708557856297502
2010-03-10 05:00:00,6.743256107,6.792965067,6.724276263,6.773683548,6.773683548,596218000,0.8160343375606338,6.22605602745,6.200409164399999,1.2683280209302574
2010-03-11 05:00:00,6.745666191,6.793566704,6.72789104,6.793566704,6.793566704,405700400,0.2935353542736774,6.271818399500001,6.20877834318,1.2387990292385975
2010-03-12 05:00:00,6.849904714,6.860750571,6.801099971,6.82670784,6.82670784,416323600,0.487831170929498,6.313890385700001,6.219322729100001,1.212870301578436
2010-03-15 04:00:00,6.789951923,6.793566403,6.635401721,6.743556976,6.743556976,493502800,-1.2180228881744637,6.34922900205,6.2266736602599995,1.2824493172674045
2010-03-16 04:00:00,6.753799339,6.777900431,6.703487838,6.761933327,6.761933327,446908000,0.2725023465420584,6.3809372664,6.2349404144200005,1.2641872059409764
2010-03-17 04:00:00,6.775492686,6.822188919,6.726386664,6.751994133,6.751994133,450956800,-0.14698745934559332,6.41342895035,6.241032047259999,1.2552418011223891
2010-03-18 04:00:00,6.751388186,6.778502818,6.706500014,6.767958641,6.767958641,342109600,0.23644137843623625,6.44614655975,6.247220039359999,1.2546190047372576
2010-03-19 04:00:00,6.772177264,6.785734179,6.664925828,6.695655346,6.695655346,559445600,-1.0683176247855641,6.47714691165,6.254016609180001,1.2797172754073356
2010-03-22 04:00:00,6.642028909,6.808629628,6.632388152,6.770970821,6.770970821,456419600,1.1248409768432,6.513795924199999,6.26255449294,1.2590408565840103
2010-03-23 04:00:00,6.797783482,6.892381812,6.751388139,6.879728317,6.879728317,602431200,1.6062319403694847,6.560944199550001,6.272423944460001,1.1591305806938144
2010-03-24 04:00:00,6.85803853,6.935162999,6.854121569,6.910157681,6.910157681,597780400,0.4423047335286201,6.604191041,6.28402872086,1.1322176931651537
2010-03-25 04:00:00,6.956854293,6.958361064,6.816162265,6.828213215,6.828213215,542284400,-1.1858552262173805,6.64132213595,6.2954346943,1.2064362430014055
2010-03-26 04:00:00,6.897506817,6.98788655,6.885455865,6.956254005,6.956254005,640875200,1.8751726984553407,6.6809087038,6.3076360416399995,1.2310902439265268
2010-03-29 04:00:00,7.01951535,7.045724949,6.977940394,7.001137257,7.001137257,540744400,0.645221580001798,6.7161567687999995,6.32147015572,1.1780410213269845
2010-03-30 04:00:00,7.127972322,7.154484407,7.05717421,7.105377197,7.105377197,527310000,1.4889001054189777,6.756827735900001,6.33949792862,1.187283583658882
2010-03-31 04:00:00,7.094533381,7.128275236,7.063502587,7.079770565,7.079770565,430659600,-0.3603838514134372,6.7954953193500005,6.351524476999999,1.204605639031115
2010-04-01 04:00:00,7.152377584,7.192144116,7.01198721,7.108994961,7.108994961,603145200,0.41278733161884684,6.83354537485,6.366129932399999,1.205086638120413
2010-04-05 04:00:00,7.079168888,7.185515706,7.072841737,7.184913158,7.184913158,684507600,1.0679174400388236,6.8629791498,6.3844590187,0.9262992931861297
2010-04-06 04:00:00,7.176175709,7.237633937,7.140023668,7.216545582,7.216545582,447017200,0.44026174435776166,6.89379873275,6.409638891219999,0.9221323976043474
2010-04-07 04:00:00,7.216848879,7.288249566,7.190035912,7.248482227,7.248482227,628502000,0.4425475407466184,6.92028007505,6.432252035139999,0.8660230681894838
2010-04-08 04:00:00,7.243659582,7.276798886,7.171355498,7.228897572,7.228897572,572989200,-0.27018973609466146,6.943040776249999,6.4527441978599995,0.8715224197866243
2010-04-09 04:00:00,7.273485795,7.287344387,7.244262644,7.284330845,7.284330845,334182800,0.7668288621865749,6.967578983299999,6.47317610742,0.8769082137370794
2010-04-12 04:00:00,7.296681788,7.322892198,7.284932516,7.299393654,7.299393654,333026400,0.2067837021754615,6.991213273999999,6.499085044880001,0.8768857453457807
2010-04-13 04:00:00,7.28644131,7.314760241,7.263845374,7.303612709,7.303612709,306210800,0.0578000749101637,7.019216060650001,6.52943466188,0.800760820111775
2010-04-14 04:00:00,7.389472178,7.405439282,7.353019268,7.401823997,7.401823997,404076400,1.3446946314524144,7.05121059415,6.56013976098,0.8270421575992831
2010-04-15 04:00:00,7.404535725,7.502447672,7.396401737,7.499134064,7.499134064,376784800,1.3146768558593092,7.088567590699999,6.592110195179999,0.8354595813220526
2010-04-16 04:00:00,7.488588824,7.566014961,7.367480011,7.453341007,7.453341007,750545600,-0.6106445972186569,7.122836709,6.62113424302,0.871777285362821
2010-04-19 04:00:00,7.442198149,7.468106897,7.283731313,7.443403244,7.443403244,566924400,-0.1333329977880604,7.160224103899999,6.6542856884,0.8066127917554101
2010-04-20 04:00:00,7.487687001,7.509077036,7.319580258,7.368686676,7.368686676,738326400,-1.0037957846799062,7.19010989665,6.683888196940001,0.8629904058984771
2010-04-21 04:00:00,7.796788542,7.840472847,7.704299482,7.809442043,7.809442043,982391200,5.981464355589328,7.23659558295,6.72311321258,1.4982653387227138
2010-04-22 04:00:00,7.779914594,8.036292491,7.718455561,8.027856827,8.027856827,793424800,2.796803955998084,7.29248054025,6.765459222800001,1.57208745153099
2010-04-23 04:00:00,8.073647235,8.199878081,8.04382235,8.159207344,8.159207344,796955600,1.6361841003221356,7.3590302467,6.811076984419999,1.5134303190499323
2010-04-26 04:00:00,8.190842159,8.208315229,8.079674171,8.119140625,8.119140625,479068800,-0.49106141455596,7.4171745777,6.853754434600001,1.5260317137980577
2010-04-27 04:00:00,8.051960315,8.069132519,7.848605726,7.894397736,7.894397736,709343600,-2.768062525090209,7.461837601650001,6.89090669634,1.7210812864937484
2010-04-28 04:00:00,7.930851588,7.953445917,7.72478513,7.881142616,7.881142616,758402400,-0.16790539878114297,7.5006258726,6.92597418786,1.716723129199811
2010-04-29 04:00:00,7.923924211,8.134208564,7.893496755,8.093236923,8.093236923,558840800,2.6911618953502137,7.551299190500001,6.96579571724,1.7679683486195472
2010-04-30 04:00:00,8.113418601,8.151378296,7.863066907,7.865777969,7.865777969,542463600,-2.810481840134804,7.5891383409,7.00083914756,1.9333385228153126
2010-05-03 04:00:00,7.948622813,8.070334964,7.91970054,8.024240494,8.024240494,454342000,2.0145817187380732,7.6311047077,7.0398109912799995,1.958762164202639
2010-05-04 04:00:00,7.920005654,7.9320558,7.735027578,7.793171406,7.793171406,723819600,-2.879638118682748,7.659935998900001,7.074914607999999,2.1056695363020466
2010-05-05 04:00:00,7.622954511,7.776901757,7.49340923,7.712129116,7.712129116,883103200,-1.039914121965868,7.68311834335,7.11042193412,2.1302613145089464
2010-05-06 04:00:00,7.647057247,7.780217037,6.002742393,7.418697357,7.418697357,1285860800,-3.804808692728323,7.6926083326,7.137891464219999,2.3209197244028537
2010-05-07 04:00:00,7.342174986,7.428336867,6.784830604,7.105679512,7.105679512,1676018400,-4.219310074761962,7.683675765950001,7.15829322814,2.5117045947497174
2010-05-10 04:00:00,7.539201872,7.671759084,7.487383599,7.651875019,7.651875019,984306400,7.6867455966398435,7.7012998342,7.188040275560001,3.0566594488754295
2010-05-11 04:00:00,7.587104685,7.829624835,7.546735609,7.728098392,7.728098392,848906800,0.9961398063969007,7.722524118349999,7.21667872426,3.060272489282266
2010-05-12 04:00:00,7.810043185,7.927236691,7.793776008,7.895905018,7.895905018,654379600,2.171383146126993,7.7472281694000005,7.24875766752,3.0802640023810466
2010-05-13 04:00:00,7.929945244,7.983571164,7.724481389,7.783530235,7.783530235,599712400,-1.4232033281026513,7.7614479779500005,7.278299894300001,3.0967722070818304
2010-05-14 04:00:00,7.687127974,7.726895321,7.516610984,7.64675808,7.64675808,759362800,-1.7571995080712943,7.771118831600001,7.30427517888,3.1236708377970617
2010-05-17 04:00:00,7.673266032,7.717853736,7.462680133,7.658804893,7.658804893,762834800,0.15754144271293846,7.7818889140500005,7.32552652356,3.122842674888488
2010-05-18 04:00:00,7.741956064,7.789254837,7.539504121,7.602770805,7.602770805,782678400,-0.7316296574053527,7.793593120500001,7.3455788612,3.1179635606776763
2010-05-19 04:00:00,7.516605877,7.619639058,7.376517241,7.481658936,7.481658936,1025726800,-1.5929964496674054,7.777203965149999,7.3608349322999995,2.82528530691786
2010-05-20 04:00:00,7.287044618,7.346395165,7.116226768,7.162923813,7.162923813,1282915200,-4.260219902117168,7.7339573144500005,7.3686197376,2.874613528485368
2010-05-21 04:00:00,7.014094729,7.365975238,6.969808694,7.300299168,7.300299168,1223891200,1.917867041258714,7.691011905649999,7.378754386880001,2.8864491228711957
2010-05-24 04:00:00,7.449727287,7.558785979,7.418998166,7.43406105,7.43406105,754238800,1.8322794576190793,7.656757926899999,7.39090145108,2.933849568158904
2010-05-25 04:00:00,7.210823544,7.434062215,7.144846589,7.387667656,7.387667656,1048006400,-0.6240652812502856,7.6314214229,7.40378366468,2.881446984347467
2010-05-26 04:00:00,7.534084414,7.595844348,7.343381684,7.354227543,7.354227543,850654000,-0.4526477713550192,7.605075669250001,7.415629549,2.881504061833498
2010-05-27 04:00:00,7.549743023,7.648860021,7.504854466,7.632591248,7.632591248,666282400,3.7850842032343124,7.5820433855000005,7.4332414913000004,2.950943874294779
2010-05-28 04:00:00,7.814561604,7.814862476,7.632595477,7.7389431,7.7389431,815614800,1.3933911635562568,7.575701642049999,7.452661180480001,2.908507170224747
2010-06-01 04:00:00,7.823600081,8.011891776,7.801607496,7.857944489,7.857944489,876472800,1.5376956189276036,7.567386841799999,7.47590696334,2.8926754274405564
2010-06-02 04:00:00,7.969715918,7.977549038,7.842882441,7.951941967,7.951941967,688548000,1.196209493864231,7.575325369850001,7.4995263862599995,2.8267960801924055
2010-06-03 04:00:00,7.988994224,8.000141755,7.845290259,7.926934242,7.926934242,650106800,-0.31448575836922066,7.58606562615,7.52047050476,2.8155123839794083
2010-06-04 04:00:00,7.779010563,7.89017775,7.671157788,7.711225986,7.711225986,758304400,-2.721206577658908,7.6006920576,7.53649187086,2.7444315906553536
2010-06-07 04:00:00,7.781424325,7.807333072,7.548243184,7.559993267,7.559993267,886942000,-1.9612020095710836,7.623407745349999,7.5511274719,2.5941366413019207
2010-06-08 04:00:00,7.629286592,7.646157933,7.400624904,7.511491299,7.511491299,1000770400,-0.6415609946600731,7.61638855935,7.56223221778,1.9386872849644892
2010-06-09 04:00:00,7.575959046,7.588914222,7.305421603,7.326810837,7.326810837,854630000,-2.4586390990639417,7.596324181600001,7.56874568938,1.9914522325947062
2010-06-10 04:00:00,7.376215244,7.561192442,7.296680608,7.547033787,7.547033787,776356000,3.005713603084792,7.5788806200500005,7.57757882118,2.0525870167488893
2010-06-11 04:00:00,7.478347514,7.647961019,7.452438775,7.63741684,7.63741684,545759200,1.1975970368078626,7.5715749503,7.588731746680001,2.054423520999281
2010-06-14 04:00:00,7.711230562,7.807334121,7.652483358,7.660617352,7.660617352,602960400,0.30377433216020044,7.572267913899999,7.5997641945000005,2.0169310600736305
2010-06-15 04:00:00,7.701589097,7.828422582,7.697371263,7.8236022,7.8236022,585074000,2.1275680602614644,7.58050777925,7.61253797534,2.070950549994561
2010-06-16 04:00:00,7.866073803,8.066416331,7.851914346,8.051353455,8.051353455,783678000,2.911079182936982,7.60293691175,7.6292341328,2.150138426425935
2010-06-17 04:00:00,8.152278959,8.2215711,8.11913966,8.190540314,8.190540314,872855200,1.7287386496932733,7.638380980650001,7.64807529454,2.1236112562764746
2010-06-18 04:00:00,8.201993304,8.284842412,8.176987975,8.25682354,8.25682354,784621600,0.8092656095801454,7.693075967,7.6686338139,1.8076985445526255
2010-06-21 04:00:00,8.365879289,8.405646621,8.095944432,8.139327049,8.139327049,776490400,-1.423022914693406,7.735027361050001,7.685733737980001,1.845975803141122
2010-06-22 04:00:00,8.19927764,8.314060104,8.17939438,8.250191689,8.250191689,717262000,1.3620860709070426,7.775833893000001,7.704749698679999,1.831881170278109
2010-06-23 04:00:00,8.272183227,8.274593417,8.070936442,8.163425446,8.163425446,768457200,-1.0516876003703657,7.8146217825,7.72194595342,1.848578549518947
2010-06-24 04:00:00,8.164332547,8.230611978,8.076965558,8.1040802,8.1040802,714277200,-0.7269650025294006,7.852114415349999,7.73599107748,1.8571470566561898
2010-06-25 04:00:00,8.136009693,8.142336036,8.007970413,8.034783363,8.034783363,549942400,-0.8550857751876584,7.8722240211,7.74670406346,1.709515273389128
2010-06-28 04:00:00,8.04171654,8.126674943,7.969111569,8.082990646,8.082990646,584948000,0.599982361963769,7.8894263984,7.75929705624,1.69120544141063
2010-06-29 04:00:00,7.957057772,7.965192564,7.66121426,7.717551231,7.717551231,1133344800,-4.521091647939057,7.8824067355,7.76478001598,1.9653091959405504
2010-06-30 04:00:00,7.733820276,7.77177996,7.531972515,7.577764511,7.577764511,739452000,-1.8112833438474918,7.863697862699999,7.76896157268,1.9782101220189219
2010-07-01 04:00:00,7.66121576,7.676279447,7.327412504,7.485878468,7.485878468,1022896000,-1.2125745378682162,7.8416450740000005,7.76249030118,1.9905739496963022
2010-07-02 04:00:00,7.546432195,7.559689044,7.326808878,7.439483643,7.439483643,693842800,-0.6197646034239668,7.82805795685,7.7507228375,1.9079543496552493
2010-07-06 04:00:00,7.561798757,7.616026427,7.415985468,7.490398884,7.490398884,615235600,0.6843921358427485,7.8245782377,7.737346668299999,1.8679291249203052
2010-07-07 04:00:00,7.546435104,7.795885018,7.524142448,7.792871475,7.792871475,654556000,4.038137296614486,7.8386472465,7.730821285299999,2.0694620797617524
2010-07-08 04:00:00,7.907651258,7.920304754,7.678989744,7.775394917,7.775394917,738144400,-0.22426339323143862,7.861076450499999,7.7284412289199995,1.9763482659582017
2010-07-09 04:00:00,7.739244707,7.829926103,7.68712555,7.821491241,7.821491241,433322400,0.5928486526030508,7.8747993231999995,7.72724820142,1.8745485520973735
2010-07-12 04:00:00,7.788653189,7.888673675,7.678088523,7.751296043,7.751296043,562878400,-0.897465660154928,7.880493283350001,7.720409383820001,1.874139351105908
2010-07-13 04:00:00,7.722070735,7.72448012,7.424117101,7.585897446,7.585897446,1190924000,-2.133818603785198,7.876757288049999,7.71481177336,1.9377376936945692
2010-07-14 04:00:00,7.512992371,7.706404461,7.501543166,7.613915443,7.613915443,812047600,0.3693432082287673,7.866272950199999,7.70660527234,1.8734642357777553
2010-07-15 04:00:00,7.478345436,7.741652191,7.450327387,7.575353146,7.575353146,824866000,-0.5064713062377435,7.842472934749999,7.70224890714,1.733142494428358
2010-07-16 04:00:00,7.627473761,7.681400552,7.483769811,7.52865839,7.52865839,1039858400,-0.6164036857431054,7.809378838549999,7.69857949262,1.6674662308472152
2010-07-19 04:00:00,7.528058657,7.528058657,7.218356385,7.398513317,7.398513317,1024478000,-1.7286622165360366,7.7664633273999995,7.6981758118200005,1.6665894709484856
2010-07-20 04:00:00,7.317774213,7.619040812,7.230708085,7.588612556,7.588612556,1074950800,2.5694248405716547,7.738927602749999,7.7078344727,1.789111772598095
2010-07-21 04:00:00,7.98628494,7.988092583,7.652180709,7.659410477,7.659410477,1185671200,0.9329494749870104,7.70938854215,7.707985181859999,1.7701671462497823
2010-07-22 04:00:00,7.76304494,7.832938847,7.691644261,7.803414822,7.803414822,645318800,1.8800969791659794,7.69138801095,7.70949151046,1.829901802664559
2010-07-23 04:00:00,7.745269968,7.844387027,7.720867195,7.831130981,7.831130981,533388800,0.3551798748653079,7.67774055,7.70819602972,1.8297893632588658
2010-07-26 04:00:00,7.832939689,7.835952427,7.763949998,7.811248779,7.811248779,420551600,-0.25388672527939526,7.6665638208,7.7087504006000005,1.8226110821833907
2010-07-27 04:00:00,7.859148978,7.977546753,7.841976776,7.955855846,7.955855846,584771600,1.8512669496427714,7.660207080799999,7.71493235592,1.869681576414098
2010-07-28 04:00:00,7.943499926,8.013393795,7.840466764,7.861855984,7.861855984,519985200,-1.1815179135914233,7.667422318450001,7.71899337774,1.5767168103171194
2010-07-29 04:00:00,7.854329122,7.912774628,7.715445526,7.775999546,7.775999546,643806800,-1.0920632249525997,7.6773340702,7.722457952559999,1.538463583943661
2010-07-30 04:00:00,7.709117551,7.82389922,7.67929105,7.750089169,7.750089169,448210000,-0.33320960021568924,7.6905446052499995,7.727826557220001,1.5100670207974694
2010-08-02 04:00:00,7.846194909,7.910966761,7.821491264,7.888673306,7.888673306,428055600,1.7881618388899456,7.713004088400001,7.74234154708,1.5383118922460381
2010-08-03 04:00:00,7.863365908,7.931150487,7.815464591,7.891082287,7.891082287,417653600,0.03053721337613613,7.733038258550001,7.75415720946,1.53676508197143
2010-08-04 04:00:00,7.918497355,7.961879161,7.842277116,7.922715187,7.922715187,420375200,0.4008689663788312,7.739530444150001,7.7639302922,1.2574554377341665
2010-08-05 04:00:00,7.885055831,7.928740115,7.84950634,7.884152412,7.884152412,289097200,-0.48673685838506175,7.7449683189,7.773859987320001,1.2622699939713957
2010-08-06 04:00:00,7.826310555,7.877827967,7.761537902,7.835650444,7.835650444,444897600,-0.6151830338309794,7.74567627905,7.783488445340001,1.2651875069626652
2010-08-09 04:00:00,7.87752252,7.897708257,7.819981263,7.88565731,7.88565731,303128000,0.6381967439383684,7.7523943424,7.788549766580001,1.2533361714814935
2010-08-10 04:00:00,7.828416314,7.846492732,7.759124184,7.815160275,7.815160275,451920000,-0.8939905987367824,7.763857483850001,7.79007411008,1.164920358390162
2010-08-11 04:00:00,7.6943558,7.703092336,7.525947403,7.537395,7.537395,620054400,-3.5541852658933504,7.760031461700001,7.7836631203,1.4277191578272694
2010-08-12 04:00:00,7.431952073,7.625064124,7.414779871,7.585598469,7.585598469,534920400,0.6395242520791378,7.760543727850001,7.77633625034,1.4310382912152635
2010-08-13 04:00:00,7.581377994,7.588306886,7.504253549,7.504555225,7.504555225,354869200,-1.0683829935264622,7.7593385696,7.76788867,1.4450595986683619
2010-08-16 04:00:00,7.458763647,7.531971949,7.429841372,7.460571289,7.460571289,318430000,-0.5860965064721779,7.7624414682,7.762875576060001,1.3950967850992986
2010-08-17 04:00:00,7.534080584,7.671157303,7.507568499,7.591020107,7.591020107,422640400,1.748509771528317,7.762561845750001,7.7634961128599995,1.3275435323339535
2010-08-18 04:00:00,7.602768206,7.672360409,7.579268861,7.624157429,7.624157429,339696000,0.4365331870145095,7.760799193349999,7.76574943546,1.3139502533519394
2010-08-19 04:00:00,7.617229794,7.636511312,7.491903151,7.528055191,7.528055191,426706000,-1.2604965059411888,7.747031211800001,7.769774322539999,1.2622177759785231
2010-08-20 04:00:00,7.513293469,7.649766842,7.501543391,7.520824909,7.520824909,384230000,-0.09604448714249925,7.7315159082000005,7.76925014498,1.2563206034786307
2010-08-23 04:00:00,7.585599789,7.591926137,7.388571547,7.4051404,7.4051404,414041600,-1.5381891002616332,7.71121048925,7.76460461618,1.291841230766989
2010-08-24 04:00:00,7.31084272,7.320783546,7.189733093,7.228295326,7.228295326,602565600,-2.388139379504539,7.6748324632500005,7.755958175659999,1.2751219115762369
2010-08-25 04:00:00,7.171356399,7.350610664,7.146050207,7.317470551,7.317470551,596867600,1.2336964799880334,7.6476131916,7.745835542679999,1.3178994006367486
2010-08-26 04:00:00,7.394595015,7.403633228,7.238840103,7.238840103,7.238840103,466505200,-1.074557764899442,7.620755219450001,7.729585275640001,1.3173862236039473
2010-08-27 04:00:00,7.283126575,7.309035312,7.096641749,7.279209614,7.279209614,548391200,0.5576792749334203,7.5972112417,7.711358661639999,1.3329169412608406
2010-08-30 04:00:00,7.253301874,7.403634693,7.250891683,7.305722713,7.305722713,383289200,0.3642304646511052,7.56806371205,7.6923366451,1.2507579706497731
2010-08-31 04:00:00,7.286136988,7.367780948,7.240947545,7.323795795,7.323795795,420786800,0.24738253434994917,7.53969938745,7.67602602002,1.2553952645082487
2010-09-01 04:00:00,7.455447591,7.575652955,7.419597236,7.541610241,7.541610241,697037600,2.9740649807399544,7.52064414015,7.661854391060001,1.4541206840660408
2010-09-02 04:00:00,7.569630865,7.597046375,7.488590233,7.597046375,7.597046375,415427600,0.7350702599110859,7.5062888383,7.6505268096400005,1.4686299935230653
2010-09-03 04:00:00,7.685014964,7.796182143,7.667240218,7.795881271,7.795881271,520788800,2.6172657923257736,7.50430037965,7.6443628310600005,1.5904530977396583
2010-09-07 04:00:00,7.731711997,7.818778093,7.719962724,7.766960621,7.766960621,342557600,-0.3709734537336029,7.4983655452,7.639006376219999,1.5846906800770526
2010-09-08 04:00:00,7.826307275,7.965191609,7.805820668,7.92090559,7.92090559,526551200,1.98204904739403,7.503652810949999,7.635764675099999,1.635086739446028
2010-09-09 04:00:00,7.984774759,8.029361653,7.92090635,7.925425053,7.925425053,438575200,0.057057402700322335,7.523054313599999,7.6399221515399995,1.3943158476970052
2010-09-10 04:00:00,7.929041877,7.968508333,7.875115086,7.935669899,7.935669899,387542400,0.129265571644277,7.5405578851,7.6470802593,1.3916815127546511
2010-09-13 04:00:00,8.008278846,8.082390611,8.006472007,8.045033455,8.045033455,388780000,1.378126325715523,7.567581796600001,7.658263359040001,1.3785470966281639
2010-09-14 04:00:00,8.020023551,8.109198155,7.999236068,8.07575798,8.07575798,408150400,0.3819067400012477,7.598341131150001,7.67098884578,1.3605564817888636
2010-09-15 04:00:00,8.079074738,8.14565504,8.0691323,8.140833855,8.140833855,429368800,0.805817548781973,7.625831818549999,7.6839975452,1.3275170453973033
2010-09-16 04:00:00,8.141436052,8.335149845,8.119141794,8.332137108,8.332137108,652103200,2.3499220891543215,7.6612308025,7.69478285786,1.4003761645797808
2010-09-17 04:00:00,8.365879275,8.374014069,8.245072116,8.295986176,8.295986176,634477200,-0.43387346525166626,7.6996273517499985,7.70519468304,1.3586805908195838
2010-09-20 04:00:00,8.317375288,8.549351255,8.310446393,8.532781601,8.532781601,658677600,2.8543372659544763,7.750225186349999,7.719420490240001,1.4482780775959103
2010-09-21 04:00:00,8.551762197,8.656903933,8.519526305,8.549050331,8.549050331,668074400,0.19066150712323537,7.807420682899999,7.735375576,1.3601448583117175
2010-09-22 04:00:00,8.517114206,8.675881835,8.508075994,8.668952942,8.668952942,585289600,1.402525501168439,7.879453563699999,7.75703668592,1.1508427737520694
2010-09-23 04:00:00,8.626174753,8.819889372,8.616233121,8.704202652,8.704202652,786116800,0.40662015627306314,7.9487901687499996,7.7788424301,1.1537986685279868
2010-09-24 04:00:00,8.800005777,8.84308672,8.753309549,8.806632996,8.806632996,649488000,1.1767918107520758,8.0271798134,7.8034680271,1.0592540247309363
2010-09-27 04:00:00,8.856644154,8.879238481,8.767167849,8.771686554,8.771686554,482834800,-0.3968195565305366,8.1018036604,7.828328590379999,1.1004722031128777
2010-09-28 04:00:00,8.790064111,8.790064111,8.28484042,8.642142296,8.642142296,1035042400,-1.4768454983258295,8.16862463955,7.85320116996,1.2217193294331508
2010-09-29 04:00:00,8.653290063,8.731017103,8.616234588,8.657507896,8.657507896,469644000,0.1777985072880961,8.235310244599999,7.87457907676,1.2236249265290282
2010-09-30 04:00:00,8.706612708,8.736739279,8.47313078,8.548447609,8.548447609,673391600,-1.259719174502738,8.285652113000001,7.8923598194,1.202318822552763
2010-10-01 04:00:00,8.620753131,8.633707504,8.476144911,8.511393547,8.511393547,448142800,-0.43345954370694884,8.3313694716,7.906519393899999,1.2253887731121818
2010-10-04 04:00:00,8.483673426,8.522837398,8.368287611,8.394498825,8.394498825,435302000,-1.373391106338906,8.361300349299999,7.9177867507799995,1.2003164577008658
2010-10-05 04:00:00,8.495727141,8.720170085,8.490303408,8.704806328,8.704806328,501967200,3.6965578227953433,8.40819263465,7.935657901759999,1.3955572356611057
2010-10-06 04:00:00,8.724384626,8.796688701,8.593935938,8.712333679,8.712333679,670868800,0.086473503445883,8.447764039099999,7.95078745842,1.359277908537947
2010-10-07 04:00:00,8.746981524,8.751199357,8.643647446,8.71323967,8.71323967,408399600,0.010398947439127504,8.48715476995,7.96781513214,1.3600926212352626
2010-10-08 04:00:00,8.788251239,8.872304568,8.736735461,8.859350204,8.859350204,658403200,1.676879548063659,8.5333387852,7.989482145299999,1.3827056830665054
2010-10-11 04:00:00,8.879536983,8.954852983,8.875319151,8.89821434,8.89821434,427753200,0.43867930610139716,8.57599782945,8.012444648719999,1.3693800095145054
2010-10-12 04:00:00,8.899721903,9.022940828,8.811751597,8.994018555,8.994018555,558544000,1.0766678722194056,8.6219108582,8.0345515537,1.374653157779494
2010-10-13 04:00:00,9.044030619,9.097053187,9.03197967,9.042222977,9.042222977,630092400,0.5359608911769564,8.666980314300002,8.057574367500001,1.3733213886322506
2010-10-14 04:00:00,9.088922188,9.112420743,9.050058267,9.107601166,9.107601166,435296400,0.7230322583981597,8.7057535172,8.081272087079999,1.3067496782442873
2010-10-15 04:00:00,9.262147819,9.489905948,9.185927571,9.48207283,9.48207283,922194000,4.111638807790108,8.7650578499,8.11323049544,1.5217985692222362
2010-10-18 04:00:00,9.594443579,9.610409877,9.468513596,9.580284119,9.580284119,1093010800,1.0357575897252502,8.8174329758,8.14812316894,1.437093451538858
2010-10-19 04:00:00,9.140437495,9.452850768,9.038609369,9.323908806,9.323908806,1232784000,-2.676072127042095,8.856175899550001,8.176888198859999,1.6114416885993608
2010-10-20 04:00:00,9.30914524,9.467310331,9.244975945,9.355238914,9.355238914,721624400,0.3360190307721389,8.890490198150001,8.20768977164,1.5957262338146792
2010-10-21 04:00:00,9.41037223,9.482073781,9.24286803,9.324812889,9.324812889,551460000,-0.32522980203602003,8.92152071,8.24343812942,1.6037840042547977
2010-10-22 04:00:00,9.311257054,9.340480214,9.227807015,9.263054848,9.263054848,372778000,-0.6622979113377614,8.9443418026,8.276987257,1.607029662595644
2010-10-25 04:00:00,9.311858304,9.387475206,9.292275106,9.304326057,9.304326057,392462000,0.4455464172158363,8.97097377775,8.31298267364,1.5997908466524182
2010-10-26 04:00:00,9.244975712,9.331439261,9.208220317,9.280525208,9.280525208,392929600,-0.2558041157864843,9.00289292335,8.34938175202,1.5506678395975648
2010-10-27 04:00:00,9.268475197,9.336259781,9.206715283,9.273898125,9.273898125,399002800,-0.07140849091479273,9.0337124348,8.38303931238,1.5532779891681525
2010-10-28 04:00:00,9.277512774,9.279019545,9.065120804,9.195870399,9.195870399,551051200,-0.8413692381379345,9.066083574299999,8.41447357178,1.5330624538153008
2010-10-29 04:00:00,9.165439707,9.215148658,9.064213358,9.067527771,9.067527771,430511200,-1.3956550324367045,9.0938902855,8.44526302338,1.5743666713298738
2010-11-01 04:00:00,9.104886663,9.206714774,9.104284116,9.163934708,9.163934708,423889200,1.0632108269723828,9.132362079650001,8.47812521936,1.5293602409411826
2010-11-02 04:00:00,9.24889481,9.344998344,9.24889481,9.319993019,9.319993019,433930000,1.7029618386931844,9.163121414199999,8.51642227174,1.3625200737508676
2010-11-03 04:00:00,9.380547056,9.426038997,9.294987711,9.423628807,9.423628807,508348400,1.1119728071547375,9.1986861706,8.56032894136,1.371318108200661
2010-11-04 04:00:00,9.503463275,9.64596295,9.490809777,9.588420868,9.588420868,642488000,1.7487112913190161,9.2424452305,8.605747947700001,1.399977303229173
2010-11-05 04:00:00,9.579984784,9.627584427,9.542627643,9.554075241,9.554075241,361253200,-0.35819899306489544,9.277181482349999,8.65205265046,1.3829457723279308
2010-11-08 05:00:00,9.556179876,9.63360518,9.542923837,9.598959923,9.598959923,281758400,0.4697961955269614,9.3122187615,8.69844765664,1.3830242299294935
2010-11-09 05:00:00,9.672171285,9.67970353,9.474842225,9.522441864,9.522441864,383544000,-0.7971494788373557,9.338639926949998,8.74278203966,1.3973654983950605
2010-11-10 05:00:00,9.53931251,9.603482607,9.446220939,9.581189156,9.581189156,384227200,0.6169351605295414,9.3655882359,8.787929906879999,1.3982172318263997
2010-11-11 05:00:00,9.489907762,9.592339248,9.467312629,9.539617538,9.539617538,361284000,-0.4338878747004782,9.3871890545,8.827890052819999,1.4036773603814126
2010-11-12 05:00:00,9.520031455,9.535094337,9.147365118,9.279921532,9.279921532,795846800,-2.7222894939501585,9.3770814896,8.86154755596,1.2333895621196636
2010-11-15 05:00:00,9.292878299,9.355541634,9.22690055,9.250098228,9.250098228,403606000,-0.32137452776037634,9.36057219505,8.8906318951,1.2045870762257673
2010-11-16 05:00:00,9.210329258,9.266967107,9.017518102,9.085906029,9.085906029,657650000,-1.775031950503958,9.348672056199998,8.91701080326,1.1197181455237872
2010-11-17 05:00:00,9.074158428,9.158211799,8.970522664,9.053070068,9.053070068,479449600,-0.36139445967409145,9.333563613900001,8.939654092820001,1.1155150590669716
2010-11-18 05:00:00,9.194663708,9.329330253,9.179299954,9.291973114,9.291973114,494491200,2.638917452372902,9.331921625149999,8.96698505404,1.2773153612217205
2010-11-19 05:00:00,9.278116995,9.291071366,9.195871261,9.24075985,9.24075985,384843200,-0.5511559640959063,9.33080687525,8.99308685306,1.2745664143910904
2010-11-22 05:00:00,9.239251515,9.440498352,9.214849549,9.440498352,9.440498352,393075200,2.1614943494067784,9.337615490000001,9.020996150999999,1.3612506906009099
2010-11-23 05:00:00,9.352825531,9.391991103,9.235632904,9.301007271,9.301007271,519447600,-1.4775817525612855,9.33863959315,9.04550113682,1.4039287411524863
2010-11-24 05:00:00,9.399523115,9.501954556,9.39199248,9.483878136,9.483878136,413725200,1.9661404369629931,9.349138593700001,9.07236202244,1.4693231595421397
2010-11-26 05:00:00,9.451947571,9.57124958,9.427846472,9.489907265,9.489907265,237585600,0.06357240058909586,9.363840437,9.09551742558,1.4519176209662594
2010-11-29 05:00:00,9.504966714,9.564617295,9.380845174,9.546240807,9.546240807,445785200,0.5936153054705517,9.387776088799999,9.1205225182,1.4066289097282785
2010-11-30 05:00:00,9.44592095,9.470625398,9.365482868,9.373918533,9.373918533,501858000,-1.8051322765045064,9.39827528005,9.13734525684,1.4661387267048414
2010-12-01 05:00:00,9.498043781,9.572758092,9.489909788,9.532087326,9.532087326,461750800,1.68732843626902,9.408879995400001,9.157005996739999,1.4652562457766878
2010-12-02 05:00:00,9.566127467,9.610413508,9.486592795,9.584806442,9.584806442,462837200,0.553070006568257,9.41693887715,9.175323066739999,1.450654161384141
2010-12-03 05:00:00,9.550459253,9.599866531,9.530274317,9.56341362,9.56341362,342092800,-0.2231951383624975,9.415688514749998,9.1925072861,1.398399570112384
2010-12-06 05:00:00,9.5995667,9.710734697,9.592938678,9.645058632,9.645058632,448481600,0.8537224807390498,9.4202376843,9.20927579882,1.408454852557895
2010-12-07 05:00:00,9.755024017,9.760747014,9.5839045,9.586615562,9.586615562,391454000,-0.6059379442868162,9.41962046625,9.22557437898,1.4123886979036393
2010-12-08 05:00:00,9.629391179,9.671267824,9.553472614,9.670966148,9.670966148,321935600,0.8798786751640808,9.427046680450001,9.24615085602,1.4121640568527567
2010-12-09 05:00:00,9.704709078,9.715855,9.611014155,9.633308411,9.633308411,294151200,-0.38938960620586993,9.429652643199999,9.26566686632,1.4102106659503995
2010-12-10 05:00:00,9.629992258,9.672169769,9.598358924,9.657407761,9.657407761,262511200,0.25016691018096004,9.43554215435,9.28784606936,1.4064903494082992
2010-12-13 05:00:00,9.772195289,9.79298278,9.670668027,9.690852165,9.690852165,439815600,0.34630829336068647,9.456088686,9.31143524172,1.243721181943674
2010-12-14 05:00:00,9.692658394,9.717061164,9.61041187,9.64927578,9.64927578,351008000,-0.42902713086636624,9.476047563600002,9.33653078082,1.2464366068357096
2010-12-15 05:00:00,9.640538648,9.730919163,9.616136681,9.651385307,9.651385307,417312000,0.02186202413627658,9.5043215275,9.3554623604,1.1566828975489973
2010-12-16 05:00:00,9.673376527,9.71916933,9.643551635,9.678196907,9.678196907,322030800,0.2778005348160084,9.53557786945,9.374779624959999,1.1459755211148484
2010-12-17 05:00:00,9.68964846,9.694468842,9.647470929,9.658919334,9.658919334,386929200,-0.19918558369128592,9.55392518045,9.39369321824,1.0145891511884972
2010-12-20 05:00:00,9.688741692,9.738451458,9.587215254,9.707118988,9.707118988,385610400,0.4990170466620869,9.577243137349999,9.41064859392,1.000819604607067
2010-12-21 05:00:00,9.730919677,9.772795523,9.702299876,9.767071724,9.767071724,256354000,0.6176161647355238,9.593571805949999,9.428025741599999,0.9002075048772787
2010-12-22 05:00:00,9.771891756,9.812864181,9.747488984,9.795992851,9.795992851,265921600,0.29610847362708803,9.618321084949999,9.44406522752,0.8119784695486939
2010-12-23 05:00:00,9.791175217,9.795693922,9.736043317,9.748997688,9.748997688,223157200,-0.4797386412465854,9.631577062549999,9.45820072174,0.7210133328047292
2010-12-27 05:00:00,9.726396458,9.804424315,9.686327468,9.781527519,9.781527519,249816000,0.33367359436389243,9.64615807525,9.471679248800001,0.7220269833405119
2010-12-28 05:00:00,9.818591244,9.84118638,9.792984173,9.805335999,9.805335999,175924000,0.24340247424292638,9.65911283485,9.47814451218,0.7150150785772056
2010-12-29 05:00:00,9.827925887,9.834855584,9.794184035,9.799908638,9.799908638,163139200,-0.055351096592248794,9.6804123401,9.48253700256,0.5538267756663088
2010-12-30 05:00:00,9.805631287,9.806534706,9.732423794,9.750801086,9.750801086,157494400,-0.5011021409891736,9.691348028099998,9.49107484816,0.45724174143278146
2010-12-31 05:00:00,9.729411129,9.745378232,9.68000305,9.717661858,9.717661858,193508000,-0.3398615940138572,9.6979907989,9.49832330704,0.4557548865401626
2011-01-03 05:00:00,9.810451482,9.949636702,9.786350392,9.92884922,9.92884922,445138400,2.1732322557215022,9.7162625789,9.51040403366,0.6487961203306807
2011-01-04 05:00:00,10.01531716,10.01712481,9.886073516,9.980671883,9.980671883,309080800,0.5219402757734581,9.733043241450002,9.52475637436,0.6350183910117944
2011-01-05 05:00:00,9.928247049,10.07255352,9.926740278,10.06231022,10.06231022,255519600,0.8179643410485715,9.75682797435,9.53991605762,0.6227856512461829
2011-01-06 05:00:00,10.08400409,10.09997119,10.02917387,10.05417919,10.05417919,300428800,-0.08080679110687994,9.77598862645,9.55538913726,0.6080555698555901
2011-01-07 05:00:00,10.0620115,10.1331105,9.999046493,10.1261816,10.1261816,311931200,0.7161440893316939,9.800632285899999,9.57243480676,0.6022391004979195
2011-01-10 05:00:00,10.20782535,10.34038259,10.15781551,10.31688404,10.31688404,448560000,1.883261109992329,9.83360609985,9.59485507958,0.7041386211414551
2011-01-11 05:00:00,10.3900917,10.39250109,10.22710623,10.29248142,10.29248142,444108000,-0.23653091287434425,9.863687562600001,9.61935415256,0.7155346143525216
2011-01-12 05:00:00,10.34098323,10.37653192,10.30332442,10.37623024,10.37623024,302590400,0.8136892998151346,9.9000352856,9.643600063200001,0.7023640942514564
2011-01-13 05:00:00,10.39852677,10.44311448,10.35906111,10.4141922,10.4141922,296780400,0.36585502751913523,9.938175630249999,9.665484046820001,0.6976854883738857
2011-01-14 05:00:00,10.42051871,10.4985466,10.37683523,10.4985466,10.4985466,308840000,0.8099946532578839,9.9791931149,9.68698240268,0.7035718048277684
2011-01-18 05:00:00,9.927346131,10.38647692,9.821300171,10.26265621,10.26265621,1880998000,-2.2468861546987795,10.0093799587,9.70046710952,0.9143129909760855
2011-01-19 05:00:00,10.49463073,10.50216298,10.14907897,10.20812702,10.20812702,1135612800,-0.531336029232532,10.0344303603,9.713548145099999,0.931819088629226
2011-01-20 05:00:00,10.13551969,10.19185667,9.945420397,10.02254486,10.02254486,764789200,-1.817984431780706,10.0472040171,9.72201984384,1.0354708071155565
2011-01-21 05:00:00,10.05538657,10.08882756,9.840281869,9.842993736,9.842993736,754401200,-1.7914723905760543,10.04955406135,9.72843088128,1.1200621301219884
2011-01-24 05:00:00,9.84750893,10.16624928,9.842989422,10.16624928,10.16624928,574683200,3.2841181521605423,10.07041664095,9.740132083759999,1.3270086056173782
2011-01-25 05:00:00,10.13251023,10.28645752,10.07948685,10.28525162,10.28525162,546868000,1.17056287645938,10.095602846,9.755044765400001,1.3439317563564972
2011-01-26 05:00:00,10.33225113,10.41178582,10.28826676,10.3590641,10.3590641,506875600,0.7176536143896461,10.12328925105,9.776627616759999,1.3478028853871706
2011-01-27 05:00:00,10.3569511,10.38436661,10.3283313,10.3397789,10.3397789,285026000,-0.18616739711070363,10.15028276415,9.798421230199999,1.3498505148832527
2011-01-28 05:00:00,10.36870336,10.37563226,10.04815528,10.12557983,10.12557983,592057200,-2.0716020339661356,10.169021701350001,9.819214706219999,1.4401636069490578
2011-01-31 05:00:00,10.11654352,10.24428121,10.07135405,10.22258949,10.22258949,377246800,0.9580652330899664,10.19426808295,9.84260509466,1.443861763457701
2011-02-01 05:00:00,10.28223906,10.41328953,10.2725983,10.39461136,10.39461136,426633200,1.682762182402775,10.217556189949999,9.86465785958,1.4135655531309383
2011-02-02 05:00:00,10.3771355,10.40123578,10.35002086,10.37321854,10.37321854,258955200,-0.20580682874131728,10.237183522799999,9.88730703338,1.4152634976639686
2011-02-03 05:00:00,10.35755415,10.3708102,10.19938905,10.3467083,10.3467083,393797600,-0.2555642677128045,10.2514034268,9.90543123234,1.4110467661453652
2011-02-04 05:00:00,10.35273255,10.4449207,10.3488164,10.43889523,10.43889523,321840400,0.8909783413919126,10.2706392288,9.928188991519999,1.4194273908957227
2011-02-07 05:00:00,10.48077358,10.6422523,10.47324213,10.6009798,10.6009798,485021600,1.5526985033261997,10.2943791388,9.9505310248,1.4475625722559204
2011-02-08 05:00:00,10.6552101,10.71064288,10.60911641,10.70100212,10.70100212,381040800,0.9435195791996476,10.3135850428,9.974752921899999,1.406048945480017
2011-02-09 05:00:00,10.70069724,10.81548053,10.69105728,10.79017353,10.79017353,482745200,0.8332996199798881,10.3384696483,9.99963157636,1.4092214774136493
2011-02-10 05:00:00,10.76697696,10.8456074,10.48408614,10.68111515,10.68111515,928550000,-1.0107194263075048,10.3537138938,10.0257755087,1.4294309984620646
2011-02-11 05:00:00,10.6874427,10.77932838,10.65098897,10.75070858,10.75070858,367572800,0.6515558443352276,10.3705397128,10.05014793378,1.4330762398527455
2011-02-14 05:00:00,10.74890041,10.82994023,10.74649022,10.82090282,10.82090282,310416400,0.6529266371389397,10.3866575238,10.07486986134,1.4298046130672233
2011-02-15 05:00:00,10.82120221,10.84470156,10.77179493,10.84259224,10.84259224,284174800,0.20044002206462963,10.4156543253,10.10045343374,1.312821502939779
2011-02-16 05:00:00,10.86970972,10.99322957,10.86067231,10.93990612,10.93990612,481157600,0.8975148916971598,10.4522432803,10.1263503835,1.305006100901918
2011-02-17 05:00:00,10.76276005,10.85374231,10.74076666,10.79439259,10.79439259,530583200,-1.3301168072546554,10.490835666799999,10.15050592406,1.2662375114480104
2011-02-18 05:00:00,10.80674269,10.83054291,10.52987816,10.56121063,10.56121063,816057200,-2.1602138152360784,10.526746511499999,10.1683108137,1.30169566521409
2011-02-22 05:00:00,10.30784516,10.40575712,10.17438451,10.20119667,10.20119667,872555600,-3.4088323073242166,10.528493881,10.17966857888,1.369177937711892
2011-02-23 05:00:00,10.20601487,10.38285728,10.20119368,10.32200241,10.32200241,671854400,1.1842310653148003,10.530331420500001,10.19296047186,1.3697825013777023
2011-02-24 05:00:00,10.36418205,10.39822477,10.19396602,10.32983685,10.32983685,499900800,0.07590038917653086,10.528870057999999,10.20574016556,1.3602313590155604
2011-02-25 05:00:00,10.40153719,10.49703894,10.38767941,10.48890495,10.48890495,380018800,1.5398897611824447,10.5363263605,10.222532748959999,1.4022564954231738
2011-02-28 05:00:00,10.58169775,10.69648024,10.57808247,10.64104748,10.64104748,403074000,1.4505091878060927,10.562099743000001,10.24232599242,1.3373463998962083
2011-03-01 05:00:00,10.70913254,10.71666398,10.47444553,10.52355194,10.52355194,456136800,-1.1041726880820057,10.5771478655,10.259233093079999,1.359773516442015
2011-03-02 05:00:00,10.54313608,10.67539246,10.49613817,10.60820961,10.60820961,602590800,0.8044590883636404,10.587827778000001,10.2782188986,1.3214461567272509
2011-03-03 05:00:00,10.76095087,10.83927962,10.7226895,10.83235073,10.83235073,500788400,2.1129024429222376,10.6107843875,10.30072353344,1.3920954223348725
2011-03-04 05:00:00,10.84771532,10.85434334,10.77782142,10.8456068,10.8456068,453266800,0.12237482269927824,10.6357293125,10.32229423496,1.387771977832043
2011-03-07 05:00:00,10.88778267,10.89591747,10.58380514,10.70581818,10.70581818,546123200,-1.2888962561320327,10.64907546,10.34049074154,1.4196011464415517
2011-03-08 05:00:00,10.69225809,10.76727402,10.6121209,10.71786594,10.71786594,356316800,0.11253469653078607,10.654919766999999,10.35986810658,1.3799273095683378
2011-03-09 05:00:00,10.68563268,10.687742,10.56241535,10.61875153,10.61875153,453306000,-0.9247588144398744,10.6508072375,10.3766125868,1.3804878509341796
2011-03-10 05:00:00,10.51782747,10.53741066,10.39069317,10.44401741,10.44401741,507539200,-1.6455241419515598,10.633499431499999,10.38938621502,1.409913682322867
2011-03-11 05:00:00,10.40364654,10.61423244,10.39370572,10.60429001,10.60429001,471080400,1.534587637191609,10.6296581745,10.40547384246,1.442943817225244
2011-03-14 04:00:00,10.64014099,10.73955971,10.58380482,10.65158939,10.65158939,435957200,0.44604004563622013,10.624702215,10.42348960854,1.4385889125934979
2011-03-15 04:00:00,10.306337,10.47926407,10.24608387,10.40665913,10.40665913,721081200,-2.2994714782185177,10.6039900305,10.43726955398,1.5136510657752655
2011-03-16 04:00:00,10.30332877,10.33345535,9.829134243,9.942109108,9.942109108,1162011200,-4.463968851067756,10.5589658739,10.43753475174,1.7861141921487118
2011-03-17 04:00:00,10.14757333,10.23132583,9.961691815,10.08159637,10.08159637,659422400,1.4029946813574945,10.5160503864,10.43955324148,1.8091257454165077
2011-03-18 04:00:00,10.15660933,10.18884522,9.941806371,9.96199131,9.96199131,753214000,-1.1863702494171569,10.4744303224,10.43754686328,1.8054843984882416
2011-03-21 04:00:00,10.12226606,10.2352401,10.10027267,10.22198486,10.22198486,409402000,2.609855217791779,10.4574690339,10.44090297668,1.8724286146179505
2011-03-22 04:00:00,10.32019762,10.32200527,10.21716361,10.2792244,10.2792244,325922800,0.559965024248732,10.4613704204,10.44396383268,1.7118903405353654
2011-03-23 04:00:00,10.22138477,10.2497037,10.12106259,10.21867371,10.21867371,372996400,-0.5890589371704058,10.456203985399998,10.441999626080001,1.6960190257750243
2011-03-24 04:00:00,10.29880725,10.42383303,10.20872841,10.39280224,10.39280224,404712000,1.7040228012134229,10.4593522549,10.44400604248,1.7401967638026887
2011-03-25 04:00:00,10.48619923,10.60640469,10.45456588,10.59073925,10.59073925,448910000,1.9045586111335444,10.4644439699,10.448296222679998,1.7584996668834378
2011-03-28 04:00:00,10.63924116,10.67448979,10.55759716,10.55759716,10.55759716,309355200,-0.3129346235202668,10.460271453899999,10.451164321879999,1.7292410009912997
2011-03-29 04:00:00,10.47384239,10.57326031,10.42564021,10.57326031,10.57326031,352900800,0.14835904195458216,10.4627568724,10.452658596080001,1.7106834594457567
2011-03-30 04:00:00,10.56361896,10.57085034,10.46721379,10.50306416,10.50306416,329406000,-0.6639025990271996,10.4574995999,10.457466755079999,1.707545182546575
2011-03-31 04:00:00,10.43467519,10.53831092,10.42563779,10.49944782,10.49944782,274019200,-0.03443128543164642,10.4408544544,10.46329317108,1.6311261797504528
2011-04-01 04:00:00,10.57777899,10.59223932,10.34248866,10.38044834,10.38044834,418661600,-1.1333879842073569,10.417596531400001,10.470451240680001,1.6444799501273901
2011-04-04 04:00:00,10.37291787,10.3816544,10.19486873,10.27892208,10.27892208,460084800,-0.978052745648561,10.3962517264,10.47916980756,1.635149038283804
2011-04-05 04:00:00,10.15238962,10.31085556,10.12256393,10.20963001,10.20963001,482731200,-0.6741180588850204,10.370839929899999,10.48003742216,1.6369376658635204
2011-04-06 04:00:00,10.27982537,10.3605643,10.15690812,10.18402195,10.18402195,402539200,-0.2508226054706908,10.3491034509,10.478012828759999,1.6287946953553905
2011-04-07 04:00:00,10.18583391,10.25602869,10.12347144,10.18523216,10.18523216,373447200,0.011883419006175622,10.336164188400002,10.474536189959998,1.592936572098036
2011-04-08 04:00:00,10.24066558,10.24759448,10.06080954,10.09424973,10.09424973,377535200,-0.8932779201372698,10.3106621744,10.469625606559998,1.5527568187908412
2011-04-11 04:00:00,10.06412008,10.11262394,9.942409502,9.965908051,9.965908051,398946800,-1.2714335629974594,10.27637810745,10.46643217098,1.5606049411111986
2011-04-12 04:00:00,9.956570528,10.05418164,9.947833989,10.01411343,10.01411343,425639200,0.4837028272116406,10.25675082245,10.462262649779998,1.4976695133428624
2011-04-13 04:00:00,10.09304293,10.12678479,10.0177261,10.12648392,10.12648392,346220000,1.1221212020962712,10.26596956305,10.456900100979999,1.133576851273523
2011-04-14 04:00:00,10.0864158,10.12256785,10.00386919,10.01471424,10.01471424,301800800,-1.1037363104804077,10.26262545655,10.44973001498,1.120193238694581
2011-04-15 04:00:00,10.04122478,10.05146809,9.845401655,9.86528492,9.86528492,453605600,-1.492097691646166,10.25779013705,10.44010154738,1.1387737530188333
2011-04-18 04:00:00,9.824311556,10.00898792,9.645358989,9.99753952,9.99753952,609898800,1.3406059842415496,10.246567870049999,10.43127443318,1.011418966666004
2011-04-19 04:00:00,10.03519913,10.1822167,9.993322486,10.17860222,10.17860222,419378400,1.8110726107937403,10.24153676105,10.422826881579999,1.0903897738763793
2011-04-20 04:00:00,10.34881886,10.41630258,10.28826484,10.31567955,10.31567955,700666400,1.3467205716189312,10.24638705305,10.41512043018,1.1247910565229648
2011-04-21 04:00:00,10.69497227,10.69888923,10.49975171,10.56542778,10.56542778,753810400,2.421054558640301,10.25501833005,10.41062551518,1.1897300664738473
2011-04-25 04:00:00,10.55458408,10.65731642,10.55337818,10.63502216,10.63502216,266546000,0.6586991217879534,10.257232475550001,10.40970365538,1.1202590246991087
2011-04-26 04:00:00,10.65339771,10.694671,10.52475664,10.55699253,10.55699253,338800000,-0.7337044420413275,10.257202244050001,10.40582933438,1.1308757994919096
2011-04-27 04:00:00,10.61182269,10.6151371,10.45697202,10.54885769,10.54885769,356213200,-0.07705641523269025,10.255982113049999,10.40038843178,1.1305030573134587
2011-04-28 04:00:00,10.42955697,10.5368072,10.40937203,10.4464283,10.4464283,360959200,-0.9709998277548149,10.25315032005,10.392465152980002,1.141943902083999
2011-04-29 04:00:00,10.44733218,10.66334023,10.44401777,10.54825687,10.54825687,1006345200,0.9747692424213472,10.25559077255,10.384632167980001,1.1634082567874267
2011-05-02 04:00:00,10.53650644,10.55849902,10.4087696,10.43226814,10.43226814,442713600,-1.099600923920241,10.258181762549999,10.37738967898,1.161653845085047
2011-05-03 04:00:00,10.48378596,10.54102637,10.41238528,10.4901123,10.4901123,313348000,0.5544734780944749,10.268741273549999,10.37596771238,1.1419484889810896
2011-05-04 04:00:00,10.49191801,10.59947072,10.45034304,10.53138447,10.53138447,389250400,0.3934387813941731,10.28482899655,10.382571468380002,1.1283394808991967
2011-05-05 04:00:00,10.49613645,10.57296005,10.42533914,10.4464283,10.4464283,335969200,-0.8066951713899595,10.29794931405,10.38505998618,1.1457371598187513
2011-05-06 04:00:00,10.53499998,10.54433906,10.43015913,10.44371605,10.44371605,280134400,-0.025963419478003402,10.31087350855,10.38733757018,1.1459798218524777
2011-05-09 04:00:00,10.47987154,10.52024223,10.43980332,10.47203922,10.47203922,204747200,0.2711982005676905,10.32976298305,10.387000255579999,1.1204657671206384
2011-05-10 04:00:00,10.51090157,10.53500348,10.44371952,10.5277729,10.5277729,282091600,0.5322142023070242,10.3578562255,10.38473476398,1.0680210739529752
2011-05-11 04:00:00,10.51481646,10.54434049,10.40093739,10.46088886,10.46088886,336000000,-0.6353104368351237,10.380194997,10.38348150238,1.0859491198936626
2011-05-12 04:00:00,10.42744959,10.45757617,10.31146201,10.44100571,10.44100571,322000000,-0.1900713243979557,10.3959210865,10.38013742438,1.0683317820391085
2011-05-13 04:00:00,10.41359176,10.43136571,10.253619,10.2581377,10.2581377,326116000,-1.7514405707570457,10.4080922595,10.36865316378,1.1173020960292057
2011-05-16 04:00:00,10.21896987,10.27982555,10.02013246,10.04122162,10.04122162,449775200,-2.1145756310134267,10.416889094499998,10.352565460180001,1.1720778200739324
2011-05-17 04:00:00,10.00206303,10.12678719,9.963801658,10.12678719,10.12678719,452334400,0.8521430283898068,10.423351478,10.340984840379999,1.1496293724338256
2011-05-18 04:00:00,10.136727,10.27470718,10.12256754,10.23915768,10.23915768,334776400,1.109636135248926,10.426379251,10.33141067518,1.1035097612381262
2011-05-19 04:00:00,10.30573897,10.31568061,10.20300661,10.25904274,10.25904274,261170000,0.19420601402437843,10.4235474105,10.32421649938,1.0606922361028006
2011-05-20 04:00:00,10.22981824,10.2716949,10.09304317,10.09906864,10.09906864,337968400,-1.5593472417875898,10.4002294535,10.31731752398,0.9452820877306317
2011-05-23 04:00:00,9.940903052,10.12196416,9.924333398,10.07436371,10.07436371,383600000,-0.2446258252186695,10.372196531,10.30671899798,0.9223292580628129
2011-05-24 04:00:00,10.10750349,10.11955444,9.982176023,10.00778389,10.00778389,321927200,-0.6608836241827509,10.344736098999999,10.293842887979999,0.920529243679599
2011-05-25 04:00:00,10.04514101,10.19969164,10.02766793,10.14606571,10.14606571,294224000,1.3817426667074084,10.3245965,10.28863101958,0.9911052512346149
2011-05-26 04:00:00,10.12165898,10.14937535,10.07526364,10.09243584,10.09243584,222560800,-0.5285779880879526,10.306896877000002,10.291637554220001,0.9775963984221344
2011-05-27 04:00:00,10.08641908,10.17167758,10.07165706,10.16504955,10.16504955,203599200,0.719486466410868,10.287736511,10.29330661782,0.9634593281421236
2011-05-31 04:00:00,10.27621186,10.47896385,10.27319832,10.47896385,10.47896385,417754400,3.0881728461421787,10.290071296499999,10.30364606862,1.1831897338206065
2011-06-01 04:00:00,10.51029927,10.60851131,10.38316494,10.40907288,10.40907288,554682800,-0.6669645109998124,10.286019325500002,10.307387829020001,1.1861564302603482
2011-06-02 04:00:00,10.43889936,10.48348709,10.37262073,10.42684841,10.42684841,338783200,0.17076957962465222,10.2807925225,10.31034030922,1.1829927115541157
2011-06-03 04:00:00,10.33887598,10.40364783,10.30362736,10.3467083,10.3467083,313250000,-0.7685937960231648,10.2758065225,10.31290100102,1.181728560673813
2011-06-06 04:00:00,10.41479276,10.4554635,10.17709306,10.18402195,10.18402195,461941200,-1.5723488599751034,10.2628218175,10.30872539522,1.2302621459802563
2011-06-07 04:00:00,10.18794453,10.1894505,9.999049454,10.00326729,10.00326729,529785200,-1.7748848233776648,10.239383221,10.296975956019999,1.2801958828730413
2011-06-08 04:00:00,9.995431954,10.08641421,9.961389227,10.00928974,10.00928974,333723600,0.060204829336307775,10.213459062999998,10.286009807620001,1.2698895222856195
2011-06-09 04:00:00,10.03971402,10.05236752,9.964397226,9.986691475,9.986691475,275088800,-0.22577291283406575,10.18974919375,10.27427843092,1.2665546336794997
2011-06-10 04:00:00,9.958375567,9.99181655,9.806536817,9.818286896,9.818286896,433955200,-1.6862899932532538,10.15861325305,10.260582885640002,1.3079514182383682
2011-06-13 04:00:00,9.857451117,9.890892101,9.793281819,9.839375496,9.839375496,329473200,0.21478899754490133,10.13767514285,10.247381439160002,1.2662561832015837
2011-06-14 04:00:00,9.941804925,10.03971687,9.921017441,10.0153141,10.0153141,334569200,1.7881074268536912,10.136379766850002,10.240078754359999,1.2564504326362333
2011-06-15 04:00:00,9.934271783,9.950841432,9.787554325,9.843892097,9.843892097,399196000,-1.7115988703739204,10.122235012199999,10.2313781547,1.2945537240672111
2011-06-16 04:00:00,9.84841368,9.902038798,9.590228108,9.795992851,9.795992851,510591200,-0.4865884908937357,10.10007677075,10.223105411519999,1.2626822372659687
2011-06-17 04:00:00,9.911380405,9.919213524,9.621259766,9.648373604,9.648373604,615020000,-1.5069350217515765,10.069543313950001,10.2123924446,1.2907604565940778
2011-06-20 04:00:00,9.561005243,9.571248551,9.35433627,9.499547005,9.499547005,640645600,-1.5425045205370136,10.0395672322,10.1986787415,1.2898997533534033
2011-06-21 04:00:00,9.540519408,9.815273836,9.495931696,9.800210953,9.800210953,493382400,3.165034583667503,10.025859594349999,10.19279796596,1.5047148869435982
2011-06-22 04:00:00,9.795990486,9.908665233,9.712238013,9.719167709,9.719167709,390583200,-0.8269540766894568,10.011428785300001,10.187863159119999,1.5082690594966912
2011-06-23 04:00:00,9.608603114,9.992718641,9.58390028,9.978860855,9.978860855,559759200,2.6719689769271415,10.00306854255,10.18715810762,1.6013024343493867
2011-06-24 04:00:00,9.983078603,10.03670371,9.79388274,9.831842422,9.831842422,439807200,-1.4732987576065448,9.990038871649999,10.18126527766,1.6292023988688857
2011-06-27 04:00:00,9.86920405,10.05930342,9.858960739,10.00326729,10.00326729,339813600,1.7435680988582059,9.98194975865,10.18103633866,1.672435254481079
2011-06-28 04:00:00,10.05176831,10.14365479,10.04544196,10.10027218,10.10027218,294299600,0.9697320604136195,9.963015175150002,10.18573608386,1.5224467282029504
2011-06-29 04:00:00,10.12377167,10.1337133,9.998444197,10.06351852,10.06351852,352545200,-0.36388781752610955,9.945737457149999,10.18705566386,1.5187743945653838
2011-06-30 04:00:00,10.08340562,10.12648739,10.02737029,10.11262798,10.11262798,322954800,0.4879949284378071,9.93002643565,10.18573617906,1.5240334764031496
2011-07-01 04:00:00,10.12106276,10.34851929,10.06834105,10.34128952,10.34128952,435313200,2.2611485407376897,9.92975549665,10.18624837846,1.606792999632136
2011-07-05 04:00:00,10.3334546,10.53922018,10.31839172,10.52716923,10.52716923,355054000,1.7974519487198304,9.946912860649999,10.185483207459999,1.608859344730989
2011-07-06 04:00:00,10.5127085,10.66786169,10.44522477,10.59736443,10.59736443,444626000,0.6668003379290299,9.976617717649999,10.18473005286,1.54420650658288
2011-07-07 04:00:00,10.68503121,10.78535254,10.66484547,10.76125145,10.76125145,399663600,1.5464884791170475,10.01421580315,10.188815231260001,1.5676371651349135
2011-07-08 04:00:00,10.64496323,10.84560753,10.61061883,10.83687019,10.83687019,489633200,0.702694666613346,10.0567247389,10.19457548126,1.562666246937858
2011-07-11 04:00:00,10.73534367,10.83867856,10.62929692,10.66484642,10.66484642,442674400,-1.5873934723213745,10.099052715100001,10.19894384366,1.5557887983873486
2011-07-12 04:00:00,10.65068738,10.77571398,10.50276558,10.65731621,10.65731621,451609200,-0.07060776783319733,10.1399497508,10.20112503046,1.5591316243636242
2011-07-13 04:00:00,10.79529466,10.84560697,10.73654749,10.78595638,10.78595638,391638800,1.207059708703162,10.1784818648,10.20819879526,1.5373934605832884
2011-07-14 04:00:00,10.87603454,10.89411097,10.73534332,10.77842426,10.77842426,430533600,-0.06983265771375313,10.225208472950001,10.21396503446,1.461660030480835
2011-07-15 04:00:00,10.88085394,10.99623896,10.82060081,10.99382877,10.99382877,484467200,1.998478671872217,10.285100268899999,10.223213920460001,1.4820294072878761
2011-07-18 04:00:00,11.0091973,11.28696533,11.00467859,11.26135826,11.26135826,572653200,2.433451489894356,10.365749501699998,10.239512519660002,1.4503305775708915
2011-07-19 04:00:00,11.38788624,11.40746863,11.24689335,11.35324097,11.35324097,819145600,0.8159114369566289,10.45843419995,10.257703018059999,1.342957983051063
2011-07-20 04:00:00,11.93378419,11.93830289,11.62890156,11.6560154,11.6560154,941340400,2.666854608301339,10.551224422299999,10.281382541660001,1.3028298711349393
2011-07-21 04:00:00,11.65751945,11.75121276,11.56563298,11.66776276,11.66776276,526534400,0.10078366917738446,10.64865417485,10.30418233886,1.2545176090727135
2011-07-22 04:00:00,11.69878964,11.90154236,11.68161744,11.84882069,11.84882069,516728800,1.5517793232881827,10.7421521666,10.33194097546,1.1960744100091985
2011-07-25 04:00:00,11.75995183,12.05067499,11.73796006,12.00548553,12.00548553,589806000,1.3221977452339884,10.850834322,10.36323057186,1.0639579338644012
2011-07-26 04:00:00,12.05067192,12.18624267,12.04103196,12.15340424,12.15340424,476582400,1.2320926932140486,10.9583411695,10.40113590266,1.051446557252073
2011-07-27 04:00:00,12.06844886,12.13020878,11.81417945,11.82743549,11.82743549,659324400,-2.6821188826020803,11.044699335,10.43686018006,1.3332733008692212
2011-07-28 04:00:00,11.7982146,11.9599942,11.69307206,11.80423927,11.80423927,594034000,-0.19612214346560464,11.1317353725,10.470409221659999,1.3260678393027403
2011-07-29 04:00:00,11.67830805,11.9045594,11.56864682,11.76386738,11.76386738,632584400,-0.3420117898033759,11.2142973425,10.50090341566,1.3494331189966988
2011-08-01 04:00:00,11.98379259,12.03561007,11.82080712,11.9527626,11.9527626,612836000,1.6057238142716868,11.2948709965,10.53477781286,1.3188694107734555
2011-08-02 04:00:00,11.97987949,11.98741094,11.69970128,11.71657181,11.71657181,639539600,-1.9760351468873005,11.3543411255,10.567127876259999,1.4245542436652412
2011-08-03 04:00:00,11.7789316,11.85635775,11.51562556,11.82683372,11.82683372,732508000,0.9410765519816344,11.41581459,10.602177276459999,1.427093154296555
2011-08-04 04:00:00,11.73163252,11.78917379,11.36830443,11.36890697,11.36890697,871407600,-3.871930229522158,11.446197366,10.629399738059998,1.7152020094470597
2011-08-05 04:00:00,11.4613975,11.55358567,10.92303373,11.25593281,11.25593281,1204590800,-0.9937117112323479,11.467150497,10.651597080059998,1.7354978841167061
2011-08-08 04:00:00,10.8965212,11.07969163,10.63532287,10.64104748,10.64104748,1143833600,-5.462766528365581,11.46596055,10.662569312859999,2.119850040738812
2011-08-09 04:00:00,10.88476973,11.28575659,10.69497132,11.26768017,11.26768017,1082583600,5.888825241854856,11.496478748,10.68462192526,2.493715724650082
2011-08-10 04:00:00,11.1815193,11.28696271,10.92092434,10.95677471,10.95677471,878656800,-2.759267704702706,11.5050196645,10.69417814246,2.57488711056438
2011-08-11 04:00:00,11.16254024,11.3110654,10.98780547,11.2583437,11.2583437,741969200,2.752351836939426,11.529015636499999,10.71116355886,2.640985887771438
2011-08-12 04:00:00,11.38999694,11.43729571,11.27431102,11.35746098,11.35746098,528976000,0.8803895372283099,11.547197247,10.729775810260001,2.6137479445084093
2011-08-15 04:00:00,11.43699374,11.5978707,11.39059838,11.5508728,11.5508728,460544000,1.7029494562260883,11.561672974,10.75385910026,2.585780945085199
2011-08-16 04:00:00,11.49393413,11.54966858,11.32944187,11.46260166,11.46260166,498750000,-0.7641945464069155,11.5671410085,10.77943069446,2.5887859288291355
2011-08-17 04:00:00,11.51773416,11.58431365,11.38788798,11.46139717,11.46139717,442061200,-0.010507998408459951,11.557410097,10.80859329206,2.516174638187135
2011-08-18 04:00:00,11.17218132,11.22671147,10.88688108,11.02787399,11.02787399,851435200,-3.782463634841471,11.525415658499998,10.82896497706,2.6498745856497004
2011-08-19 04:00:00,10.91098462,11.05649706,10.72510309,10.72600651,10.72600651,775888400,-2.737313468341507,11.4692749495,10.84375127776,2.670017989985194
2011-08-22 04:00:00,10.98147638,10.99262391,10.69768299,10.73835373,10.73835373,535315200,0.11511479121786294,11.405918359500001,10.86215261444,2.6410347172239272
2011-08-23 04:00:00,10.8546476,11.25653804,10.75522965,11.25533295,11.25533295,656835200,4.814324737279807,11.361014794999999,10.890471763519999,2.8772360653125557
2011-08-24 04:00:00,11.25141247,11.41680814,11.16494892,11.33305645,11.33305645,626267600,0.6905482080830083,11.336295842999998,10.916826610520001,2.831451424655156
2011-08-25 04:00:00,10.99865057,11.31106462,10.99624038,11.25894547,11.25894547,871346000,-0.6539363880076698,11.309031153000001,10.945127677979999,2.833478897621972
2011-08-26 04:00:00,11.18212005,11.5626203,11.17097332,11.55599308,11.55599308,641477200,2.638325327993618,11.298637438,10.98032768256,2.9030308755451593
2011-08-29 04:00:00,11.69457689,11.79459817,11.68915477,11.74850368,11.74850368,405269200,1.6658940401511613,11.288424492,11.02233028408,2.9048667121996563
2011-08-30 04:00:00,11.69668178,11.80483701,11.63522356,11.74910259,11.74910259,417922400,0.005097755563698847,11.290051031,11.06732139578,2.8691512935912074
2011-08-31 04:00:00,11.76657887,11.81206999,11.50417549,11.59365177,11.59365177,522586400,-1.3230867533007062,11.2783919335,11.103190212119998,2.8769217492629906
2011-09-01 04:00:00,11.62347907,11.66927108,11.46983267,11.47917175,11.47917175,343725200,-0.987437110162559,11.2839051725,11.138390292939999,2.745060197664964
2011-09-02 04:00:00,11.28967325,11.38788688,11.2020054,11.26888657,11.26888657,438939200,-1.8318846043923087,11.2845528605,11.164190807239999,2.7686754042477992
2011-09-06 04:00:00,11.06763872,11.45808061,11.04082576,11.44030666,11.44030666,509698000,1.5211803662693146,11.324515819499998,11.196360091999999,2.461191182592318
2011-09-07 04:00:00,11.61564523,11.61685032,11.50839338,11.56653881,11.56653881,350576800,1.1033983069821174,11.3394587515,11.2276255224,2.1055133306801554
2011-09-08 04:00:00,11.52044466,11.70753204,11.5177336,11.57286549,11.57286549,416158400,0.05469812624092629,11.3702632905,11.257077388599999,1.9916768241964062
2011-09-09 04:00:00,11.5665391,11.62890075,11.29810941,11.37222195,11.37222195,564813200,-1.7337412257437346,11.375957203,11.283251457199999,1.9523108111642213
2011-09-12 04:00:00,11.23725285,11.4746501,11.20411274,11.44633198,11.44633198,467832400,0.6516759022628715,11.380400753,11.3099255372,1.9479690649745758
2011-09-13 04:00:00,11.51260907,11.63522465,11.45566955,11.58732414,11.58732414,440560400,1.231767174378251,11.38222332,11.3348462296,1.9297784128072315
2011-09-14 04:00:00,11.65963036,11.81598782,11.62167067,11.72831917,11.72831917,534724400,1.2168040549869419,11.3955091955,11.3588692284,1.9375109809242408
2011-09-15 04:00:00,11.79248741,11.85967025,11.74639374,11.83858109,11.83858109,417818800,0.9401340328632823,11.4143683915,11.383693561600001,1.9454644862634485
2011-09-16 04:00:00,11.91630996,12.06573772,11.9009454,12.06573772,12.06573772,698513200,1.9187825658590008,11.466261578000001,11.409783286999998,1.7412844463434634
2011-09-19 04:00:00,11.9602924,12.44924879,11.90606554,12.4010458,12.4010458,823860800,2.7790101838878867,11.5500135425,11.4410667992,1.6413650995700502
2011-09-20 04:00:00,12.51010401,12.73936888,12.3877901,12.45587635,12.45587635,775754000,0.4421445649366085,11.6358896735,11.4768873978,1.6364250538744094
2011-09-21 04:00:00,12.64236398,12.70111116,12.41219643,12.41641426,12.41641426,605976000,-0.31681504288536555,11.693943739,11.5120693588,1.3427488552567797
2011-09-22 04:00:00,12.08170652,12.34652015,11.95125778,12.10550594,12.10550594,968480800,-2.504010525821476,11.7325662135,11.538460350000001,1.4997901225725494
2011-09-23 04:00:00,12.05911001,12.25372884,12.04615564,12.18021965,12.18021965,546277200,0.6171878347779325,11.778629922499999,11.566496257799999,1.482243772429516
2011-09-26 04:00:00,12.04645768,12.17058007,11.78857375,12.14617729,12.14617729,812876400,-0.27948888425832763,11.808139133,11.5895432282,1.3916255793717827
2011-09-27 04:00:00,12.31368077,12.3293462,11.9922293,12.02838135,12.02838135,632497600,-0.9698190400775908,11.8221330165,11.60488369,1.376051163701994
2011-09-28 04:00:00,12.05639696,12.16334712,11.94553064,11.96059513,11.96059513,429637600,-0.5635523020726341,11.832707643500001,11.6170307732,1.3845463467535943
2011-09-29 04:00:00,12.10851769,12.11725422,11.63522669,11.76657963,11.76657963,651086800,-1.6221224603896411,11.8413540365,11.6192420578,1.402206409823979
2011-09-30 04:00:00,11.66264022,11.71596527,11.48368767,11.4879055,11.4879055,547640800,-2.3683529008675985,11.841790724,11.6156449126,1.4890214922842888
2011-10-03 04:00:00,11.45928784,11.52767497,11.24237557,11.2854557,11.2854557,669099200,-1.7622864324571608,11.8426191805,11.604377612799999,1.4845542963172047
2011-10-04 04:00:00,11.28455332,11.50236904,10.67207861,11.22219086,11.22219086,1233677200,-0.560587376192534,11.831713390500001,11.5887117194,1.446082603365357
2011-10-05 04:00:00,11.08240068,11.44271517,10.8546426,11.39541721,11.39541721,786469600,1.5436054524561982,11.8231573105,11.573551978800001,1.4683221222578275
2011-10-06 04:00:00,11.2471948,11.59214559,11.20110112,11.36890697,11.36890697,812582400,-0.23263948578149396,11.8129593845,11.564381408400003,1.4685027538802944
2011-10-07 04:00:00,11.32100778,11.38005583,11.10138441,11.14085007,11.14085007,535458000,-2.005970324163875,11.801390790500001,11.5511136244,1.4858110775780204
2011-10-10 04:00:00,11.42072545,11.71355629,11.39421336,11.71355629,11.71355629,442514800,5.140597139370695,11.814752006,11.550107402600002,1.88856099103541
2011-10-11 04:00:00,11.82683427,12.14647892,11.79459918,12.059412,12.059412,605687600,2.9526106456265744,11.838356399,11.5522403906,1.9783582512921987
2011-10-12 04:00:00,12.27180389,12.32934517,12.05489162,12.11665154,12.11665154,622286000,0.47464619336332614,11.8577730175,11.560241985200001,1.9655618204085417
2011-10-13 04:00:00,12.20070539,12.30464363,12.13653608,12.30464363,12.30464363,426185200,1.551518498154314,11.8810761445,11.569798183400001,1.982666879192985
2011-10-14 04:00:00,12.55770791,12.71346283,12.5107092,12.71346283,12.71346283,573367200,3.322478994867084,11.9134624,11.596689300600001,2.0692310251858306
2011-10-17 04:00:00,12.70562716,12.8550557,12.53089162,12.65290546,12.65290546,686044800,-0.47632474967482796,11.926055383,11.6246287536,1.9889452278836544
2011-10-18 04:00:00,12.70622768,12.79811495,12.53239719,12.72068882,12.72068882,881602400,0.5357137948614588,11.9392960065,11.666221580400002,1.989854836059539
2011-10-19 04:00:00,12.0913476,12.30434295,11.98439742,12.00910187,12.00910187,1104059600,-5.593934102697428,11.918930387,11.6810500144,2.365732008367877
2011-10-20 04:00:00,12.05067261,12.06121679,11.87623955,11.90937805,11.90937805,549270400,-0.830401982425677,11.9091239925,11.7001020812,2.306572460609876
2011-10-21 04:00:00,11.9934341,12.02476577,11.77200231,11.83587074,11.83587074,621244400,-0.6172220723146826,11.891906547000001,11.711652622,2.304115022302209
2011-10-24 04:00:00,11.9355898,12.24649625,11.91209126,12.22450447,12.22450447,502138000,3.283524622202827,11.895822906000001,11.728993491799999,2.425522821072408
2011-10-25 04:00:00,12.20220891,12.24800171,11.97174057,11.98348904,11.98348904,430427200,-1.9715762760893263,11.893578290499999,11.7376458166,2.4580352194299873
2011-10-26 04:00:00,12.1036994,12.12750043,11.84430867,12.06875324,12.06875324,456304800,0.7115139815740967,11.898986196,11.749768848199999,2.4589119401744277
2011-10-27 04:00:00,12.2784296,12.32181301,12.10761183,12.19196606,12.19196606,494664800,1.0209241795716917,11.9202555175,11.764380226,2.4338688781675897
2011-10-28 04:00:00,12.14105522,12.24197992,12.1262932,12.1998024,12.1998024,322842800,0.06427462118443472,11.955850362499998,11.7878187942,2.358055309167392
2011-10-31 04:00:00,12.12358121,12.33175696,12.08230711,12.19468021,12.19468021,385501200,-0.04198584396744032,12.001311587999998,11.817192268200001,2.308671669589707
2011-11-01 04:00:00,11.97264648,12.03561069,11.84641559,11.94553185,11.94553185,531790000,-2.0430905584198134,12.0374786375,11.8413358306,2.3647136957973602
2011-11-02 04:00:00,12.05338839,12.06393257,11.90335645,11.97264862,11.97264862,327350800,0.227003454852448,12.066340208,11.855682144,2.3476912641118295
2011-11-03 04:00:00,12.02265376,12.15310245,11.91088403,12.14316082,12.14316082,441386400,1.4241811098937962,12.105052900499999,11.8718842314,2.358096836548459
2011-11-04 04:00:00,12.11183295,12.15431135,12.02536939,12.05790615,12.05790615,302229200,-0.7020797242476062,12.1509057045,11.887863445,2.3068126746657005
2011-11-07 05:00:00,12.04796524,12.0506763,11.93408615,12.0425415,12.0425415,270275600,-0.1274238645488257,12.167354965,11.8975944134,2.0229134340659987
2011-11-08 05:00:00,12.11725349,12.29168736,12.0976711,12.23836231,12.23836231,400442000,1.6260754426297819,12.1763024805,11.907391586,1.9467839295701834
2011-11-09 05:00:00,11.95938897,12.07748586,11.87684239,11.90847492,11.90847492,558684000,-2.6955190706394405,12.165893649500001,11.9105790326,2.0407692089117315
2011-11-10 05:00:00,11.96119883,11.96662176,11.51291391,11.60540295,11.60540295,744752400,-2.545010776241363,12.1309316155,11.910814056200001,2.075103447281797
2011-11-11 05:00:00,11.6472756,11.71024059,11.45597123,11.58732414,11.58732414,653786000,-0.1557792528005253,12.074624681,11.912977104000001,1.8960792545462923
2011-11-14 05:00:00,11.55418742,11.60630738,11.39391379,11.42584801,11.42584801,432905200,-1.393558409594986,12.0132718085,11.9161163328,1.9079235827159071
2011-11-15 05:00:00,11.47224517,11.73434697,11.43157441,11.71416283,11.71416283,430810800,2.523355988524134,11.962945508999999,11.921593456199998,2.01309932600483
2011-11-16 05:00:00,11.72681198,11.78375151,11.57828684,11.59184456,11.59184456,349210400,-1.044191307352682,11.9420826435,11.922099571199999,1.611268668425793
2011-11-17 05:00:00,11.56804404,11.58612047,11.31257034,11.37011242,11.37011242,479900400,-1.9128287896917784,11.915119362,11.918044509800001,1.6524705539848166
2011-11-18 05:00:00,11.41560462,11.44783971,11.29389243,11.29570007,11.29570007,371938000,-0.654455710298063,11.8881108285,11.9165140722,1.652964333433446
2011-11-21 05:00:00,11.15892426,11.1974873,11.02365596,11.11704922,11.11704922,447980400,-1.5815828048982516,11.832738066000001,11.909928417000001,1.456492843626324
2011-11-22 05:00:00,11.17760566,11.38578144,11.17519546,11.34300137,11.34300137,409021200,2.0324831304470825,11.8007136825,11.9050419616,1.5124182791261687
2011-11-23 05:00:00,11.28274463,11.32281363,11.05287798,11.0561924,11.0561924,428271200,-2.5285104060601804,11.7500856405,11.8915994262,1.574738926179205
2011-11-25 05:00:00,11.09927058,11.18151629,10.94562423,10.95315647,10.95315647,254760800,-0.9319296035405489,11.688145161,11.873890933799998,1.540511581017466
2011-11-28 05:00:00,11.21766901,11.3493228,11.15681333,11.33124638,11.33124638,346413200,3.451880843988353,11.64471736,11.859201107,1.7766249647034356
2011-11-29 05:00:00,11.32281124,11.41289006,11.1528969,11.2432766,11.2432766,375855200,-0.7763468999780088,11.5971471795,11.836045723,1.7774331779530348
2011-11-30 05:00:00,11.48700485,11.51682975,11.3969252,11.51441956,11.51441956,405938400,2.411600902889832,11.575591565,11.8172165872,1.837524289975083
2011-12-01 05:00:00,11.52466029,11.71927827,11.4707335,11.68704319,11.68704319,387181200,1.4991952403721642,11.561311293500001,11.802629165799999,1.873570564986286
2011-12-02 05:00:00,11.74428691,11.85876853,11.70662889,11.74037075,11.74037075,379055600,0.45629642273958826,11.54117179,11.795326462,1.8442910226122573
2011-12-05 05:00:00,11.85454999,11.94252032,11.76115753,11.84008884,11.84008884,357210000,0.8493606558378941,11.530280924500001,11.7885238458,1.85256376242546
2011-12-06 05:00:00,11.82502735,11.88889659,11.73073147,11.77802944,11.77802944,283598000,-0.5241464049690392,11.517055321499999,11.7811608888,1.8552783253452256
2011-12-07 05:00:00,11.74729582,11.77772406,11.65179407,11.72198963,11.72198963,304746400,-0.4757995408780302,11.491236687499999,11.775033054400001,1.8116937733914842
2011-12-08 05:00:00,11.79309306,11.91510613,11.75633846,11.76929283,11.76929283,376356400,0.40354241466771246,11.484277583,11.7712070084,1.7170582580847813
2011-12-09 05:00:00,11.83526927,11.87111965,11.78043825,11.85846615,11.85846615,296993200,0.7576778085824909,11.496930743,11.7730447388,1.620025363999588
2011-12-12 05:00:00,11.80002066,11.86690183,11.73283862,11.80484104,11.80484104,301067200,-0.4522094959136025,11.507806588,11.7793834496,1.624035310069035
2011-12-13 05:00:00,11.83978717,11.91209207,11.66203969,11.71355629,11.71355629,338928800,-0.773282331296854,11.522192002,11.7879454614,1.5996410538625268
2011-12-14 05:00:00,11.64998792,11.67047453,11.37824545,11.45386314,11.45386314,406887600,-2.21703079381369,11.5091770175,11.792578907,1.5784184800635448
2011-12-15 05:00:00,11.54845983,11.56081165,11.39722366,11.4162035,11.4162035,256200000,-0.3287942202529148,11.5003949645,11.792994632799997,1.5639472358942488
2011-12-16 05:00:00,11.45898427,11.57316419,11.43518405,11.47886753,11.47886753,421478400,0.5489042832847346,11.50583272,11.795193843999998,1.5066663866618812
2011-12-19 05:00:00,11.52255308,11.59425462,11.46260001,11.51471996,11.51471996,235530400,0.3123342081115643,11.516783714499999,11.8026712418,1.4980781449227625
2011-12-20 05:00:00,11.6819243,11.93318181,11.66686142,11.9286623,11.9286623,337215200,3.594897152843979,11.5573643685,11.806973361999999,1.6322108406151121
2011-12-21 05:00:00,11.95095631,11.96933441,11.80996339,11.94372654,11.94372654,262948000,0.12628607987335005,11.587400627,11.804659652800002,1.584710948821961
2011-12-22 05:00:00,11.9602972,12.02446813,11.93318417,12.00699425,12.00699425,202358800,0.5297149912810939,11.6349407195,11.802466506999998,1.4415236919342866
2011-12-23 05:00:00,12.04133403,12.15882837,12.03530856,12.15099525,12.15099525,269399200,1.1993093109043507,11.6948326585,11.7993935394,1.4146056713379538
2011-12-27 05:00:00,12.1440681,12.32452667,12.14165711,12.24740219,12.24740219,265076000,0.7934077663309225,11.740640449,11.7900723266,1.2396506266779004
2011-12-28 05:00:00,12.2582475,12.29921912,12.09104419,12.13020897,12.13020897,228662000,-0.956882269251258,11.784987067500001,11.779618396800002,1.2492623653554147
2011-12-29 05:00:00,12.1531071,12.2208925,12.06604178,12.20492458,12.20492458,215978000,0.6159466022785276,11.8195123185,11.769303112,1.1572936725804546
2011-12-30 05:00:00,12.15641791,12.23986953,12.15581617,12.2013073,12.2013073,179662000,-0.02963787261682782,11.845225524,11.773147220599999,1.1237779279875075
2012-01-03 05:00:00,12.33386694,12.4272594,12.32181599,12.38899803,12.38899803,302220800,1.5382837706251262,11.877656888,11.7827396202,1.1611003513139044
2012-01-04 05:00:00,12.3519383,12.49293197,12.3302474,12.45557404,12.45557404,260022000,0.5373800999789236,11.908431148,11.7951336862,1.1550662717382059
2012-01-05 05:00:00,12.50106597,12.60952129,12.43237638,12.59385586,12.59385586,271269600,1.1102002971193459,11.949222469,11.802520714,1.1544832597142374
2012-01-06 05:00:00,12.64627952,12.73605668,12.62970986,12.7255125,12.7255125,318292800,1.04540373864499,11.9993986125,11.817361183200001,1.1478802674160105
2012-01-09 05:00:00,12.81890715,12.88669174,12.69388054,12.70532894,12.70532894,394024400,-0.15860705020722676,12.046200418,11.8300926972,1.1551068174418522
2012-01-10 05:00:00,12.83125633,12.8339682,12.69839742,12.75081825,12.75081825,258196400,0.35803331196555543,12.090818023,11.841269741000001,1.151857649911244
2012-01-11 05:00:00,12.73394526,12.73906732,12.63241884,12.73002911,12.73002911,215084800,-0.16304161499596237,12.137077426500001,11.851874275199998,1.1427771407482836
2012-01-12 05:00:00,12.72189849,12.74057666,12.61555085,12.69508553,12.69508553,212587200,-0.2744972513263999,12.1861538885,11.8618823816,1.1214320791085932
2012-01-13 05:00:00,12.64417197,12.6667663,12.6128395,12.64748478,12.64748478,226021600,-0.3749541496787412,12.245834970499999,11.875921440199999,0.9581554549089788
2012-01-17 05:00:00,12.77973803,12.83366562,12.74238089,12.79480171,12.79480171,242897200,1.1647923090048584,12.314764880999999,11.892364502,0.9482156836645993
2012-01-18 05:00:00,12.8628902,12.9385079,12.84300693,12.92766285,12.92766285,276791200,1.0383993672693048,12.387204647,11.9080545426,0.9537841212128754
2012-01-19 05:00:00,12.95899327,12.99574706,12.84933205,12.88668919,12.88668919,261738400,-0.3169456109384905,12.455803108500001,11.9246302034,0.9739513330959921
2012-01-20 05:00:00,12.87885619,12.87915706,12.64567514,12.6622448,12.6622448,413974400,-1.7416761333404973,12.4924822335,11.937024269399998,0.8201707990446815
2012-01-23 05:00:00,12.73364524,12.90777824,12.72249851,12.87644577,12.87644577,306062400,1.6916508358770566,12.539118195,11.9497859386,0.875350006271905
2012-01-24 05:00:00,12.80685531,12.80685531,12.63965198,12.66556072,12.66556072,547638000,-1.6377582274398117,12.5720465185,11.9649276546,0.9833860136418553
2012-01-25 05:00:00,13.69077,13.69107087,13.36811346,13.45638466,13.45638466,958314000,6.243892058811262,12.637315989000001,12.0019472888,1.6528399186388372
2012-01-26 05:00:00,13.50759779,13.52055135,13.35033695,13.39522552,13.39522552,323985200,-0.45449904670010755,12.694707155500002,12.0381053164,1.6656460014864138
2012-01-27 05:00:00,13.3864933,13.51121824,13.3693219,13.47506618,13.47506618,299709200,0.5960381919721591,12.761950016,12.0790896798,1.6318865110918959
2012-01-30 05:00:00,13.42776856,13.6745066,13.4181286,13.64769363,13.64769363,379341200,1.2810879567791256,12.8340884685,12.117760295800002,1.640284190100394
2012-01-31 05:00:00,13.72541578,13.80525131,13.6494964,13.75222874,13.75222874,391683600,0.7659544010441,12.9116345405,12.1609679794,1.6345454294855095
2012-02-01 05:00:00,13.81037218,13.82784525,13.72421031,13.74349022,13.74349022,270046000,-0.06354257310003941,12.979359149999999,12.2084355354,1.6260148871599998
2012-02-02 05:00:00,13.73475744,13.773018,13.67691448,13.71125889,13.71125889,186796400,-0.23452070386819068,13.0421433925,12.256746711799998,1.6350255379186052
2012-02-03 05:00:00,13.77693303,13.85827453,13.72451221,13.84863377,13.84863377,286599600,1.001912961472784,13.104882287999999,12.311378402799999,1.6330549100165475
2012-02-06 05:00:00,13.80947001,14.00830586,13.80404789,13.97787762,13.97787762,249412800,0.9332606533359211,13.167500544000001,12.3640759278,1.631233108618057
2012-02-07 05:00:00,14.0164388,14.15200956,13.99625306,14.12429237,14.12429237,316223600,1.0474748311610993,13.238448715499999,12.4254379272,1.628566590954279
2012-02-08 05:00:00,14.17460049,14.36409638,14.1504986,14.36078358,14.36078358,407890000,1.6743579345773751,13.318946982,12.4935904694,1.6471879789252672
2012-02-09 05:00:00,14.48370784,14.96543379,14.47768237,14.85758018,14.85758018,884214800,3.459397582537771,13.4253245355,12.564117145400001,1.753566263863931
2012-02-10 05:00:00,14.79100041,14.99164313,14.71839383,14.86511135,14.86511135,631302000,0.0506890752650202,13.533825826500001,12.636553840400001,1.7446616744807075
2012-02-13 05:00:00,15.0491842,15.17872951,14.97567501,15.14167404,15.14167404,517216000,1.8604817918165262,13.6585352895,12.70909893,1.736592897272182
2012-02-14 05:00:00,15.20373658,15.35135674,15.12360016,15.3483448,15.3483448,460398400,1.3649135455831019,13.786212443999997,12.7823249622,1.7386648963728477
2012-02-15 05:00:00,15.49295048,15.85537359,14.9696496,14.99314976,14.99314976,1506120000,-2.3142237461331927,13.889486789500001,12.847380542400002,1.8830849584833826
2012-02-16 05:00:00,14.80726912,15.2106655,14.66055159,15.12992573,15.12992573,944552000,0.9122564116907705,14.0016486165,12.9131772802,1.8660543350397725
2012-02-17 05:00:00,15.15703742,15.29742858,15.0723815,15.12721252,15.12721252,535805200,-0.017932738391568392,14.124897002500001,12.9801609418,1.7792073281562677
2012-02-21 05:00:00,15.27061037,15.51072025,15.18746045,15.51072025,15.51072025,605595200,2.535217440046922,14.2566107265,13.0559355542,1.808518849780699
2012-02-22 05:00:00,15.45739997,15.53000494,15.33659121,15.45619488,15.45619488,483302400,-0.3515334499053946,14.396142434500002,13.129673595200002,1.7329359444764671
2012-02-23 05:00:00,15.51764991,15.60049897,15.34954321,15.55711555,15.55711555,568027600,0.6529464126425522,14.501178978999999,13.2036465832,1.2200064801814876
2012-02-24 05:00:00,15.65593303,15.75324162,15.62490304,15.73847961,15.73847961,415072000,1.1657949021276037,14.6183416835,13.282319354599998,1.1902974349286521
2012-02-27 05:00:00,15.70534121,15.9219526,15.55380495,15.83940601,15.83940601,547582000,0.6412715999318808,14.736558675000001,13.364836349000003,1.1899003952656317
2012-02-28 05:00:00,15.90568139,16.13012505,15.84211385,16.13012505,16.13012505,600387200,1.8354163017000769,14.860680246000001,13.458361587199999,1.2075731584577614
2012-02-29 05:00:00,16.31540275,16.49766969,16.13886041,16.34191322,16.34191322,952011200,1.3129976943359045,14.99016447,13.556875781600002,1.2118529688174295
2012-03-01 05:00:00,16.51454505,16.51575175,16.23135415,16.40307617,16.40307617,683270000,0.3742704368613792,15.123143767500002,13.655359954400001,1.197912864492721
2012-03-02 05:00:00,16.39614625,16.47326911,16.34432717,16.42446518,16.42446518,431712400,0.1303963340676173,15.258804082000001,13.753554858799998,1.182479343569533
2012-03-05 05:00:00,16.4316983,16.49375828,15.8466367,16.0623455,16.0623455,809124400,-2.2047578172648907,15.3694896685,13.836228522799999,1.3720569525425808
2012-03-06 05:00:00,15.77614539,16.07831542,15.55200247,15.97498131,15.97498131,810238800,-0.5439068036483197,15.469344853,13.916853618200001,1.4012970614544737
2012-03-07 05:00:00,16.17200895,16.20153298,15.76529813,15.98793507,15.98793507,798520800,0.08108779439943703,15.562526987999998,13.996472434600001,1.404590218141468
2012-03-08 05:00:00,16.10843195,16.35848345,16.03100664,16.3283577,16.3283577,516457200,2.129247013510671,15.660905693999998,14.080019683599998,1.425896599848547
2012-03-09 05:00:00,16.39524916,16.50159682,16.36210984,16.42417145,16.42417145,418919200,0.5867935511971067,15.739235257499999,14.1635550688,1.2638786284765327
2012-03-12 04:00:00,16.53894663,16.6299305,16.47929524,16.6299305,16.6299305,407282400,1.2527819173490329,15.827476214999999,14.253549499399998,1.2694534726578437
2012-03-13 04:00:00,16.79682662,17.11737372,16.74289823,17.11496353,17.11496353,690855200,2.9166269215616936,15.926140689499999,14.351750278399999,1.345634289460791
2012-03-14 04:00:00,17.41472677,17.91693751,17.33488965,17.76208687,17.76208687,1418844000,3.781038381213553,16.046827793000002,14.4629658698,1.513707024676686
2012-03-15 04:00:00,18.06425928,18.07631023,17.42979212,17.64097977,17.64097977,1159718000,-0.6818292292250172,16.1792192935,14.5680055046,1.3780722340839906
2012-03-16 04:00:00,17.61566945,17.75063684,17.41321838,17.64127731,17.64127731,825487600,0.0016866410135873977,16.3047868725,14.67171957,1.3900416129903646
2012-03-19 04:00:00,18.02691181,18.1293417,17.74613101,18.10915756,18.10915756,901236000,2.6521903248739376,16.4538841245,14.782025604000001,1.436821371296784
2012-03-20 04:00:00,18.06124394,18.28387914,17.81932723,18.25556183,18.25556183,816662000,0.8084543387229859,16.5911262035,14.8926265906,1.3851894821297348
2012-03-21 04:00:00,18.15856152,18.3667373,18.11849411,18.15133095,18.15133095,644042000,-0.57095410686685,16.725883007,15.0015466308,1.3958433934784962
2012-03-22 04:00:00,18.00913075,18.2115835,17.94134616,18.05612946,18.05612946,623870800,-0.5244876547193189,16.8508337025,15.107652855,1.4275555615254727
2012-03-23 04:00:00,18.09077451,18.13024017,17.90730241,17.95701218,17.95701218,430488800,-0.5489397947637475,16.961760331,15.2121925164,1.4529903590372626
2012-03-26 04:00:00,18.06968731,18.29142161,17.9332155,18.28629875,18.28629875,595742000,1.833749215622582,17.084104968,15.324016780800001,1.4759710719724717
2012-03-27 04:00:00,18.26218985,18.56646902,18.25857456,18.51224136,18.51224136,607129600,1.235584155596281,17.203210783499998,15.441311912400002,1.4583392326003448
2012-03-28 04:00:00,18.62973914,18.72222898,18.38661726,18.60684395,18.60684395,655460400,0.5110272071344513,17.31645732,15.557552757200002,1.4516391175695904
2012-03-29 04:00:00,18.46103247,18.57491155,18.29382994,18.37306213,18.37306213,608238400,-1.2564291968493513,17.414956617999998,15.6664607428,1.5130874298346173
2012-03-30 04:00:00,18.34022331,18.39415011,18.01395146,18.06245613,18.06245613,731038000,-1.6905510785425015,17.4968561655,15.7699760816,1.594146636440425
2012-04-02 04:00:00,18.13114139,18.641487,18.08745711,18.63726997,18.63726997,598351600,3.1823680891619466,17.625602389,15.889476585000002,1.5700796728009963
2012-04-03 04:00:00,18.898475,19.04639925,18.75416925,18.95933151,18.95933151,834559600,1.72805105317686,17.774819899,16.011134299800002,1.553041418668638
2012-04-04 04:00:00,18.80960048,18.85509162,18.58816864,18.80839539,18.80839539,572980800,-0.7961046512657166,17.915842915,16.1339909932,1.5885159594265368
2012-04-05 04:00:00,18.88882978,19.12020319,18.78097619,19.09067917,19.09067917,641298000,1.5008392483607746,18.0539589885,16.2466768834,1.5674886182889898
2012-04-09 04:00:00,18.86322032,19.27625735,18.8382158,19.16749954,19.16749954,597536800,0.4023972605475379,18.191125393,16.3621223638,1.5693257256199893
2012-04-10 04:00:00,19.27897649,19.40159213,18.85931206,18.93282127,18.93282127,889725200,-1.2243551617687976,18.3062699315,16.4712774656,1.627300772736299
2012-04-11 04:00:00,19.16659704,19.18678117,18.77916626,18.86532974,18.86532974,696614800,-0.35647898977921866,18.393788242,16.5756301878,1.551552851382063
2012-04-12 04:00:00,18.82918007,19.01988275,18.69360928,18.76199722,18.76199722,614336800,-0.5477376829566061,18.4437837595,16.6758255574,1.359742980255884
2012-04-13 04:00:00,18.80236394,18.82013949,18.18175453,18.23357201,18.23357201,859644800,-2.8164656662282628,18.473413371499998,16.7656271932,1.5144349709933924
2012-04-16 04:00:00,18.37908509,18.38571231,17.42075625,17.4773941,17.4773941,1050786800,-4.147173738559184,18.465219211,16.8409498974,1.797324632915341
2012-04-17 04:00:00,17.4415448,18.37727776,17.22975377,18.36824036,18.36824036,1025528000,5.097134360550926,18.478173351,16.9313420292,2.0542347993420105
2012-04-18 04:00:00,18.48934986,18.686078,18.15765429,18.3272686,18.3272686,954531200,-0.2230576211819657,18.4817586895,17.0183298488,2.0482137880820157
2012-04-19 04:00:00,18.08263746,18.2185091,17.60964816,17.69761848,17.69761848,834719200,-3.4355917062294905,18.459073066000002,17.089796371000002,2.188501788162624
2012-04-20 04:00:00,17.81631849,17.91392958,17.18486322,17.26198769,17.26198769,1030985200,-2.461522099667268,18.4193659775,17.147820453199998,2.25009343271419
2012-04-23 04:00:00,17.1905938,17.37316172,16.76912094,17.22343063,17.22343063,966529200,-0.2233639641762597,18.382686900000003,17.1951374622,2.248618373294055
2012-04-24 04:00:00,16.94957404,17.10261789,16.72030995,16.87937927,16.87937927,1076149200,-1.9975774129500357,18.312340925999997,17.2354228206,2.2307688349548727
2012-04-25 04:00:00,18.54719063,18.61828962,18.2567692,18.37727547,18.37727547,905777600,8.874118982931044,18.305592631499998,17.3001348492,3.0314113548674513
2012-04-26 04:00:00,18.50591306,18.51856736,18.14017568,18.30798149,18.30798149,536068400,-0.3770634015532903,18.2906495085,17.359327583,3.0301280944181452
2012-04-27 04:00:00,18.22875162,18.26219179,18.09107155,18.16638756,18.16638756,406722400,-0.7734000063160384,18.280315780000002,17.422792339,3.0218227362826022
2012-04-30 04:00:00,18.00973532,18.02781175,17.56385976,17.59338379,17.59338379,506144800,-3.1541976527115323,18.256862163,17.4720615002,3.0816855866631525
2012-05-01 04:00:00,17.62110573,17.97840769,17.51054103,17.53765488,17.53765488,610999200,-0.31676061106377107,18.2018814085,17.5202703474,2.984058960654043
2012-05-02 04:00:00,17.48070791,17.69641509,17.43913294,17.65363503,17.65363503,427389200,0.661320745524896,18.1365965845,17.563128643,2.9560106977992215
2012-05-03 04:00:00,17.78981354,17.81692738,17.48252067,17.52831268,17.52831268,390549600,-0.7098954395909574,18.072592449000002,17.604570999,2.9553361590123832
2012-05-04 04:00:00,17.38551113,17.42407256,17.02670167,17.02911186,17.02911186,529992400,-2.8479684788461856,17.9695140835,17.634010925200002,2.974896949754649
2012-05-07 04:00:00,16.91613481,17.2556627,16.90800001,17.15654564,17.15654564,460118400,0.7483289853731812,17.8689663885,17.6623722458,2.9815946697088616
2012-05-08 04:00:00,17.15955877,17.21740173,16.83268516,17.11738205,17.11738205,497252000,-0.22827200079654775,17.7781944275,17.6879317666,2.9773782642175886
2012-05-09 04:00:00,16.98241352,17.29211651,16.89655251,17.14750671,17.14750671,480704000,0.17598871084376633,17.692303276,17.708279399800002,2.9807481488935923
2012-05-10 04:00:00,17.3101924,17.34935718,17.12521593,17.18787766,17.18787766,333200000,0.2354333529810404,17.613597298,17.7251986886,2.9843334917767654
2012-05-11 04:00:00,17.02157871,17.30687894,17.00199632,17.07309532,17.07309532,399546000,-0.6678098498869689,17.555573463500004,17.738599071600003,2.930807941230723
2012-05-14 04:00:00,16.94836923,17.09719444,16.79863979,16.81731796,16.81731796,352626400,-1.4981311543453613,17.5225696565,17.746456127200002,2.804379974388684
2012-05-15 04:00:00,16.91462814,16.96795158,16.62239823,16.6651783,16.6651783,476336000,-0.9046606620738418,17.437416553499997,17.7585127832,2.5192836973767134
2012-05-16 04:00:00,16.69168806,16.77724818,16.29973941,16.45157814,16.45157814,560896000,-1.2817154197504288,17.3436320305,17.7680447198,2.525241942833335
2012-05-17 04:00:00,16.42838141,16.49435915,15.97075748,15.97075748,15.97075748,717220000,-2.9226415600272615,17.2572889805,17.767701168000002,2.496395313889828
2012-05-18 04:00:00,16.08644935,16.37114629,15.73155762,15.97859573,15.97859573,732292400,0.04907876166686531,17.193119382499997,17.7607059286,2.4544659788750947
2012-05-21 04:00:00,16.10271483,16.91733977,16.0891563,16.90950584,16.90950584,631106000,5.825981993224882,17.177423143,17.7704126164,2.81777205318744
2012-05-22 04:00:00,17.15865506,17.2891046,16.64740671,16.77966309,16.77966309,694870400,-0.7678683885182114,17.172437334,17.7734072682,2.786406126598996
2012-05-23 04:00:00,16.79562308,17.25656298,16.66698364,17.18907928,17.18907928,584897600,2.439954770271857,17.1130275245,17.7748895832,1.9564699061934863
2012-05-24 04:00:00,17.34905178,17.36803243,16.90799673,17.03121567,17.03121567,496230000,-0.9183947983978369,17.0491892335,17.7602721592,1.961102306274044
2012-05-25 04:00:00,17.00922594,17.04718562,16.82484962,16.93993378,16.93993378,328507200,-0.5359681409048855,16.9878665445,17.7462512394,1.9590759491025957
2012-05-29 04:00:00,17.19932428,17.29271673,17.03091669,17.24059677,17.24059677,380508800,1.774877008993836,16.9702271935,17.7382376286,1.8941765084748314
2012-05-30 04:00:00,17.14811362,17.47318044,17.06857894,17.44847679,17.44847679,529429600,1.205758842186544,16.965768289,17.7250240132,1.914830956170913
2012-05-31 04:00:00,17.49577394,17.51867075,17.21619989,17.40509415,17.40509415,491674400,-0.24863282063030123,16.953341245,17.7080146596,1.9088834780930373
2012-06-01 04:00:00,17.14690757,17.25205012,16.88661343,16.90077209,16.90077209,520987600,-2.8975543346888455,16.9219642155,17.6830034824,2.0085337640736127
2012-06-04 04:00:00,16.91613436,17.09689378,16.52448813,17.00018692,17.00018692,556995600,0.5882265583524671,16.9205179685,17.6618846316,1.9114105009424156
2012-06-05 04:00:00,16.90921016,17.06586935,16.82063806,16.95620728,16.95620728,388214400,-0.2587009202131729,16.910501050500002,17.641868533600004,1.9041485910475489
2012-06-06 04:00:00,17.10502427,17.28819384,17.03663635,17.21619225,17.21619225,401455600,1.5332731294612767,16.9154415605,17.620466403600002,1.9355486021590074
2012-06-07 04:00:00,17.39183348,17.3927361,17.18727304,17.22402763,17.22402763,379766800,0.045511689729171856,16.9192676065,17.594702128999998,1.9353084364782278
2012-06-08 04:00:00,17.22041002,17.49094816,17.14208047,17.48311424,17.48311424,347516400,1.5042161773401785,16.9340294355,17.5722275348,1.9626607301202115
2012-06-11 04:00:00,17.70605797,17.72955652,17.19119272,17.20746231,17.20746231,591264800,-1.5766752205355283,16.940747785,17.5489155384,1.9917593549658403
2012-06-12 04:00:00,17.30657968,17.3716516,17.07279603,17.35779381,17.35779381,435380400,0.8736413149813327,16.9677715775,17.534822291999998,1.9646671954802715
2012-06-13 04:00:00,17.30838078,17.42768195,17.18365589,17.2372818,17.2372818,293580000,-0.6942818385742733,16.996376752499998,17.506822528599997,1.9591299691024668
2012-06-14 04:00:00,17.20956905,17.27765612,17.08966611,17.21830559,17.21830559,345573200,-0.11008818107273166,17.034713125,17.4720020102,1.9302077815604193
2012-06-15 04:00:00,17.202338,17.31139669,17.1586537,17.29663467,17.29663467,335255200,0.4549174690307023,17.1010069845,17.4417667958,1.7803721607683565
2012-06-18 04:00:00,17.20113592,17.71117918,17.18336037,17.64761162,17.64761162,440412000,2.029163225657693,17.184457779000002,17.4129054448,1.8137324625350504
2012-06-19 04:00:00,17.57591134,17.77474722,17.56687393,17.69672012,17.69672012,361404400,0.27827278306795655,17.223818493000003,17.3834898564,1.313801846516296
2012-06-20 04:00:00,17.72081415,17.75214661,17.49757557,17.64640236,17.64640236,358943200,-0.28433381812448255,17.2671554565,17.3577614782,1.298719061385984
2012-06-21 04:00:00,17.63736471,17.72111639,17.39635056,17.40328026,17.40328026,326351200,-1.3777431514941374,17.2778655055,17.3285204886,1.2407388906360493
2012-06-22 04:00:00,17.44455391,17.53945232,17.33549524,17.53674126,17.53674126,284471600,0.7668726700146733,17.303141785,17.3040153694,1.2272857083566246
2012-06-25 04:00:00,17.39213439,17.46745201,17.18335692,17.19540787,17.19540787,304382400,-1.9463900672273438,17.3159154895,17.2832520866,1.3069286533006677
2012-06-26 04:00:00,17.21227986,17.30748076,17.09177357,17.23336983,17.23336983,276536400,0.22076801136092783,17.315554142499998,17.2783716012,1.2458142218084238
2012-06-27 04:00:00,17.32284601,17.37526685,17.2300569,17.30778313,17.30778313,202997200,0.43179773157575596,17.308519459499998,17.2571624566,1.2182790637841483
2012-06-28 04:00:00,17.22252002,17.29271478,17.03995218,17.14358711,17.14358711,282836400,-0.948683137330264,17.295444107499996,17.233488826800002,1.2347342869882014
2012-06-29 04:00:00,17.41322546,17.59398651,17.30025061,17.59398651,17.59398651,421500800,2.6272179626706027,17.3301048285,17.2314161874,1.1854996029535065
2012-07-02 04:00:00,17.61597791,17.87928394,17.58193438,17.85066414,17.85066414,400092000,1.4588940934682881,17.372628689499997,17.2431897164,1.215801669608627
2012-07-03 04:00:00,17.92176179,18.07601072,17.89525131,18.05823517,18.05823517,241712800,1.1628196484570807,17.427730083999997,17.2598858072,1.2259217123438793
2012-07-05 04:00:00,18.0928782,18.50802451,18.0654635,18.3754673,18.3754673,484383200,1.7567172373910367,17.4856938365,17.2898075678,1.2384907312302136
2012-07-06 04:00:00,18.28960465,18.33027539,18.12360728,18.25315094,18.25315094,418930400,-0.6656503369576905,17.537150001999997,17.287325077200002,1.2572649729838759
2012-07-09 04:00:00,18.23568436,18.49477338,18.19983399,18.4944725,18.4944725,379405600,1.3220816547961922,17.587717915,17.291054897400002,1.2486991675535646
2012-07-10 04:00:00,18.6173899,18.67463112,18.23598613,18.32335472,18.32335472,511957600,-0.9252374189098855,17.6435125355,17.2941942406,1.2052122974189463
2012-07-11 04:00:00,18.26038208,18.30677743,17.99225575,18.20946884,18.20946884,469322000,-0.6215340025901184,17.686096287,17.3065159416,1.215491791420627
2012-07-12 04:00:00,18.08324326,18.18055188,17.85548512,18.04287338,18.04287338,428041600,-0.9148836875134236,17.726375866,17.3166203116,1.225441210681396
2012-07-13 04:00:00,18.16488365,18.29261888,18.07600911,18.22573853,18.22573853,311427200,1.0135034822263966,17.776747513,17.3280623816,1.234473955109243
2012-07-16 04:00:00,18.23025672,18.42607898,18.22724318,18.2841835,18.2841835,301260400,0.32067271185636237,17.8261249545,17.343179797999998,1.2339059231958658
2012-07-17 04:00:00,18.40107242,18.42246325,18.17090417,18.28508568,18.28508568,293624800,0.004934209941609424,17.857998657499998,17.3682992744,1.164390164561956
2012-07-18 04:00:00,18.27455193,18.32727364,18.18326716,18.26461029,18.26461029,252700000,-0.11197863853816825,17.886393165999998,17.3904605674,1.165996064099222
2012-07-19 04:00:00,18.4158397,18.5384553,18.25677038,18.50742531,18.50742531,436861600,1.3294289675205517,17.9294443135,17.4182614326,1.1889139401230708
2012-07-20 04:00:00,18.46856202,18.51104121,18.18748044,18.20555687,18.20555687,397471200,-1.6310666391661344,17.969558143999997,17.4394224358,1.2083051252929193
2012-07-23 04:00:00,17.90730348,18.25376109,17.70575654,18.19139862,18.19139862,487975600,-0.07776883783944255,18.002291012,17.459492855,1.203396288227937
2012-07-24 04:00:00,18.29834839,18.36764056,18.03112457,18.10373116,18.10373116,565132400,-0.4819170962677921,18.0477071765,17.4801055718,1.1072569121505775
2012-07-25 04:00:00,17.30657762,17.49757956,17.17221194,17.32194138,17.32194138,877312800,-4.318390353295554,18.052135754,17.4901980402,1.5088526032887704
2012-07-26 04:00:00,17.46624589,17.48552741,17.18305661,17.31922913,17.31922913,406632800,-0.015657886956765843,18.052708054,17.5032790568,1.505998174997311
2012-07-27 04:00:00,17.32314396,17.64911488,17.22011076,17.62892914,17.62892914,403936400,1.7881858809959628,18.0769751555,17.5268260768,1.5379082725688442
2012-07-30 04:00:00,17.80246218,18.05914099,17.70906812,17.92628288,17.92628288,379142400,1.6867373941920505,18.093589974,17.5659365848,1.47113845799791
2012-07-31 04:00:00,18.17332306,18.42849754,18.1579593,18.400177,18.400177,462327600,2.6435715824205452,18.121065617,17.6143682102,1.5502842635022545
2012-08-01 04:00:00,18.555333,18.57009501,18.1663961,18.28117943,18.28117943,384501600,-0.6467197027506755,18.13221283,17.641801682,1.5416559153333822
2012-08-02 04:00:00,18.16156958,18.39806261,18.0835409,18.31069565,18.31069565,332158400,0.16145686941599902,18.1289742475,17.6724223332,1.4903592163977122
2012-08-03 04:00:00,18.48663733,18.61768859,18.42427487,18.54899979,18.54899979,344920800,1.3014477688618076,18.14376669,17.6996207434,1.509392147440774
2012-08-06 04:00:00,18.59689782,18.82525926,18.53574207,18.75536537,18.75536537,302103200,1.112542899004465,18.1568113335,17.734103737399998,1.5011042399427432
2012-08-07 04:00:00,18.76200338,18.82918625,18.61950446,18.70596886,18.70596886,290446800,-0.263372688430874,18.1759420405,17.769424438999998,1.4849653068202289
2012-08-08 04:00:00,18.66016949,18.79543941,18.5911798,18.67432976,18.67432976,244706000,-0.16913906056827965,18.1991850865,17.7980990988,1.4765942005556272
2012-08-09 04:00:00,18.69368502,18.81107947,18.69217259,18.78082275,18.78082275,221642400,0.5702640542853965,18.236082555,17.824746018,1.4581621979647632
2012-08-10 04:00:00,18.71970447,18.81198381,18.71940231,18.81016922,18.81016922,194938800,0.15625763786093483,18.2653040895,17.8528475194,1.4458737002305062
2012-08-13 04:00:00,18.86130858,19.06130028,18.85707183,19.06130028,19.06130028,278832400,1.3350813438349318,18.304159928500003,17.8960580832,1.4691177960513293
2012-08-14 04:00:00,19.11787759,19.32180386,19.06765224,19.11243057,19.11243057,340169200,0.2682413542042017,18.345527173,17.9383029562,1.4682809420059326
2012-08-15 04:00:00,19.10063922,19.18232998,18.99323064,19.08641815,19.08641815,257342400,-0.1361021033129628,18.386617566,17.9809071736,1.4685881437489685
2012-08-16 04:00:00,19.09790898,19.26582935,19.0764263,19.25312233,19.25312233,254534000,0.8734178340318977,18.423902417,18.0216457752,1.4540997080079883
2012-08-17 04:00:00,19.36386545,19.61166202,19.32786115,19.60924149,19.60924149,442761200,1.8496696478425,18.494086648,18.0693500524,1.430529344400927
2012-08-20 04:00:00,19.66672343,20.12479973,19.66339479,20.12479973,20.12479973,613384800,2.62915952288576,18.5907567035,18.1221837622,1.5105668007802664
2012-08-21 04:00:00,20.2963569,20.41919681,19.67640978,19.84977722,19.84977722,812719600,-1.3665850775648858,18.6780590065,18.1750300604,1.5537014127799094
2012-08-22 04:00:00,19.80015093,20.24128343,19.60923545,20.23735046,20.23735046,565322800,1.9525319387942108,18.8238294605,18.2326211934,1.1033704697997213
2012-08-23 04:00:00,20.15384746,20.26851764,20.00377732,20.04855728,20.04855728,420128800,-0.9328947500966356,18.960295868,18.288846703,1.156264108208509
2012-08-24 04:00:00,19.95415473,20.25580739,19.83434133,20.06640434,20.06640434,437340400,0.08901917355321753,19.082169627999995,18.345808678,1.137519180724866
2012-08-27 04:00:00,20.57380341,20.60042933,20.37865274,20.44340134,20.44340134,427008400,1.878747151768012,19.208025551,18.408744011400003,1.1474456629462217
2012-08-28 04:00:00,20.42221061,20.45609814,20.29180699,20.41676521,20.41676521,267416800,-0.13029206616358424,19.3088549615,18.4641270832,1.060060993739059
2012-08-29 04:00:00,20.43038777,20.50360662,20.35020946,20.3765316,20.3765316,202806800,-0.19706162845177788,19.41362257,18.5177233128,1.0384127919524724
2012-08-30 04:00:00,20.29091118,20.31844359,20.05521568,20.08607674,20.08607674,302699600,-1.4254381741787725,19.5023916245,18.5665168004,1.1264851080514493
2012-08-31 04:00:00,20.18834125,20.22918662,19.8857804,20.12752724,20.12752724,338321200,0.20636434151151128,19.581317997,18.62100174,1.110432582792877
2012-09-04 04:00:00,20.14325371,20.42705448,20.10513105,20.42191124,20.42191124,367892000,1.4625939713794667,19.664645290499998,18.6787051396,1.1246729523103114
2012-09-05 04:00:00,20.44007031,20.46366975,20.25944128,20.27850342,20.27850342,336375200,-0.7022252634176107,19.7432720185,18.7403670506,1.143094808493142
2012-09-06 04:00:00,20.36745687,20.52236809,20.29575044,20.46125031,20.46125031,391196400,0.9011852907239826,19.832618046,18.8049246602,1.13957489026785
2012-09-07 04:00:00,20.51510362,20.64913971,20.44612151,20.5874176,20.5874176,329666400,0.616615739940074,19.9229477885,18.8705173496,1.1398492699433214
2012-09-10 04:00:00,20.58771385,20.6736397,20.03251558,20.05187988,20.05187988,487998000,-2.6012865256106577,19.985033321499998,18.928683205,1.3302207866534284
2012-09-11 04:00:00,20.12359458,20.27457123,19.86308938,19.98683739,19.98683739,503983200,-0.32437103348536,20.031310176999998,18.9765402226,1.3158092975689661
2012-09-12 04:00:00,20.17623966,20.26852068,19.84796259,20.26519203,20.26519203,712233200,1.3926897716157294,20.08894825,19.0248307804,1.340618299113193
2012-09-13 04:00:00,20.49452999,20.74051192,20.41586411,20.66426659,20.66426659,598360000,1.9692611814841054,20.167840672,19.0769514088,1.3863049538578047
2012-09-14 04:00:00,20.87545085,21.08784738,20.81281903,20.91538811,20.91538811,600474000,1.2152452587962825,20.250953961,19.127749825,1.3944405017025299
2012-09-17 04:00:00,21.15955467,21.17316979,21.01614184,21.17256546,21.17256546,398031200,1.2296083087123932,20.3291201595,19.1861381154,1.3677151620444208
2012-09-18 04:00:00,21.17558912,21.24971606,21.07090329,21.23700905,21.23700905,373503200,0.30437308186270773,20.384730625499998,19.2409888464,1.2624147869366658
2012-09-19 04:00:00,21.18709466,21.29994863,21.16621792,21.24276543,21.24276543,326874800,0.027105417652961705,20.454380036,19.2993770606,1.2040360857235888
2012-09-20 04:00:00,21.15380605,21.18103791,20.98618784,21.13988876,21.13988876,336568400,-0.4842903827140588,20.499506951,19.357985459,1.155279768934398
2012-09-21 04:00:00,21.25214362,21.3326241,21.15986261,21.18194962,21.18194962,571589200,0.19896443390745588,20.556176568,19.4207669838,1.1228542015497402
2012-09-24 04:00:00,20.78166838,21.03158339,20.66487979,20.90057373,20.90057373,639766400,-1.3283757871575874,20.5978850375,19.474263687799997,1.1789597987224971
2012-09-25 04:00:00,20.82402035,20.96077915,20.36231313,20.37865257,20.37865257,518789600,-2.4971618805413653,20.594647599,19.5161530692,1.2565549480686196
2012-09-26 04:00:00,20.23341833,20.35292956,20.00528829,20.12570763,20.12570763,576503200,-1.2412250472946695,20.580094719999998,19.5529655082,1.2864298786368096
2012-09-27 04:00:00,20.09878458,20.63976201,19.97957549,20.61404419,20.61404419,594090000,2.4264317507627364,20.5919703495,19.5999541862,1.4008055827627823
2012-09-28 04:00:00,20.53628404,20.60768831,20.17321139,20.18380165,20.18380165,535110800,-2.0871331022406348,20.596856595000002,19.633481713000002,1.4450331688901563
2012-10-01 04:00:00,20.3066404,20.47577268,19.86308727,19.95052719,19.95052719,543594800,-1.155750854299542,20.5880065925,19.6683811194,1.4684026631750429
2012-10-02 04:00:00,20.02374496,20.16110807,19.68608797,20.0086174,20.0086174,627992400,0.29117130312785733,20.567341900500004,19.704725495,1.4283873245235388
2012-10-03 04:00:00,20.11601732,20.32780945,20.04854606,20.31540298,20.31540298,424281200,1.5332672611352072,20.5691868785,19.7489589314,1.4651533718911183
2012-10-04 04:00:00,20.30935763,20.40012617,20.13689998,20.17471886,20.17471886,370725600,-0.6924997753601225,20.554860306000002,19.806014481,1.4579872747789138
2012-10-05 04:00:00,20.12631804,20.15052181,19.70515402,19.74478912,19.74478912,594006000,-2.1310321248263375,20.512728882,19.8545256808,1.5190141405993882
2012-10-08 04:00:00,19.57202268,19.59259725,19.24616461,19.30849266,19.30849266,637994000,-2.2096790061842952,20.475559521,19.8881169512,1.4886213728681068
2012-10-09 04:00:00,19.32301946,19.37869023,18.86615333,19.23830223,19.23830223,838597200,-0.3635210227746488,20.438132763000002,19.9143573382,1.4888494650498827
2012-10-10 04:00:00,19.3559956,19.51453762,19.27309459,19.39139557,19.39139557,510356000,0.7957736507604674,20.394442939999998,19.9341817096,1.461390744118648
2012-10-11 04:00:00,19.56051931,19.5816982,19.00380707,19.00380707,19.00380707,546081200,-1.9987653730277666,20.311419964,19.9486342624,1.4186918941772826
2012-10-12 04:00:00,19.04798756,19.22407766,18.91909795,19.05252647,19.05252647,460014800,0.25636652603628907,20.218276882,19.963470878800003,1.3765099620692516
2012-10-15 04:00:00,19.13239987,19.21651113,18.8752234,19.20531654,19.20531654,432502000,0.8019412556155237,20.119914436,19.9765972138,1.3520459580039024
2012-10-16 04:00:00,19.22377701,19.67549985,19.09155713,19.66006851,19.66006851,549771600,2.367844180296963,20.041067409,19.9946912766,1.4868747353429155
2012-10-17 04:00:00,19.63223482,19.75083797,19.48488738,19.50334358,19.50334358,389037600,-0.7971738751585855,19.9540963165,20.010638771,1.486579980010823
2012-10-18 04:00:00,19.35145601,19.4261873,19.06130009,19.14117622,19.14117622,476624400,-1.8569501096796115,19.8541606895,20.0199757002,1.5211950257414129
2012-10-19 04:00:00,19.09306992,19.11485315,18.44468243,18.45133972,18.45133972,744086000,-3.6039399672796013,19.717630194499996,20.0133860396,1.6624059552403858
2012-10-22 04:00:00,18.52940403,19.22408245,18.47917866,19.18323708,19.18323708,546730800,3.9666353289602885,19.631763362,20.0208473968,1.949618346652865
2012-10-23 04:00:00,19.09155999,19.1793037,18.50762041,18.55784416,18.55784416,707145600,-3.2601010840450084,19.5407229415,20.0107782744,1.9994380895052741
2012-10-24 04:00:00,18.80230801,18.95691542,18.47554187,18.66282654,18.66282654,558527200,0.5657035326672499,19.467578887,20.001786193799997,2.0025265646264594
2012-10-25 04:00:00,18.75874268,18.81925614,18.32154303,18.44226456,18.44226456,656325600,-1.181825162052863,19.3589899055,19.988903122,1.8983357111684371
2012-10-26 04:00:00,18.43893059,18.57720178,17.88131336,18.27464104,18.27464104,1018432800,-0.9089096377218553,19.263531874999998,19.9693334962,1.8657325634805133
2012-10-31 04:00:00,17.99870715,18.2129199,17.78146954,18.01202011,18.01202011,510003200,-1.4370784598458863,19.166606521,19.937389068599998,1.872152246887658
2012-11-01 04:00:00,18.09976271,18.24438581,17.97722661,18.04893303,18.04893303,361298000,0.2049349255362376,19.068622302499996,19.8958717346,1.8703492420492387
2012-11-02 04:00:00,18.02926676,18.06133808,17.38965497,17.45167923,17.45167923,599373600,-3.309080924657848,18.925436115,19.8479097748,1.906704986344446
2012-11-05 05:00:00,17.65500233,17.78358979,17.47588572,17.68828392,17.68828392,529135600,1.3557703352309547,18.801114368,19.796928444,1.9635281135824587
2012-11-06 05:00:00,17.85802,17.87344972,17.55122405,17.63472939,17.63472939,374917200,-0.30276837618739005,18.6956113815,19.7486518862,1.9326342285050875
2012-11-07 05:00:00,17.44142229,17.46269793,16.89158994,16.9599781,16.9599781,793648800,-3.826263931118934,18.5781856535,19.6865233614,2.0368822835947564
2012-11-08 05:00:00,17.03991341,17.08854528,16.2697248,16.34449387,16.34449387,1056146000,-3.629039061082273,18.433495235499997,19.604545211999998,2.142813471862109
2012-11-09 05:00:00,16.42565066,16.86515076,16.22200871,16.62746811,16.62746811,929913600,1.7313123443938094,18.2952988625,19.528759270000002,2.1889631118947444
2012-11-12 05:00:00,16.84296384,16.85360248,16.371853,16.49890137,16.49890137,515802000,-0.7732189840898185,18.170053577500003,19.4512066654,2.16902438613642
2012-11-13 05:00:00,16.37975704,16.73141785,16.30225119,16.50102997,16.50102997,532949200,0.012901465087078456,18.0424787525,19.37950573,2.1641597709071285
2012-11-14 05:00:00,16.58005084,16.63931972,16.29677666,16.31805229,16.31805229,477170400,-1.1088864169852775,17.89811554,19.303316231,2.136647924566274
2012-11-15 05:00:00,16.3378097,16.39768567,15.88463234,15.97581387,15.97581387,789910800,-2.097299444307643,17.713902808,19.2143942836,2.0194397956056833
2012-11-16 05:00:00,15.96305146,16.10894387,15.37188348,16.03842926,16.03842926,1266893600,0.391938654953794,17.540657092,19.129592800399998,2.043482777706571
2012-11-19 05:00:00,16.43445597,17.24871655,16.40922941,17.19491959,17.19491959,823317600,7.210745586441547,17.443344260499998,19.064266186,2.724785520671654
2012-11-20 05:00:00,17.38276528,17.38398108,16.85603297,17.04842758,17.04842758,642754000,-0.8519493751235507,17.3731986535,18.9934863856,2.6275363457550096
2012-11-21 05:00:00,17.14994312,17.24477203,16.91742562,17.07243729,17.07243729,373002000,0.14083240162376942,17.267658664000002,18.9338975338,2.4274356982243606
2012-11-23 05:00:00,17.23868068,17.3854852,17.09977963,17.37028694,17.37028694,272826400,1.744622896781478,17.208280803,18.8815665248,2.3914419291460876
2012-11-26 05:00:00,17.50403296,17.93259074,17.4374693,17.91830635,17.91830635,630579600,3.1549243365579294,17.1710547935,18.8346288112,2.508199648076475
2012-11-27 05:00:00,17.91891159,17.94535557,17.63168655,17.7739315,17.7739315,533330000,-0.8057393772598509,17.137638140500002,18.7768221094,2.5016467473883672
2012-11-28 05:00:00,17.54567548,17.8049389,17.39340056,17.71801186,17.71801186,520864400,-0.3146160431641065,17.1098066815,18.7128745844,2.495744426431212
2012-11-29 05:00:00,17.93927979,18.06176685,17.78822069,17.91313934,17.91313934,514698800,1.1012944428630655,17.104862643,18.647686062000002,2.490066220025932
2012-11-30 05:00:00,17.83502819,17.88396361,17.7101079,17.78913307,17.78913307,391319600,-0.6922643074801393,17.091872645000002,18.5787285424,2.4942869239315733
2012-12-03 05:00:00,18.04352974,18.07210015,17.79581563,17.81678772,17.81678772,364280000,0.15545810968518037,17.1101280695,18.5102089882,2.3728971595264947
2012-12-04 05:00:00,17.68336306,17.68336306,17.38945182,17.5025177,17.5025177,557068400,-1.7638983240913952,17.1008397585,18.437461567,2.390542756018087
2012-12-05 05:00:00,17.29157623,17.30190969,16.37549374,16.37610245,16.37610245,1044638000,-6.435732671762972,17.0379084115,18.341344623599998,2.788184042598386
2012-12-06 05:00:00,16.07672529,16.81743142,15.76335968,16.63294029,16.63294029,1177212400,1.5683697679846897,17.021556521,18.255991954800002,2.6917014969319015
2012-12-07 05:00:00,16.82016321,16.87487244,16.10893835,16.2077198,16.2077198,787040800,-2.5564962212703324,17.0147178175,18.1725732994,2.6268179630217596
2012-12-10 05:00:00,15.95697254,16.3675987,15.85302432,16.10347366,16.10347366,630484400,-0.6431881923328997,16.988518094999996,18.092128619999997,2.5974992622750044
2012-12-11 05:00:00,16.40588876,16.70344891,16.33294259,16.45512772,16.45512772,592345600,2.1837155599135682,16.986329412499998,18.0089502906,2.6426088102635514
2012-12-12 05:00:00,16.64904482,16.65603606,16.29951214,16.38248825,16.38248825,487144000,-0.44143972162373757,16.9804023265,17.932924022599998,2.6446227547208796
2012-12-13 05:00:00,16.1438936,16.341153,15.9812836,16.09951782,16.09951782,625259600,-1.7272738162959045,16.969475603,17.855903835200003,2.661792038599867
2012-12-14 05:00:00,15.64542931,15.74816172,15.36671475,15.49467373,15.49467373,1009579200,-3.7569081059596554,16.945418596,17.7656249618,2.753782642785626
2012-12-17 05:00:00,15.46853346,15.80499754,15.23449824,15.76943588,15.76943588,757607200,1.7732683810438576,16.931968927,17.6747056198,2.784368203175961
2012-12-18 05:00:00,15.95697265,16.25787515,15.81259958,16.22748184,16.22748184,625685200,2.904643916786709,16.8835970395,17.5957608794,2.3215763329091192
2012-12-19 05:00:00,16.15361586,16.22139531,15.97216187,15.99678135,15.99678135,449369200,-1.4216653715879324,16.831014728,17.520800724,2.332650362930425
2012-12-20 05:00:00,16.10894107,16.11502005,15.77095764,15.85758114,15.85758114,481689600,-0.8701763620717284,16.7702719205,17.4517824936,2.3337403133287165
2012-12-21 05:00:00,15.57612571,15.79496424,15.50834627,15.78463078,15.78463078,596268400,-0.4600346002076372,16.6909891125,17.3827090646,2.2814672193167156
2012-12-24 05:00:00,15.81564398,15.93418018,15.76579628,15.81017208,15.81017208,175753200,0.1618111969547087,16.585582398999996,17.3110845948,2.125204179035458
2012-12-26 05:00:00,15.77459731,15.78857978,15.53509189,15.5922327,15.5922327,302436400,-1.3784756984125068,16.476497458999997,17.242853107400002,2.1319415015327587
2012-12-27 05:00:00,15.60864497,15.69101397,15.33874465,15.65484524,15.65484524,455120400,0.4015623753485853,16.373339128,17.1748994828,2.1435128527822123
2012-12-28 05:00:00,15.50986463,15.63721646,15.44390808,15.48858738,15.48858738,354278400,-1.0620217411999144,16.25211153,17.100564899600002,2.107699585662759
2012-12-31 05:00:00,15.51716286,16.27306871,15.47066066,16.17489433,16.17489433,659492400,4.431049347251714,16.171399593,17.030861416,2.4001301032684172
2013-01-02 05:00:00,16.83293438,16.86879958,16.46242952,16.6873455,16.6873455,560518000,3.168188672797334,16.114927482,16.9745414544,2.5309026704232545
2013-01-03 05:00:00,16.65238602,16.70679171,16.44327386,16.47670746,16.47670746,352965200,-1.2622621135278789,16.063636969999997,16.9212520792,2.5180452851520845
2013-01-04 05:00:00,16.32078984,16.37124461,15.98219767,16.01775932,16.01775932,594333600,-2.7854359926834604,16.0457198135,16.8725804712,2.1536240474759625
2013-01-07 05:00:00,15.86578486,16.08766209,15.65910427,15.92353439,15.92353439,484156400,-0.5882528768074824,16.0102495185,16.807386417399997,2.1200201284974587
2013-01-08 05:00:00,16.0849303,16.16638708,15.84299317,15.96639252,15.96639252,458707200,0.2691496055480913,15.998183154499998,16.755557384600003,2.047374226639541
2013-01-09 05:00:00,15.88098373,15.95727377,15.68311723,15.716856,15.716856,407604400,-1.5628860413360313,15.9788522715,16.6966379738,2.071462762288297
2013-01-10 05:00:00,16.06486863,16.07003536,15.66883211,15.91168308,15.91168308,601146000,1.2396059364544687,15.951680039500001,16.646026344200003,2.026931935866723
2013-01-11 05:00:00,15.83538925,15.96669204,15.77520812,15.81411362,15.81411362,350506800,-0.6131938369400847,15.923261308000003,16.5968157958,2.02860208694428
2013-01-14 05:00:00,15.27856947,15.42507057,15.15182629,15.25030422,15.25030422,734207600,-3.5652292221231674,15.880800628,16.541581478,2.1419468767308287
2013-01-15 05:00:00,15.14544237,15.16641446,14.69195989,14.76916218,14.76916218,876772400,-3.154966832523942,15.844525050500001,16.475986061,2.093746761687529
2013-01-16 05:00:00,15.03420212,15.48403728,14.96915941,15.3822155,15.3822155,690804800,4.150901131210949,15.8251640315,16.4345967864,2.272662104993301
2013-01-17 05:00:00,15.51047802,15.52385179,15.25881455,15.27856922,15.27856922,453678400,-0.6738059286713227,15.777718400500001,16.3864024924,2.161831557711183
2013-01-18 05:00:00,15.15212665,15.26458541,15.08769105,15.19711113,15.19711113,472922800,-0.5331526062883563,15.7377348895,16.3376501272,2.146182553809483
2013-01-22 05:00:00,15.33570808,15.43661595,15.09468167,15.34209061,15.34209061,461546400,0.9539936818241834,15.711960363,16.3052923774,2.1564775295663785
2013-01-23 05:00:00,15.46489062,15.65272724,15.34209835,15.62294102,15.62294102,861509600,1.830587611162593,15.703875875,16.2908613204,2.19916841370413
2013-01-24 05:00:00,13.98134666,14.15550594,13.68500221,13.69260216,13.69260216,1460852400,-12.355796885674996,15.597997379,16.232164001399997,3.524190466366252
2013-01-25 05:00:00,13.72876734,13.86675622,13.2214871,13.36981106,13.36981106,1208026400,-2.357412391217828,15.486876297,16.169582195199997,3.541530008027754
2013-01-28 05:00:00,13.30750348,13.77496597,13.24762671,13.67223358,13.67223358,785517600,2.261980507000527,15.387745714,16.1130062674,3.596094368691742
2013-01-29 05:00:00,13.93575081,13.98742136,13.74183529,13.92875957,13.92875957,571158000,1.8762551743941147,15.309754323500002,16.065220413,3.6364680647083536
2013-01-30 05:00:00,13.89016028,14.06036859,13.81417542,13.88499355,13.88499355,417155200,-0.3142133352223575,15.1952592845,16.0234040066,3.450351415333323
2013-01-31 05:00:00,13.88955397,13.95945985,13.82876575,13.84426594,13.84426594,319334400,-0.29332105811458176,15.053105306500001,15.9795207402,3.3308087759328138
2013-02-01 05:00:00,13.95429333,13.96553904,13.62725208,13.78742886,13.78742886,539484400,-0.4105459996674887,14.9186413765,15.9113709256,3.3310264684601782
2013-02-04 05:00:00,13.79624117,13.85794163,13.43424621,13.44397259,13.44397259,477117200,-2.4910828080240144,14.78995204,15.8392818258,3.322577478943574
2013-02-05 05:00:00,13.49655386,13.97343995,13.44093238,13.91569042,13.91569042,573347600,3.5087681624022204,14.6895598415,15.776146888400001,3.4608185656648276
2013-02-06 05:00:00,13.87405222,14.17890558,13.755818,13.90079975,13.90079975,593706400,-0.10700633278388771,14.586280202999998,15.7067571446,3.4567993183183137
2013-02-07 05:00:00,14.16218557,14.36854089,13.88306792,14.31412506,14.31412506,704580800,2.9733923042809085,14.516143656,15.6346735188,3.5402186249651884
2013-02-08 05:00:00,14.49082838,14.63787635,14.31504185,14.52078819,14.52078819,633158400,1.4437706051451782,14.446598911499999,15.5696106526,3.5454969540294385
2013-02-11 05:00:00,14.56725599,14.82527934,14.46790045,14.67211533,14.67211533,517490400,1.0421413632643928,14.389498996999999,15.508692722,3.5593925509381186
2013-02-12 05:00:00,14.65927929,14.74701992,14.29945455,14.30434608,14.30434608,609053200,-2.506586417351997,14.34220109,15.4365168568,3.516055134102737
2013-02-13 05:00:00,14.28324549,14.47981935,14.16126583,14.27713108,14.27713108,475207600,-0.19025686212983395,14.317599535,15.366276817000001,3.4493460191590994
2013-02-14 05:00:00,14.20101072,14.41867893,14.1857255,14.26429367,14.26429367,355275200,-0.0899158936628619,14.2617034435,15.295226935999999,3.3008078836852497
2013-02-15 05:00:00,14.33338376,14.37343357,14.06038216,14.06771946,14.06771946,391745200,-1.3780858312909428,14.2011609555,15.226530971199999,3.3085107097584956
2013-02-19 05:00:00,14.09645542,14.14628666,13.87481328,14.06252003,14.06252003,435783600,-0.03696000630936114,14.1444314005,15.1802593228,3.3089792543235177
2013-02-20 05:00:00,13.9922087,13.9922087,13.72042833,13.72195816,13.72195816,476302400,-2.4217698483164463,14.063424777999998,15.122039680199999,3.325982247614374
2013-02-21 05:00:00,13.6348253,13.7317375,13.5376086,13.63665962,13.63665962,447182400,-0.6216207556196229,13.964110708000002,15.0706184766,3.280400723889972
2013-02-22 05:00:00,13.73418483,13.80602631,13.65317009,13.78187561,13.78187561,330654800,1.0648941459756145,13.968574380500002,15.024186515600002,1.7867253158780694
2013-02-25 05:00:00,13.87481617,13.91364147,13.52997058,13.53700256,13.53700256,372579200,-1.7767759405862171,13.976933955499998,14.965824012399999,1.7499284362650147
2013-02-26 05:00:00,13.56818366,13.80419512,13.37986463,13.72562695,13.72562695,501499600,1.393398495449505,13.979603624000001,14.912686786400002,1.7029878057208032
2013-02-27 05:00:00,13.70911512,13.83170705,13.47127101,13.59111023,13.59111023,587350400,-0.9800406239366732,13.962721156999999,14.862518634599999,1.6595053420695602
2013-02-28 05:00:00,13.57521656,13.69199859,13.49420261,13.49420261,13.49420261,322515200,-0.7130221031251271,13.94318161,14.8225092122,1.6644820299959493
2013-03-01 05:00:00,13.39026055,13.39576434,13.14507907,13.16005898,13.16005898,552448400,-2.4762013707455344,13.908971262,14.7703216742,1.745389313810704
2013-03-04 05:00:00,13.07842957,13.09065839,12.80940193,12.84150219,12.84150219,582755600,-2.420633452206611,13.8616749285,14.7026020812,1.8123940636575344
2013-03-05 05:00:00,12.88521844,13.30435122,12.86290124,13.18053722,13.18053722,638433600,2.6401508560580655,13.848503160000002,14.6462771986,1.8544387404803897
2013-03-06 05:00:00,13.28356576,13.30618909,12.97540583,13.01300907,13.01300907,460250000,-1.271026720715096,13.8033690925,14.5893857572,1.6656254839328646
2013-03-07 05:00:00,12.97754187,13.20713354,12.87237644,13.16341591,13.16341591,468473600,1.1558190668347734,13.7664999005,14.5369614598,1.697813711123997
2013-03-08 05:00:00,13.13957216,13.31168839,13.10319182,13.19826889,13.19826889,391482000,0.2647715474333845,13.710707092000002,14.484723396000001,1.5257593835448764
2013-03-11 04:00:00,13.13804722,13.4211389,12.99711283,13.38628674,13.38628674,474236000,1.4245644755916054,13.6539820195,14.440604476799999,1.5245474510878678
2013-03-12 04:00:00,13.31688684,13.41716076,13.07139847,13.09768963,13.09768963,465911600,-2.15591609238156,13.5752607345,14.389461364599999,1.5335825765192628
2013-03-13 04:00:00,13.09829957,13.28325522,13.00383395,13.09524155,13.09524155,405549200,-0.018690929997233763,13.514805508,14.341594448,1.4663578342673673
2013-03-14 04:00:00,13.23220403,13.28753824,13.15944414,13.22211647,13.22211647,303875600,0.9688627698509311,13.4620547775,14.2825388908,1.498892771181672
2013-03-15 04:00:00,13.38811824,13.58071817,13.36732924,13.5632925,13.5632925,643960800,2.5803435537276043,13.427004719,14.220057830799998,1.6378636137247589
2013-03-18 04:00:00,13.49573271,13.98517977,13.4880901,13.93198681,13.93198681,606197200,2.718324551358009,13.4202180865,14.1691634178,1.740806313922279
2013-03-19 04:00:00,14.04753842,14.09247975,13.71125394,13.89437771,13.89437771,526775200,-0.2699478582121828,13.4118109705,14.126695785599999,1.7416060144682344
2013-03-20 04:00:00,13.98395493,13.99037466,13.74458015,13.82070255,13.82070255,308660800,-0.53025159915564,13.416748189999998,14.084639148800001,1.654991279883967
2013-03-21 04:00:00,13.76383744,14.00107008,13.7601688,13.84057045,13.84057045,383255600,0.14375463134470579,13.4269437315,14.0421227074,1.6475038905766624
2013-03-22 04:00:00,13.89713171,14.1270271,13.85219199,14.12121964,14.12121964,395105200,2.027728488604308,13.443910933000002,14.010209980200003,1.691070682679373
2013-03-25 04:00:00,14.20620645,14.36701305,14.1172446,14.17227268,14.17227268,501135600,0.361534210935921,13.475674438999999,13.9754217722,1.6303273577685968
2013-03-26 04:00:00,14.22913301,14.24136183,14.07902868,14.09767723,14.09767723,294294000,-0.5263478320260528,13.494276953,13.941093044399999,1.615426019884489
2013-03-27 04:00:00,13.95460575,13.96499944,13.77943149,13.82070255,13.82070255,331237200,-1.9646830855979291,13.505756568999999,13.912501011000002,1.6657752203429586
2013-03-28 04:00:00,13.75160777,13.81275025,13.50092263,13.53271675,13.53271675,442839600,-2.0837276466817545,13.507682276,13.8877721024,1.7278936273474856
2013-04-01 04:00:00,13.50948259,13.56451147,13.07659287,13.11236095,13.11236095,389732000,-3.1062188603038665,13.5052973745,13.8423750114,1.780888299484703
2013-04-02 04:00:00,13.07231524,13.39453662,13.03562876,13.13926601,13.13926601,529519200,0.20518852480186922,13.520185565499997,13.7995889472,1.687629308193732
2013-04-03 04:00:00,13.18756826,13.36824548,13.15516269,13.20652294,13.20652294,363216000,0.5118773754090311,13.5214848515,13.759777183399999,1.5848733000537463
2013-04-04 04:00:00,13.26063601,13.29854374,13.00047304,13.075984,13.075984,358447600,-0.9884429125899707,13.524633598,13.7144550512,1.5739631920757418
2013-04-05 04:00:00,12.97754341,12.99130125,12.83018933,12.93780136,12.93780136,383695200,-1.0567666647496643,13.5133528705,13.660752258,1.5688562280105467
2013-04-08 04:00:00,12.98824611,13.06926005,12.91609847,13.0298233,13.0298233,300829200,0.7112641278023135,13.504930590999999,13.6474966808,1.577096270003236
2013-04-09 04:00:00,13.03440708,13.09982884,12.92404397,13.05336094,13.05336094,306614000,0.1806443530204982,13.488284301000002,13.6411676784,1.5398734547698856
2013-04-10 04:00:00,13.08760158,13.36152157,13.02370719,13.31963825,13.31963825,375928000,2.0399137909688614,13.499381731999998,13.6341157718,1.532927741281683
2013-04-11 04:00:00,13.25941345,13.38995332,13.18237347,13.27806282,13.27806282,328364400,-0.31213632997878493,13.5085227955,13.621101836800001,1.535477613092
2013-04-12 04:00:00,13.27255887,13.27255887,13.11786829,13.13957405,13.13957405,238613200,-1.0429892664116869,13.5043956745,13.6061934468,1.5401125146255052
2013-04-15 04:00:00,13.05397314,13.08118188,12.82621656,12.83538818,12.83538818,317520000,-2.3150360037736517,13.4680004585,13.5860158916,1.4933835091255538
2013-04-16 04:00:00,12.88797015,13.04204927,12.8573989,13.03073883,13.03073883,305771200,1.5219691626030762,13.422938059500002,13.570882091000001,1.3878344053579799
2013-04-17 04:00:00,12.84822523,12.85831441,12.17076389,12.31414318,12.31414318,945056000,-5.499271064739775,13.343926332999999,13.548285502799999,1.8064532416263681
2013-04-18 04:00:00,12.38109572,12.40555255,11.91488201,11.98550224,11.98550224,666299200,-2.668808825722946,13.252166317499999,13.509681739199998,1.8653076415485197
2013-04-19 04:00:00,11.86077351,12.2163189,11.7730329,11.93903637,11.93903637,609274400,-0.38768396242025993,13.1570896135,13.4704464716,1.8565245989417032
2013-04-22 04:00:00,12.00353929,12.29580248,11.9616576,12.18788433,12.18788433,429920400,2.0843219861972795,13.060422847999998,13.427921656999999,1.860970214407549
2013-04-23 04:00:00,12.35052926,12.48473781,12.19216918,12.41595268,12.41595268,664238400,1.8712710411816103,12.972606848000002,13.385824946800001,1.9361144440871905
2013-04-24 04:00:00,12.0310558,12.69475944,11.99926085,12.39546585,12.39546585,969651200,-0.1650040921386542,12.887496279,13.340291957200002,1.9389273592892358
2013-04-25 04:00:00,12.57185904,12.65470727,12.4425421,12.48473072,12.48473072,384837600,0.7201413087673414,12.820697687500001,13.303899649999998,1.9340985546256584
2013-04-26 04:00:00,12.52844942,12.80236855,12.48075782,12.75437164,12.75437164,764097600,2.1597656052608993,12.781780432000001,13.273444461199999,1.9821072470638144
2013-04-29 04:00:00,12.85373108,13.25635663,12.83997406,13.14935684,13.14935684,640326400,3.0968613048819593,12.7836302265,13.2511457246,2.0012930479681517
2013-04-30 04:00:00,13.30159972,13.61189921,13.20896841,13.53638744,13.53638744,691538400,2.943342436511154,12.803486298000001,13.2405190842,2.1046556765003595
2013-05-01 04:00:00,13.58774807,13.60211653,13.27989515,13.42969418,13.42969418,506909200,-0.7881959678896489,12.814644859999998,13.227862567199999,2.1136071067270863
2013-05-02 04:00:00,13.50581839,13.71400886,13.47066174,13.62015629,13.62015629,421828400,1.4182162858454639,12.841853474500002,13.2258265298,2.116569249534082
2013-05-03 04:00:00,13.79715904,13.85585739,13.73112503,13.75650024,13.75650024,361300800,1.001045414582391,12.882788418500002,13.2282233422,2.100909594661686
2013-05-06 04:00:00,13.93167407,14.13008307,13.88887482,14.08453274,14.08453274,496641600,2.384563619213087,12.935523890499999,13.2342764848,2.1497069045876187
2013-05-07 04:00:00,14.21476533,14.23861072,13.87022597,14.02186012,14.02186012,483753200,-0.4449747901256962,12.9839488495,13.243973636,2.1577894327189244
2013-05-08 04:00:00,14.03347797,14.22699545,13.93473306,14.1802206,14.1802206,472598000,1.129382825422165,13.026977966999999,13.253065508999999,2.1303747292849042
2013-05-09 04:00:00,14.15006257,14.2482301,14.01988964,14.05650997,14.05650997,398487600,-0.8724168226268647,13.065900324500001,13.262373503800001,2.142983500777422
2013-05-10 04:00:00,14.09344214,14.14698882,13.86294702,13.93957329,13.93957329,334852000,-0.8319040803839051,13.105900286499999,13.271280917400002,2.136493115698347
2013-05-13 04:00:00,13.89464008,14.09128411,13.89433275,13.99403858,13.99403858,316948800,0.39072422711154964,13.1638328065,13.2879605094,2.044690949081923
2013-05-14 04:00:00,13.96665209,14.00819633,13.60659875,13.6592226,13.6592226,447118000,-2.392561504571755,13.195256995,13.3043149176,2.1228595139857744
2013-05-15 04:00:00,13.51458766,13.57121096,12.99758881,13.19730949,13.19730949,741613600,-3.3816939918674405,13.239415310500002,13.304650362999999,1.8567583797772254
2013-05-16 04:00:00,13.02466916,13.47427324,12.89111145,13.37364292,13.37364292,603204000,1.3361316572412907,13.308822344500001,13.31186304,1.723736226993089
2013-05-17 04:00:00,13.51120235,13.54320693,13.26378171,13.33302212,13.33302212,427904400,-0.30373773431060513,13.378521631999998,13.3152551642,1.7213986334231168
2013-05-20 04:00:00,13.29148075,13.71892817,13.23578026,13.6306076,13.6306076,451578400,2.2319431957861235,13.450657795500002,13.323901938399999,1.7285452742232952
2013-05-21 04:00:00,13.48350774,13.70907896,13.36195161,13.52997589,13.52997589,456022000,-0.7382775071596903,13.506358956000003,13.326775721400002,1.7240429123051568
2013-05-22 04:00:00,13.66506905,13.79739659,13.48565787,13.58197975,13.58197975,443038400,0.3843603301498577,13.565684650999998,13.3364615238,1.7181845172439094
2013-05-23 04:00:00,13.41580261,13.73000248,13.41087871,13.60629177,13.60629177,353021200,0.17900203392660075,13.621762703500002,13.346682528199999,1.7183342874813923
2013-05-24 04:00:00,13.56659352,13.71461479,13.55151447,13.69892025,13.69892025,276166800,0.6807768168270112,13.668990134000001,13.3562186038,1.6718539055689274
2013-05-28 04:00:00,13.84509493,13.88232992,13.56659259,13.58474827,13.58474827,386145200,-0.83343780324584,13.6907597055,13.3566477192,1.5619795002834629
2013-05-29 04:00:00,13.54043838,13.77124165,13.52197372,13.6927681,13.6927681,330576400,0.795155183247287,13.698578738499998,13.351863345,1.4298380450089117
2013-05-30 04:00:00,13.71431042,13.98665878,13.67922839,13.89679909,13.89679909,353519600,1.4900638680939826,13.721933984,13.351911772600001,1.4487307093623982
2013-05-31 04:00:00,13.9251081,14.06666882,13.83278811,13.83986664,13.83986664,384302800,-0.4096803129360005,13.732919501500001,13.352295054399999,1.4240262249813556
2013-06-03 04:00:00,13.87064196,13.92080305,13.61675906,13.87033463,13.87033463,372352400,0.2201465577127859,13.738611221000003,13.352890338,1.4083430927349068
2013-06-04 04:00:00,13.94726663,13.98450327,13.76785623,13.82694149,13.82694149,292728800,-0.3128485444478524,13.725731658499999,13.347004774999998,1.2979032579283016
2013-06-05 04:00:00,13.71430642,13.87032986,13.65460569,13.69768906,13.69768906,290589600,-0.9347868441728635,13.7095231055,13.3375131026,1.3096374695925284
2013-06-06 04:00:00,13.70877098,13.75585462,13.35733523,13.49304676,13.49304676,416934000,-1.4939914251491992,13.675164413500003,13.325420493200001,1.310484521923218
2013-06-07 04:00:00,13.4327295,13.6401442,13.31794294,13.596138,13.596138,404535600,0.7640323333467647,13.652145815,13.3209292022,1.3199635157484866
2013-06-10 04:00:00,13.68599657,13.81986162,13.44196154,13.50627804,13.50627804,450153200,-0.6609226826029602,13.630481052499999,13.320400428000001,1.3159167854022555
2013-06-11 04:00:00,13.40934432,13.62537508,13.33487102,13.4665823,13.4665823,286112400,-0.29390584054642677,13.604108238499999,13.327484855,1.3100161688219627
2013-06-12 04:00:00,13.52505017,13.57890418,13.27885971,13.30009365,13.30009365,265227200,-1.2363096017316888,13.586151791,13.3307014078,1.2305070337686566
2013-06-13 04:00:00,13.30963382,13.45242304,13.19423179,13.41611004,13.41611004,285832400,0.872297542055267,13.597091818500001,13.334893149800001,0.9803376669761423
2013-06-14 04:00:00,13.39888196,13.4262708,13.18654248,13.23424244,13.23424244,271866000,-1.3555911471936688,13.590121794500002,13.338058318599998,0.9845537047752791
2013-06-17 04:00:00,13.27701382,13.40810958,13.24377826,13.29424667,13.29424667,259414400,0.4534013206425769,13.588183022,13.3451872248,0.9887415653899142
2013-06-18 04:00:00,13.28070914,13.38349328,13.2391649,13.28717136,13.28717136,195025600,-0.053220841884671355,13.57101121,13.350334186,0.8363257359130026
2013-06-19 04:00:00,13.27578105,13.2837824,13.01728249,13.01728249,13.01728249,310940000,-2.0311988359876243,13.545376539999998,13.349612617,0.9309129404727837
2013-06-20 04:00:00,12.90341738,13.10898473,12.77632193,12.82771397,12.82771397,357310800,-1.4562833690182853,13.507663251,13.339774131399999,0.9617380353063796
2013-06-21 04:00:00,12.87849238,12.92496135,12.55875395,12.72493172,12.72493172,481118400,-0.80125149532001,13.463595248499999,13.3287115094,0.9620466213925272
2013-06-24 04:00:00,12.5372157,12.57599066,12.24948095,12.38765526,12.38765526,480746000,-2.650516854796925,13.398031999,13.3136731336,1.0611366204294317
2013-06-25 04:00:00,12.48489632,12.5492128,12.27348059,12.39042091,12.39042091,314162800,0.0223258553935457,13.338315631,13.3047737882,1.0640821524002064
2013-06-26 04:00:00,12.42950574,12.45689457,12.17593024,12.25009537,12.25009537,367724000,-1.1325324701983774,13.266181994499998,13.289160919,1.0318276411766083
2013-06-27 04:00:00,12.28640763,12.35226243,12.11068938,12.11807442,12.11807442,337246000,-1.0777136504856566,13.177245761,13.285239543800001,0.9181057715590294
2013-06-28 04:00:00,12.04360622,12.31779942,11.96697912,12.20270634,12.20270634,578516400,0.6983941265480409,13.095387746,13.2895836258,0.9672932194174135
2013-07-01 04:00:00,12.39227189,12.68708435,12.34703389,12.59322357,12.59322357,391053600,3.2002509862906203,13.031532192999999,13.302667369799998,1.282265880015774
2013-07-02 04:00:00,12.61599352,12.9751224,12.60091447,12.87849236,12.87849236,469865200,2.265256297677243,12.984109736499999,13.316479530399999,1.4213638698322126
2013-07-03 04:00:00,12.95142857,13.01666953,12.84649065,12.9495821,12.9495821,240928800,0.5520035887182084,12.9467043885,13.327152118799999,1.4277661311765875
2013-07-05 04:00:00,12.93696364,13.026207,12.78186384,12.84556484,12.84556484,274024800,-0.8032480059723346,12.9143302925,13.3361540986,1.4047891299090645
2013-07-08 04:00:00,12.92834776,12.95573577,12.63722747,12.77263165,12.77263165,298138400,-0.5677694278798273,12.873154975,13.341912117200001,1.386322448097039
2013-07-09 04:00:00,12.72801102,13.03267043,12.62891984,12.99728107,12.99728107,352584400,1.7588342493224607,12.8477051265,13.3467703058,1.4572028134515824
2013-07-10 04:00:00,12.91265198,13.07267569,12.87110774,12.94742584,12.94742584,281405600,-0.3835819948148633,12.8217473035,13.342731685799999,1.4577036725332158
2013-07-11 04:00:00,13.01574571,13.17884689,12.96096888,13.14930344,13.14930344,326292400,1.559210320991511,12.814207793,13.3349900058,1.4854870956800286
2013-07-12 04:00:00,13.16038148,13.2262371,13.0299012,13.12529945,13.12529945,279563200,-0.18254951761916827,12.799667263500002,13.3289021112,1.4697896957863719
2013-07-15 04:00:00,13.07913834,13.27762802,13.0726753,13.15391731,13.15391731,241917200,0.2180358635551105,12.795651007,13.319577331599998,1.4408319648677068
2013-07-16 04:00:00,13.12561279,13.25455482,13.05329492,13.23886108,13.23886108,216538000,0.6457678575751968,12.7928817275,13.309224548400003,1.4447993824270537
2013-07-17 04:00:00,13.22346974,13.30101965,13.1779244,13.24224091,13.24224091,198990400,0.025529613005059737,12.790635205,13.2923787118,1.444785540638412
2013-07-18 04:00:00,13.33671339,13.38256604,13.25147111,13.28686047,13.28686047,218878800,0.33694871059404274,12.804114104000002,13.2776787188,1.3650035493026176
2013-07-19 04:00:00,13.32809686,13.35517753,13.05882684,13.07729149,13.07729149,268721600,-1.577264851039717,12.81659298,13.255620136600001,1.372563378867879
2013-07-22 04:00:00,13.21608278,13.22500696,13.0932957,13.11914539,13.11914539,207796400,0.32005021859460303,12.836303663499999,13.236872844999999,1.356389868457361
2013-07-23 04:00:00,13.10960324,13.13914586,12.88526305,12.89387989,12.89387989,369395600,-1.7170744991644726,12.861614894999999,13.215958976999998,1.2677031336185387
2013-07-24 04:00:00,13.50751335,13.68169254,13.39457405,13.55613613,13.55613613,591936800,5.1362060578338475,12.919900656,13.207200927999999,1.6777029786776585
2013-07-25 04:00:00,13.56197992,13.58352119,13.41149585,13.494277,13.494277,229493600,-0.45631830048611377,12.9821097375,13.203902015999999,1.6504324752496298
2013-07-26 04:00:00,13.39580005,13.57244113,13.36625743,13.57090282,13.57090282,200152400,0.5678393885052202,13.054751157500002,13.2113738826,1.6082471312070443
2013-07-29 04:00:00,13.56505413,13.84786489,13.5465903,13.78016281,13.78016281,248057600,1.5419754512691952,13.133623981,13.219504280399999,1.6225193130226707
2013-07-30 04:00:00,13.84694271,14.0682063,13.82447779,13.95034313,13.95034313,309422400,1.234965960463863,13.201479959,13.2318507006,1.5140406274100437
2013-07-31 04:00:00,14.00173538,14.0740524,13.83063286,13.92603111,13.92603111,322957600,-0.17427542658586814,13.2538568965,13.2377591708,1.4637882777431732
2013-08-01 04:00:00,14.0251271,14.0574382,13.94849918,14.05374527,14.05374527,206250800,0.9170894348231817,13.309065055000001,13.2482345584,1.4680307273636592
2013-08-02 04:00:00,14.09467488,14.24361985,14.05313063,14.23407936,14.23407936,274783600,1.2831746024666746,13.378490781,13.2612765506,1.4505565071924473
2013-08-05 04:00:00,14.30024001,14.48426696,14.22207544,14.44672298,14.44672298,318855600,1.4939049770760882,13.4621953475,13.278085174800001,1.442092757470294
2013-08-06 04:00:00,14.40271459,14.52180872,14.22268793,14.3174715,14.3174715,334857600,-0.8946768078749501,13.528204869000001,13.290456199800001,1.454532687100098
2013-08-07 04:00:00,14.272852,14.37132852,14.21038115,14.309165,14.309165,298858000,-0.05801652896602061,13.596291826999998,13.304944534399999,1.4459822179116502
2013-08-08 04:00:00,14.3689505,14.37638513,14.18587566,14.28066635,14.28066635,255777200,-0.1991636129711205,13.6528599725,13.316702499400002,1.4322876866788896
2013-08-09 04:00:00,14.20724788,14.26362632,14.05267413,14.07745457,14.07745457,266865200,-1.422985279674993,13.700467728499998,13.320315609,1.4857536850516067
2013-08-12 04:00:00,14.15211455,14.51733124,14.14498928,14.47737217,14.47737217,364434000,2.8408374398326997,13.7666404715,13.333065719599999,1.584905236706345
2013-08-13 04:00:00,14.58826781,15.32304045,14.4987429,15.16536808,15.16536808,881941200,4.752215401533055,13.862965821500001,13.358966388599999,1.8497134757132843
2013-08-14 04:00:00,15.42278174,15.62010376,15.28400535,15.44198704,15.44198704,756372400,1.8240174491036765,13.972953128,13.3912672996,1.8590172182093612
2013-08-15 04:00:00,15.37755719,15.56279921,15.15018562,15.42371178,15.42371178,490294000,-0.11834785220750099,14.0797956935,13.425787754,1.867592446838168
2013-08-16 04:00:00,15.49309662,15.57952291,15.45313757,15.56062698,15.56062698,362306000,0.8876929363886177,14.203962468,13.467139358399999,1.7843857661708746
2013-08-19 04:00:00,15.62289866,15.91408174,15.61236709,15.72822094,15.72822094,510518400,1.0770386065767523,14.3344162455,13.509781017199998,1.779727995965823
2013-08-20 04:00:00,15.78924531,15.81588524,15.51385959,15.52160358,15.52160358,358688400,-1.313672797376153,14.46580243,13.550087527999999,1.7502408133309708
2013-08-21 04:00:00,15.59966186,15.70993887,15.52562659,15.56156063,15.56156063,335879600,0.25742862065802896,14.566073655000002,13.591987094600002,1.4496724141620905
2013-08-22 04:00:00,15.64271597,15.6616119,15.4326919,15.58014202,15.58014202,244207600,0.11940569742201479,14.670366906000002,13.637588062000003,1.431056884491234
2013-08-23 04:00:00,15.58974953,15.59222774,15.46832057,15.52005196,15.52005196,222731600,-0.38568364731761395,14.767824362999999,13.6796669004,1.4524953895504027
2013-08-26 04:00:00,15.51169105,15.80442424,15.50394705,15.58046055,15.58046055,330965600,0.3892293025544724,14.857839250000001,13.7265912626,1.4394346957681723
2013-08-27 04:00:00,15.42650411,15.56621197,15.06407498,15.13501167,15.13501167,424188800,-2.85902254667304,14.917072677000002,13.7634065626,1.6270728838616864
2013-08-28 04:00:00,15.0547872,15.35836142,15.0547872,15.20657349,15.20657349,307608000,0.47282302491939987,14.981099796,13.8017946052,1.621039298481545
2013-08-29 04:00:00,15.22980434,15.38004213,15.21369597,15.23135281,15.23135281,239657600,0.1629513711047137,15.039980172999998,13.846076011600001,1.6184489118020668
2013-08-30 04:00:00,15.24063726,15.27006475,15.07026452,15.0925684,15.0925684,272297200,-0.9111758602878939,15.082904625000001,13.891373100200001,1.6308606898690614
2013-09-03 04:00:00,15.27471536,15.50704174,15.09659859,15.13469982,15.13469982,331928800,0.27915341433868424,15.117303467000003,13.9395684622,1.6067229636809413
2013-09-04 04:00:00,15.4748317,15.5578501,15.37322672,15.44788074,15.44788074,345032800,2.069290595285822,15.173823929,14.0007729718,1.6325556078945118
2013-09-05 04:00:00,15.49620027,15.50952106,15.29144192,15.3419342,15.3419342,236367600,-0.6858321978474802,15.225462389,14.059803237599999,1.6476542485827637
2013-09-06 04:00:00,15.440135,15.46925148,15.17714034,15.43331909,15.43331909,359525600,0.5956542950105836,15.283095026000002,14.123467712,1.6429903884445998
2013-09-09 04:00:00,15.64334015,15.73379315,15.59625581,15.67958355,15.67958355,340687200,1.5956675201484583,15.363201475000002,14.194697894599999,1.6047675666625638
2013-09-10 04:00:00,15.68051316,15.71923477,15.16319928,15.32242012,15.32242012,743195600,-2.2778884965984902,15.4054538725,14.257092170200002,1.6286040912963857
2013-09-11 04:00:00,14.46652552,14.67345104,14.39837642,14.48821068,14.48821068,898696400,-5.444371277296634,15.371596002499999,14.2949919124,1.7517107748624237
2013-09-12 04:00:00,14.51268086,14.72642062,14.43554702,14.64247417,14.64247417,404051200,1.0647518413916313,15.331620358999999,14.3302715486,1.7130348452230788
2013-09-13 04:00:00,14.53870425,14.61583647,14.39497305,14.40116692,14.40116692,298835600,-1.6479950532840903,15.280493116000002,14.359303245000001,1.7407127416503385
2013-09-16 04:00:00,14.28035977,14.29925405,13.85349718,13.94332981,13.94332981,543706800,-3.1791667476901875,15.1996282575,14.3812585444,1.8266740814943596
2013-09-17 04:00:00,13.87641981,14.24039906,13.86217092,14.10441017,14.10441017,399380800,1.1552503038727124,15.118437719,14.4078941148,1.830377915183028
2013-09-18 04:00:00,14.3478873,14.4460843,14.26982535,14.39435291,14.39435291,456862000,2.055688515190135,15.062075185500001,14.4358355516,1.9076060791829992
2013-09-19 04:00:00,14.58083335,14.73974483,14.53591621,14.63039589,14.63039589,404541200,1.6398304354203974,15.015516948499998,14.4694949526,1.9555480301112846
2013-09-20 04:00:00,14.80696321,14.82399966,14.43524004,14.47891808,14.47891808,699302800,-1.0353637122255677,14.960455751500001,14.496087245399998,1.95987998855835
2013-09-23 04:00:00,15.36764478,15.39273624,14.94945604,15.19851112,15.19851112,762106800,4.9699365382416705,14.9443787095,14.537551478800001,2.2920798579791284
2013-09-24 04:00:00,15.32985485,15.34813041,15.11115863,15.15080833,15.15080833,364344400,-0.3138648886286344,14.9228960985,14.577489299200002,2.2899026951058574
2013-09-25 04:00:00,15.15390795,15.16753645,14.91321719,14.91631413,14.91631413,316957200,-1.5477339221279696,14.911961221499999,14.6110383602,2.2250452061564046
2013-09-26 04:00:00,15.05477881,15.1340782,14.98972663,15.06159306,15.06159306,237221600,0.973959979213701,14.9047122,14.6474254032,2.2340358587332654
2013-09-27 04:00:00,14.98600822,15.01357789,14.89121919,14.95410252,14.95410252,228040400,-0.7136731126103135,14.890849685500001,14.6807702442,2.2387681361896856
2013-09-30 04:00:00,14.78373464,14.92034225,14.69575983,14.76824665,14.76824665,260156400,-1.2428420211204938,14.874633597999999,14.7145893474,2.246558197476963
2013-10-01 04:00:00,14.82090094,15.15204463,14.81873209,15.11549187,15.11549187,353883600,2.3512961845067792,14.873673200499999,14.754516277,2.311066372221124
2013-10-02 04:00:00,15.04331885,15.2344454,14.98508258,15.16505718,15.16505718,289184000,0.32791066560244886,14.859532022500002,14.799939822800003,2.262044879263318
2013-10-03 04:00:00,15.19447978,15.25147859,14.8918372,14.97454453,14.97454453,322753200,-1.2562606770204154,14.841162538999999,14.8283079908,2.2738113188172377
2013-10-04 04:00:00,14.98848637,15.01140897,14.82554824,14.96277618,14.96277618,258868400,-0.07858903472103274,14.817635393500002,14.857677974400001,2.2680005849079126
2013-10-07 04:00:00,15.07212568,15.260774,15.03464318,15.10898781,15.10898781,312292400,0.9771691311899255,14.789105606499998,14.8884396742,2.247352368307563
2013-10-08 04:00:00,15.17683116,15.19851633,14.88564972,14.89804077,14.89804077,290917200,-1.396169238156264,14.767886639,14.9107972334,2.2120125128559645
2013-10-09 04:00:00,15.01264635,15.11022293,14.81563369,15.07305145,15.07305145,301725200,1.1747227887335177,14.797128677500002,14.9332513998,1.8362459813717642
2013-10-10 04:00:00,15.21958106,15.25241486,15.08699846,15.16753864,15.16753864,278602800,0.6268617228132767,14.823381901,14.9580815504,1.8281602124972034
2013-10-11 04:00:00,15.08544714,15.29763848,15.02875933,15.26573277,15.26573277,267738800,0.6473966035665191,14.866610193499998,14.982321300399999,1.777925557244757
2013-10-14 04:00:00,15.17341996,15.4134903,15.15855071,15.3657856,15.3657856,261898000,0.6554079748901653,14.937732983,15.004955425199999,1.5776997543998117
2013-10-15 04:00:00,15.41131692,15.55040432,15.34967437,15.44756031,15.44756031,320073600,0.5321869778008637,15.00489049,15.0249721718,1.5701836206720874
2013-10-16 04:00:00,15.51292099,15.5668212,15.46459758,15.52283382,15.52283382,251101200,0.4872841308881215,15.0613145355,15.0490794182,1.5252053452604175
2013-10-17 04:00:00,15.48784162,15.63653095,15.47854916,15.62785721,15.62785721,253593200,0.676573563937044,15.111187601500001,15.075453262400002,1.4986037845496054
2013-10-18 04:00:00,15.674009,15.77530294,15.66533527,15.76384163,15.76384163,290542000,0.8701411727321418,15.175433778999999,15.105116768,1.4667407635085499
2013-10-21 04:00:00,15.85305254,16.2411934,15.84530855,16.15012169,16.15012169,398106800,2.450418299463708,15.2230143075,15.1465701104,1.1252970322602838
2013-10-22 04:00:00,16.30656104,16.36975375,15.73720463,16.10397148,16.10397148,534063600,-0.2857576610619361,15.270672464999999,15.179102096600001,1.1244940130637346
2013-10-23 04:00:00,16.07701346,16.28363125,16.07701346,16.26163673,16.26163673,313723200,0.9790457602077307,15.337938595,15.201027469600001,1.043647652140887
2013-10-24 04:00:00,16.26288168,16.49428,16.18389162,16.47693253,16.47693253,384764800,1.3239491422337268,15.4087055685,15.2217263794,1.0559714475211421
2013-10-25 04:00:00,16.45864903,16.51781504,16.26628342,16.29261398,16.29261398,337792000,-1.1186460202128434,15.4756311415,15.239104423399999,1.083102013798624
2013-10-28 04:00:00,16.38802413,16.44874027,16.20742916,16.41404533,16.41404533,550440800,0.7453153321441475,15.557921075500001,15.256172790399999,1.0097465899168705
2013-10-29 04:00:00,16.61199257,16.70430342,15.93886401,16.00515366,16.00515366,635807200,-2.4911084487665325,15.602404165,15.261711444800001,1.1251529412093695
2013-10-30 04:00:00,16.095913,16.34093976,16.01568221,16.25978088,16.25978088,354163600,1.5909076876678974,15.657140349999997,15.2764749908,1.1620883081679971
2013-10-31 04:00:00,16.2628771,16.3400093,16.14733266,16.19162941,16.19162941,275696400,-0.4191413802127508,15.717994594,15.2890763664,1.115104969023111
2013-11-01 04:00:00,16.23251692,16.25667863,15.97912584,16.10891914,16.10891914,274890000,-0.5108211650948324,15.775301742,15.2996519088,1.1289184455737562
2013-11-04 05:00:00,16.14206358,16.31925221,16.07112691,16.31708336,16.31708336,244627600,1.2922295915131166,15.835706519499999,15.3155925368,1.1398966664556025
2013-11-05 05:00:00,16.24987184,16.38338252,16.20092802,16.27682114,16.27682114,265213200,-0.2467488773067239,15.904645538,15.329519748600001,1.071972460612588
2013-11-06 05:00:00,16.33133657,16.3534595,16.14594827,16.23069763,16.23069763,223375600,-0.2833692746469385,15.962527847,15.3514334678,1.0695989264103796
2013-11-07 05:00:00,16.18895805,16.30143645,15.96462191,15.9680481,15.9680481,262620400,-1.618226991762406,16.00255332,15.366662960000001,1.1562020639095067
2013-11-08 05:00:00,16.03316647,16.23724997,15.97116233,16.21949005,16.21949005,279316800,1.5746567672225487,16.050241184,15.3864257048,1.1904747720668127
2013-11-11 05:00:00,16.20173154,16.25407613,16.02787133,16.17244339,16.17244339,227452400,-0.29006251031917785,16.0905740735,15.408023204600001,1.1948101000839166
2013-11-12 05:00:00,16.12944251,16.32417928,16.10856757,16.20235252,16.20235252,204276800,0.1849388449150169,16.128313684,15.4293762586,1.1932135825495045
2013-11-13 05:00:00,16.13972269,16.27214415,16.10731787,16.22166824,16.22166824,197220800,0.11921552735107976,16.163255405,15.444852008600002,1.1921273990368504
2013-11-14 05:00:00,16.28959053,16.49118131,16.2603024,16.45628548,16.45628548,282419200,1.4463200487695227,16.204676818499998,15.467139034200002,1.2195106083307805
2013-11-15 05:00:00,16.40705989,16.48526478,16.34194074,16.35751915,16.35751915,317920400,-0.6001738978096305,16.2343606945,15.4856230354,1.225455964417903
2013-11-18 05:00:00,16.35751016,16.42605712,16.14594873,16.15934563,16.15934563,244944000,-1.211513299680289,16.2348218915,15.495218277000001,1.140938906995805
2013-11-19 05:00:00,16.17181639,16.30735287,16.13878923,16.1880188,16.1880188,208938800,0.17744016779221994,16.2390242575,15.512530250600001,1.139339740828765
2013-11-20 05:00:00,16.17805069,16.21512971,16.02537827,16.0462532,16.0462532,193916800,-0.8757439792446919,16.228255081,15.543691101,1.1336869840303838
2013-11-21 05:00:00,16.12727121,16.23975132,16.00482204,16.23756981,16.23756981,262026800,1.192282133501421,16.216286945,15.5755930138,1.125577431722659
2013-11-22 05:00:00,16.18708404,16.26934077,16.15623839,16.19580841,16.19580841,223725600,-0.2571899643152187,16.211446666500002,15.611485843599999,1.0993985889596647
2013-11-25 05:00:00,16.23381978,16.38493467,16.23319744,16.31856918,16.31856918,229311600,0.7579786503537633,16.206672859,15.658990631,1.0998685425553052
2013-11-26 05:00:00,16.33040857,16.70492602,16.32667121,16.61955261,16.61955261,401382800,1.8444229189461314,16.2373928065,15.709293479800001,1.0116140772862763
2013-11-27 05:00:00,16.71022813,17.01214684,16.61955817,17.0109005,17.0109005,363448400,2.3547438320603575,16.2749487875,15.761624431599998,1.0793065678431364
2013-11-29 05:00:00,17.12057122,17.3963167,17.0685378,17.32590103,17.32590103,318127600,1.8517569366771625,16.331662368499998,15.815534534400001,1.125702566936568
2013-12-02 05:00:00,17.38603787,17.58326569,17.16232576,17.17510033,17.17510033,472544800,-0.8703772446748248,16.384971428,15.8694581794,1.1428322123980716
2013-12-03 05:00:00,17.39538416,17.64713974,17.37606673,17.64526939,17.64526939,450968000,2.7375040085136915,16.451380729500002,15.9183933448,1.2479307411789073
2013-12-04 05:00:00,17.61972155,17.7346943,17.47390316,17.60414314,17.60414314,377809600,-0.23307238382715978,16.5177468295,15.967460040999999,1.2475617346416235
2013-12-05 05:00:00,17.84249987,17.92008243,17.6480759,17.69449997,17.69449997,447580000,0.5132702528116262,16.5909369465,16.0230237578,1.2372673263873273
2013-12-06 05:00:00,17.62875532,17.65866747,17.43495537,17.44897461,17.44897461,344352400,-1.387580097862462,16.664983272,16.070771388799997,1.217999033781562
2013-12-09 05:00:00,17.47639233,17.7468413,17.47639233,17.64869499,17.64869499,320493600,1.1445966566169474,16.736443518999998,16.1246632382,1.200800493042927
2013-12-10 05:00:00,17.55989482,17.69387379,17.48573847,17.62127495,17.62127495,278269600,-0.1553658217535947,16.808885097,16.181723804199997,1.1969212121224249
2013-12-11 05:00:00,17.66646471,17.79016187,17.43870232,17.4907341,17.4907341,359718800,-0.7408138762399763,16.873304176,16.229228648800003,1.2247457546069849
2013-12-12 05:00:00,17.51503303,17.61473686,17.44928986,17.46517944,17.46517944,262290000,-0.14610398771084387,16.935479735999998,16.275231094000002,1.2292661257194168
2013-12-13 05:00:00,17.53714597,17.53808114,17.25111866,17.27479744,17.27479744,332822000,-1.0900660978264698,16.976405334,16.3212361522,1.2439027655011656
2013-12-16 05:00:00,17.29317939,17.53060111,17.29286822,17.37044907,17.37044907,282592800,0.5537062320540853,17.027051829999998,16.36938961,1.229051106411284
2013-12-17 05:00:00,17.31780071,17.4309031,17.24208684,17.29225159,17.29225159,229902400,-0.45017535059040936,17.083697128,16.4130548856,1.1907030819052722
2013-12-18 05:00:00,17.12742637,17.18195246,16.78780639,17.16076469,17.16076469,565863200,-0.7603804473677478,17.1323344225,16.458309363999998,1.2158927067915475
2013-12-19 05:00:00,17.12119636,17.13677477,16.94141564,16.96416092,16.96416092,320308800,-1.1456585621418491,17.1782298085,16.4961315534,1.2310237551570937
2013-12-20 05:00:00,16.99437759,17.1869328,16.97537133,17.1062336,17.1062336,436413600,0.8374872218554597,17.221662998,16.5349054526,1.2197764183300863
2013-12-23 05:00:00,17.69761074,17.78236015,17.5343453,17.76273155,17.76273155,501306400,3.8377702850965534,17.300009155,16.5848454282,1.4491154375998152
2013-12-24 05:00:00,17.75650532,17.81850947,17.63623604,17.68733597,17.68733597,167554800,-0.42445937882792384,17.3684474945,16.6312764356,1.4609358272963289
2013-12-26 05:00:00,17.70073232,17.7443542,17.55366758,17.56987,17.56987,204008000,-0.6641247172510023,17.415963364,16.6737226294,1.4391469094245397
2013-12-27 05:00:00,17.56737761,17.58575987,17.43277626,17.45115852,17.45115852,225884400,-0.675653718553415,17.437976264999996,16.7122891234,1.3678752440673063
2013-12-30 05:00:00,17.36920824,17.45115213,17.20905616,17.27760315,17.27760315,253629600,-0.9945206205140722,17.435561371,16.7452840422,1.3275075716845863
2013-12-31 05:00:00,17.26669907,17.48822961,17.26140089,17.48012924,17.48012924,223084400,1.1721885740846982,17.4508128165,16.779609794400002,1.336027207979737
2014-01-02 05:00:00,17.31374968,17.35581239,17.19971213,17.2342968,17.2342968,234684800,-1.4063536752203176,17.430264187,16.8012932966,1.2212782962796498
2014-01-03 05:00:00,17.22588645,17.25205791,16.83859438,16.85573196,16.85573196,392467600,-2.1965783947738404,17.392843628,16.8163285062,1.3075042844515223
2014-01-06 05:00:00,16.74574321,17.03706712,16.62578514,16.94764519,16.94764519,412610800,0.5452936141730147,17.355500889,16.8300486754,1.3084545140965815
2014-01-07 05:00:00,16.95979385,17.01089209,16.7603846,16.8264389,16.8264389,317209200,-0.7151807147315004,17.3243741035,16.8370388028,1.28496037258524
2014-01-08 05:00:00,16.78811571,16.99843088,16.78437836,16.93300056,16.93300056,258529600,0.633298944793359,17.288589381999998,16.8498465344,1.262236734301574
2014-01-09 05:00:00,17.03707113,17.03894147,16.68031516,16.71677017,16.71677017,279148800,-1.2769762171436438,17.243364143,16.855901031200002,1.2848956527940811
2014-01-10 05:00:00,16.81989539,16.8501187,16.54820012,16.60521889,16.60521889,304976000,-0.6673016310303259,17.1990883825,16.8679023358,1.283538302657006
2014-01-13 05:00:00,16.51081571,16.90309147,16.50988053,16.69215393,16.69215393,378492800,0.5235404638499253,17.160437107,16.8765497968,1.295119438391124
2014-01-14 05:00:00,16.76973451,17.03488695,16.75228576,17.0242939,17.0242939,332561600,1.9897969512673974,17.14791193,16.8932030866,1.3670987233254994
2014-01-15 05:00:00,17.24645313,17.45458685,17.18849917,17.3660984,17.3660984,391638800,2.007745531225802,17.1476943965,16.9183466718,1.4384878574506565
2014-01-16 05:00:00,17.28945007,17.35020787,17.18912056,17.26919746,17.26919746,229278000,-0.5579891220701461,17.14654169,16.9373889538,1.4404977585425758
2014-01-17 05:00:00,17.18289126,17.20127352,16.82208344,16.84607506,16.84607506,426739600,-2.45015670809291,17.130807208500002,16.9487740322,1.534145254038394
2014-01-21 05:00:00,16.85603643,17.13894871,16.83827652,17.1077919,17.1077919,328526800,1.553577548882168,17.1379887575,16.9663159176,1.5541895448857275
2014-01-22 05:00:00,17.16512564,17.36391091,17.06853685,17.18382072,17.18382072,379985200,0.44441047941436995,17.1418681135,16.99063137,1.5462195400924805
2014-01-23 05:00:00,17.13489893,17.33929353,16.97505971,17.32932281,17.32932281,403239200,0.8467388735652559,17.1201976765,17.012828025199997,1.2808131638896898
2014-01-24 05:00:00,17.26140196,17.31187786,16.97319309,17.01432228,17.01432228,429354800,-1.8177313300334452,17.086546992,17.029665602999998,1.335228413193496
2014-01-27 05:00:00,17.13895829,17.2863342,17.00435694,17.15235519,17.15235519,554878800,0.8112748055927987,17.0656712515,17.048665656399997,1.348076756323731
2014-01-28 05:00:00,15.85182397,16.04624788,15.64337751,15.78140831,15.78140831,1065523200,-7.992761721721331,16.982183741,17.0398604578,2.2200936394593027
2014-01-29 05:00:00,15.70196132,15.80852086,15.53589032,15.60225582,15.60225582,502810000,-1.1352123110994983,16.898416374500002,17.0227798646,2.222040522928882
2014-01-30 05:00:00,15.65802198,15.78140788,15.47606147,15.57202625,15.57202625,678501600,-0.19375127769184486,16.803011225,17.007070006600003,2.189191964036119
2014-01-31 05:00:00,15.42870796,15.6265598,15.37792086,15.59758282,15.59758282,464797200,0.16411846210444558,16.721175526,16.9958347504,2.1851231717188955
2014-02-03 05:00:00,15.66020374,15.81973181,15.55707209,15.62655258,15.62655258,401464000,0.18573236849785957,16.659716557,16.984605425999998,2.1509559463652237
2014-02-04 05:00:00,15.76115877,15.87363882,15.66488113,15.85276222,15.85276222,376681200,1.4475978552654034,16.6049724085,16.9807356064,2.1800999408784563
2014-02-05 05:00:00,15.78328076,16.05497609,15.77362121,15.97116184,15.97116184,328344800,0.7468705980502532,16.5622085555,16.975407447,2.1902858606834648
2014-02-06 05:00:00,15.98746162,16.09528672,15.9169358,16.06425476,16.06425476,257765200,0.5828813265597699,16.5187712655,16.972776374,2.1892604272592453
2014-02-07 05:00:00,16.34228332,16.39086682,16.21690666,16.28899765,16.28899765,370280400,1.399024687778283,16.4973826395,16.9721849434,2.204231299288064
2014-02-10 05:00:00,16.25702384,16.67484386,16.23633698,16.58081055,16.58081055,345559200,1.7914724175799757,16.496162222499997,16.9714101022,2.2395379404686704
2014-02-11 05:00:00,16.63158926,16.85538669,16.59679589,16.79928207,16.79928207,282256800,1.3176166469135664,16.501518629499998,16.9671777336,2.2559628121000284
2014-02-12 05:00:00,16.83030898,16.91211732,16.71402199,16.79802322,16.79802322,308100800,-0.007493474987529947,16.4902050955,16.9566201774,2.209634927684078
2014-02-13 05:00:00,16.75853264,17.0779319,16.74411478,17.06476784,17.06476784,307398000,1.5879524424183833,16.4751385675,16.9544135276,2.1910469446361804
2014-02-14 05:00:00,17.00332546,17.11334511,16.96383329,17.05096817,17.05096817,272924400,-0.08086643855564901,16.464227103000002,16.9425275032,2.1879782231792766
2014-02-18 05:00:00,17.11397384,17.27664975,17.10174888,17.11366081,17.11366081,260251600,0.367677890046747,16.4776063905,16.9327178566,2.1140843075632905
2014-02-19 05:00:00,17.07479169,17.14186913,16.74881217,16.84347153,16.84347153,313768000,-1.5787930063573596,16.464390372,16.9156972878,2.116831792418456
2014-02-20 05:00:00,16.70619074,16.83188212,16.58112711,16.64851761,16.64851761,305858000,-1.1574450056377361,16.437625216500003,16.8996881478,2.1271938032408033
2014-02-21 05:00:00,16.69991648,16.75570973,16.44320726,16.46358109,16.46358109,278784800,-1.1108287496354285,16.3943381305,16.8759858698,2.124642234348102
2014-02-24 05:00:00,16.39775451,16.60995462,16.37487309,16.53566742,16.53566742,288909600,0.43785328116605626,16.3704053875,16.854273719200002,2.0957994571308514
2014-02-25 05:00:00,16.59303633,16.59899063,16.3303711,16.36359596,16.36359596,231952000,-1.040607890987677,16.330967425999997,16.831730956399998,2.0933571841325636
2014-02-26 05:00:00,16.41217693,16.45574522,16.16110897,16.21596146,16.21596146,276217200,-0.9022130609976364,16.352695083500002,16.8067465968,1.0438699346038194
2014-02-27 05:00:00,16.20938064,16.57422803,16.17521502,16.53943634,16.53943634,301882000,1.9947930981330853,16.3995541095,16.7920393748,1.0765713608426553
2014-02-28 05:00:00,16.58363009,16.69866496,16.36547394,16.49461365,16.49461365,371968800,-0.27100494284438836,16.4456834795,16.7745226664,1.0785637611536776
2014-03-03 05:00:00,16.40621497,16.63283459,16.38709495,16.54224968,16.54224968,238781200,0.28879748874870437,16.4929168225,16.7595226282,1.0781355042956295
2014-03-04 05:00:00,16.64381173,16.69521585,16.54256866,16.65133286,16.65133286,259140000,0.6594216754682636,16.5441558365,16.7493339916,1.080694256790564
2014-03-05 05:00:00,16.64130059,16.76134729,16.58519265,16.6864357,16.6864357,200062800,0.21081099209976362,16.5858395105,16.7437794872,1.0478814962070595
2014-03-06 05:00:00,16.69991891,16.75163774,16.55291464,16.63597679,16.63597679,185488800,-0.3023947768545865,16.619080258,16.734374351,1.0485835796019969
2014-03-07 05:00:00,16.64663268,16.6745293,16.48865725,16.62625885,16.62625885,220729600,-0.05841520532682276,16.6471804625,16.711644897,1.0463623777439335
2014-03-10 04:00:00,16.5610682,16.71684911,16.56044046,16.64130974,16.64130974,178584000,0.09052481460676276,16.664796067,16.6907243724,1.006082460076481
2014-03-11 04:00:00,16.78329133,16.88641258,16.69364549,16.80335045,16.80335045,279224400,0.9737257014723388,16.675923062000003,16.6753939814,0.9492403497840769
2014-03-12 04:00:00,16.75383058,16.84284702,16.67515589,16.81965256,16.81965256,199326400,0.0970170207930332,16.6769415865,16.6627638622,0.9029807303212007
2014-03-13 04:00:00,16.84567095,16.91525434,16.58613939,16.63284302,16.63284302,257742800,-1.1106623001492122,16.6686825765,16.6498686596,0.9371478149993089
2014-03-14 04:00:00,16.57453803,16.64036168,16.39305514,16.44602776,16.44602776,237199200,-1.1231709442298343,16.637745572500002,16.62918663,0.8829919639088538
2014-03-17 04:00:00,16.54037562,16.61152582,16.4823878,16.51028442,16.51028442,199544800,0.3907123406193369,16.610711385,16.6147063824,0.8920506037083443
2014-03-18 04:00:00,16.48395023,16.67420968,16.46200957,16.65634346,16.65634346,209647200,0.884654899240056,16.5878455175,16.6107186124,0.9152492701409278
2014-03-19 04:00:00,16.68330154,16.8080504,16.58111773,16.65195656,16.65195656,224756000,-0.026337713379498418,16.578269769,16.6048048398,0.8495016687454026
2014-03-20 04:00:00,16.60901559,16.69615382,16.52940183,16.57171631,16.57171631,208398400,-0.4818667987204983,16.574429704,16.599710388000002,0.8160790101042235
2014-03-21 04:00:00,16.67295583,16.73000287,16.49742894,16.70241928,16.70241928,374046400,0.78871112415273,16.5863716135,16.5950987624,0.7926389680342472
2014-03-24 04:00:00,16.87637938,16.94157527,16.77106192,16.9005146,16.9005146,355700800,1.1860277046044754,16.6046139725,16.598773651,0.82755059794692
2014-03-25 04:00:00,16.97292709,17.10613955,16.91305773,17.08231735,17.08231735,282293200,1.0757231617077423,16.640550042,16.608315620200003,0.8074153232454119
2014-03-26 04:00:00,17.1302712,17.20800509,16.89017445,16.91901016,16.91901016,299768000,-0.9560013823300184,16.675702477,16.6128527448,0.81142350467618
2014-03-27 04:00:00,16.92653208,16.97292266,16.77294583,16.84629059,16.84629059,222031600,-0.4298098370549175,16.6910451895,16.6092926786,0.7058633502162647
2014-03-28 04:00:00,16.87324889,16.89268195,16.7456777,16.82748604,16.82748604,200564000,-0.11162427657018803,16.707688808999997,16.5985204314,0.7024130562898286
2014-03-31 04:00:00,16.90177934,16.95130361,16.79834167,16.82373238,16.82373238,168669200,-0.022306718847242557,16.721762943999998,16.5896111298,0.7015096239746066
2014-04-01 04:00:00,16.85569308,16.98451972,16.8246628,16.97762299,16.97762299,200760000,0.9147233593833626,16.7380774505,16.5922420884,0.7146782138473072
2014-04-02 04:00:00,17.00050826,17.03498691,16.93405854,17.00583649,17.00583649,180420800,0.16618050722776445,16.754047489999998,16.5902029802,0.7143819846702556
2014-04-03 04:00:00,16.96948247,17.00427416,16.85194164,16.88798714,16.88798714,162344000,-0.6929935500044282,16.7666480075,16.5842863086,0.7310283806179043
2014-04-04 04:00:00,16.91995369,16.92590798,16.63064568,16.6695118,16.6695118,275251200,-1.2936730599618418,16.768810655,16.571090088400002,0.7927165580152022
2014-04-07 04:00:00,16.55040411,16.64067602,16.35826474,16.40778732,16.40778732,289850400,-1.570078854978818,16.757134534,16.558959389199998,0.8678991328225657
2014-04-08 04:00:00,16.46170139,16.49085182,16.25827614,16.40684891,16.40684891,243888400,-0.005719296463913004,16.737309457000002,16.5440492636,0.8330131135581235
2014-04-09 04:00:00,16.38176926,16.62782197,16.36233621,16.62249374,16.62249374,206169600,1.314358602208876,16.727451516,16.5608709722,0.8917994748893464
2014-04-10 04:00:00,16.63377929,16.68267748,16.39838467,16.40810204,16.40810204,239652000,-1.289768571150629,16.716214467,16.5769878966,0.9037754108407431
2014-04-11 04:00:00,16.2676844,16.38773451,16.2093852,16.28680611,16.28680611,271717600,-0.7392441228382229,16.7082533845,16.5912834938,0.8839569577055721
2014-04-14 04:00:00,16.35857963,16.36672849,16.21157536,16.35168457,16.35168457,205674000,0.39834980266735265,16.700323392,16.606365528799998,0.884156683307288
2014-04-15 04:00:00,16.30748831,16.35042886,16.0272699,16.23508263,16.23508263,266490000,-0.7130882417700546,16.679260350499998,16.618536129800002,0.8678121000418014
2014-04-16 04:00:00,16.23790083,16.33318793,16.11534484,16.26799202,16.26799202,214765600,0.20270540501707845,16.6600621235,16.6268407258,0.8706811523118873
2014-04-17 04:00:00,16.29902117,16.54225327,16.27394518,16.45386124,16.45386124,284334400,1.1425455567686926,16.654169369999998,16.6364947138,0.9093643122613503
2014-04-21 04:00:00,16.46639537,16.67953622,16.42314013,16.64913368,16.64913368,182548800,1.1867879347692956,16.65150509,16.6481922922,0.932333797566301
2014-04-22 04:00:00,16.55949035,16.66982303,16.50275801,16.6657486,16.6657486,202563200,0.09979450174011362,16.63976679,16.6557273112,0.8895370909257293
2014-04-23 04:00:00,16.58300623,16.64788913,16.43850788,16.44791222,16.44791222,394940000,-1.3070902797609807,16.6080465335,16.6530693446,0.8881199483918255
2014-04-24 04:00:00,17.81013656,17.86624286,17.57568096,17.79634476,17.79634476,759911600,8.198198786350286,16.6519132635,16.673010598399998,2.0581729582215944
2014-04-25 04:00:00,17.69478131,17.92860907,17.67691676,17.92704391,17.92704391,390275200,0.7344157003170926,16.7059509295,16.6955910122,2.0537257870368495
2014-04-28 04:00:00,17.95400684,18.67335831,17.94616934,18.62132645,18.62132645,669485600,3.872822220359051,16.79564295,16.7267221844,2.1968374310892416
2014-04-29 04:00:00,18.61034477,18.68055586,18.47775841,18.56614876,18.56614876,337377600,-0.29631449804694565,16.882763769,16.7570257962,2.201311974778612
2014-04-30 04:00:00,18.57586963,18.78869751,18.48685153,18.49594116,18.49594116,456640800,-0.37814842974467355,16.9586796775,16.7846714032,2.207964476870097
2014-05-01 04:00:00,18.55581036,18.64357466,18.37902962,18.53951263,18.53951263,244048000,0.23557314344311298,17.0353634845,16.8185922252,2.2075470030218063
2014-05-02 04:00:00,18.56646874,18.62476959,18.48403267,18.57398987,18.57398987,191514400,0.18596626938405247,17.119663621,16.857101670400002,2.19218615876221
2014-05-05 04:00:00,18.49750731,18.83790632,18.49311817,18.83665085,18.83665085,287067200,1.4141333221261432,17.2280205735,16.9045630656,2.159014635469905
2014-05-06 04:00:00,18.86298855,18.94479691,18.63135529,18.63135529,18.63135529,374564400,-1.0898729377892713,17.339198972,16.946476823,2.135754352996887
2014-05-07 04:00:00,18.65767444,18.72161653,18.42196518,18.56614876,18.56614876,282864400,-0.34998275211356455,17.4471639645,16.990527879000002,2.1427636731991675
2014-05-08 04:00:00,18.54125445,18.73541469,18.48294443,18.53306007,18.53306007,230297200,-0.17822053689070527,17.542692281,17.0368698512,2.144072950247868
2014-05-09 04:00:00,18.42431338,18.47821141,18.29161603,18.45583344,18.45583344,291597600,-0.4166965935917477,17.645078851,17.0751977932,2.112952480596862
2014-05-12 04:00:00,18.51729691,18.7117702,18.51445884,18.68560982,18.68560982,213208800,1.2450067928224673,17.7650190365,17.119017716600002,2.0927466736032807
2014-05-13 04:00:00,18.65945213,18.73951058,18.61847857,18.71492577,18.71492577,159737200,0.15689051779632646,17.8831810965,17.1624712384,2.09533010352879
2014-05-14 04:00:00,18.67300992,18.8296609,18.65126149,18.71839714,18.71839714,166404000,0.01854867095205659,18.007346822,17.203812524,2.075705870586214
2014-05-15 04:00:00,18.74455012,18.80443571,18.53463074,18.55921555,18.55921555,230846000,-0.8504018202490138,18.1219079985,17.241268121,2.1030658883388433
2014-05-16 04:00:00,18.55323478,18.83375754,18.45142789,18.83312798,18.83312798,276256400,1.4758836614729542,18.2408713355,17.2852111448,2.108229047886806
2014-05-19 04:00:00,18.84383534,19.14263876,18.82744491,19.05627632,19.05627632,317755200,1.184871361979667,18.3612284675,17.333811494200003,2.1082056978476746
2014-05-20 04:00:00,19.0537584,19.11332921,18.93461508,19.06006241,19.06006241,234836000,0.019867942385087822,18.480944158,17.3821865476,2.109474253928266
2014-05-21 04:00:00,19.03232273,19.12278236,18.97653433,19.1104908,19.1104908,196859600,0.26457620607549526,18.614073087,17.4283293546,2.0597010726499265
2014-05-22 04:00:00,19.11963561,19.22207373,19.04083796,19.14075279,19.14075279,200760000,0.15835276192905923,18.6812934885,17.4747513592,1.090796472852582
2014-05-23 04:00:00,19.14012066,19.37588569,19.11553585,19.35697365,19.35697365,232209600,1.1296361348596573,18.7527899755,17.5292339718,1.1012684764884488
2014-05-27 04:00:00,19.41213188,19.72669453,19.40425229,19.71944618,19.71944618,348866000,1.8725681842316266,18.807695962,17.5947023402,0.8243484901607816
2014-05-28 04:00:00,19.73173586,19.85182518,19.66113261,19.66838264,19.66838264,315481600,-0.25895017301138523,18.862807656,17.657864304599997,0.8229907484505529
2014-05-29 04:00:00,19.7894176,20.07372267,19.78689599,20.02675819,20.02675819,376474000,1.8220895767563583,18.9393485075,17.7252725992,0.8741634235132529
2014-05-30 04:00:00,20.10870787,20.30381241,19.82251245,19.95174217,19.95174217,564020800,-0.37457894726794505,19.0099599845,17.7912683114,0.8907662294332361
2014-06-02 04:00:00,19.98200291,20.0094241,19.62079057,19.81463432,19.81463432,369350800,-0.6871973827235922,19.071992207,17.8561266716,0.9212147131089341
2014-06-03 04:00:00,19.8086418,20.13266126,19.80202301,20.09483719,20.09483719,292709200,1.414120823401599,19.134901524,17.923975029799998,0.9212139373948677
2014-06-04 04:00:00,20.0916886,20.42106609,20.04976734,20.32430077,20.32430077,335482000,1.1419031556731962,19.219548797999998,17.9924507532,0.8744285129273327
2014-06-05 04:00:00,20.3678021,20.46771862,20.254648,20.40404892,20.40404892,303805600,0.3923783204277109,19.311443806,18.0588853846,0.8546895041613263
2014-06-06 04:00:00,20.48441829,20.52728558,20.313269,20.34793854,20.34793854,349938400,-0.27499630205748415,19.4021877295,18.1274639522,0.8588552519585411
2014-06-09 04:00:00,20.4529009,20.71325074,20.24329794,20.6735363,20.6735363,301660000,1.600151088327384,19.5130728725,18.2040088664,0.8674163023762201
2014-06-10 04:00:00,20.9007952,20.97139847,20.64485729,20.79488945,20.79488945,251108000,0.5869975423604679,19.618536854,18.2833569346,0.8529254051733232
2014-06-11 04:00:00,20.76841215,20.90741354,20.62279364,20.70884132,20.70884132,182724000,-0.4137946018270333,19.7182326315,18.3610591134,0.8756472621622059
2014-06-12 04:00:00,20.74855592,20.76620716,20.27639624,20.36244392,20.36244392,218996000,-1.6727029515913094,19.8004349705,18.428755532,0.9987302669339633
2014-06-13 04:00:00,20.34258301,20.39553672,20.05134435,20.13959885,20.13959885,218100000,-1.0943925536419652,19.8794541355,18.4914307792,1.0164815218772865
2014-06-16 04:00:00,20.19034543,20.46393284,20.17710616,20.3425827,20.3425827,142244000,1.0078842757089035,19.9549268715,18.5605226904,0.9959371925049206
2014-06-17 04:00:00,20.3668539,20.45290158,20.25433106,20.3161087,20.3161087,118904000,-0.13014080065655298,20.0179184905,18.6334546284,0.9841015201560233
2014-06-18 04:00:00,20.35802356,20.36243721,20.15503944,20.33816719,20.33816719,134056000,0.10857635350218775,20.0818237295,18.7120622258,0.9828521047681169
2014-06-19 04:00:00,20.36243805,20.36464487,20.15283344,20.26756477,20.26756477,142112000,-0.34714248998166664,20.139677428,18.789276543,0.994432889399485
2014-06-20 04:00:00,20.2653643,20.41981012,20.05576131,20.05796814,20.05796814,403592000,-1.0341480704689543,20.1855381955,18.857986031,1.0381037558327275
2014-06-23 04:00:00,20.14843227,20.21462358,19.98957445,20.04032135,20.04032135,174776000,-0.08797895119201371,20.219705580499998,18.9306304172,1.0186701296687575
2014-06-24 04:00:00,20.02266713,20.24109576,19.89911182,19.9189682,19.9189682,156144000,-0.6055449305457428,20.2296816815,19.003273659,0.9501815657021754
2014-06-25 04:00:00,19.90352125,20.01163213,19.77996595,19.9366169,19.9366169,147476000,0.08860248092570355,20.2430933945,19.074972305600003,0.9473186380975356
2014-06-26 04:00:00,19.93882483,20.08885699,19.8130627,20.05576134,20.05576134,130516000,0.5976161381723744,20.244543552,19.1513858798,0.8641802310615
2014-06-27 04:00:00,20.03810851,20.29845837,20.02707607,20.2940464,20.2940464,256116000,1.188112762015936,20.2616587635,19.2319069674,0.8975068011122465
2014-06-30 04:00:00,20.32052285,20.68015968,20.31831603,20.50365067,20.50365067,197929200,1.0328362607863184,20.296109581000003,19.312902756,0.901623131685106
2014-07-01 04:00:00,20.63382339,20.75517355,20.54777572,20.63382339,20.63382339,152892000,0.6348758184339554,20.323058891,19.3925965502,0.8611844911781813
2014-07-02 04:00:00,20.71104193,20.75296151,20.53894494,20.62499428,20.62499428,113860000,-0.042789500681095216,20.3380935665,19.4717814638,0.8284728504883083
2014-07-03 04:00:00,20.66691664,20.76178993,20.56321774,20.74634552,20.74634552,91567200,0.588369811659395,20.355208396499997,19.557750129800002,0.8335467258524388
2014-07-07 04:00:00,20.77061617,21.17879132,20.76179055,21.17437935,21.17437935,225872000,2.0631770042939035,20.396530437000003,19.6253108216,0.9376434882622738
2014-07-08 04:00:00,21.24056654,21.3575047,20.72207375,21.0375824,21.0375824,260888000,-0.6460493964844272,20.414732741999998,19.6875215914,0.8950988652770424
2014-07-09 04:00:00,21.05744014,21.16996297,20.90740802,21.0464077,21.0464077,145744000,0.041950162486337206,20.427308654500003,19.7360232164,0.8874714212195158
2014-07-10 04:00:00,20.68677565,21.08171322,20.63382194,20.96918869,20.96918869,158744000,-0.36689876534131693,20.440326023,19.784084014999998,0.8862040169231188
2014-07-11 04:00:00,21.03979233,21.15672882,20.92947462,21.0089035,21.0089035,136072000,0.18939602569811864,20.472649002,19.8343432618,0.786055347901412
2014-07-14 04:00:00,21.1501089,21.37736309,21.10377567,21.28028297,21.28028297,171240000,1.291735525369031,20.529683207999998,19.8891586686,0.7665949204413735
2014-07-15 04:00:00,21.35750887,21.36853963,20.96698324,21.03096771,21.03096771,181911600,-1.1715786878937373,20.5641024585,19.9382982254,0.811089041591139
2014-07-16 04:00:00,21.39501925,21.42370125,20.90300147,20.91182709,20.91182709,213585200,-0.5665008935530347,20.593888378,19.9798017502,0.8253217977584472
2014-07-17 04:00:00,20.96698126,21.02214011,20.42421839,20.53894806,20.53894806,229192000,-1.7831011532144392,20.603927421499996,20.0179536056,0.9316086980248213
2014-07-18 04:00:00,20.65589199,20.90300262,20.52350937,20.83460617,20.83460617,199952000,1.4394997695904577,20.6322794915,20.063322753799998,0.9758068504839723
2014-07-21 04:00:00,20.95815425,20.96036108,20.67794806,20.72648811,20.72648811,156316000,-0.5189349830652557,20.66570549,20.1071913146,0.9495545501936097
2014-07-22 04:00:00,20.88975684,20.93609007,20.76620157,20.89858246,20.89858246,220788000,0.8303111896557747,20.7086185455,20.156046295,0.9586659357072135
2014-07-23 04:00:00,21.05303022,21.59579312,20.99787137,21.44355583,21.44355583,371672000,2.6077049534009467,20.784847926999998,20.2112052152,1.0761054071339557
2014-07-24 04:00:00,21.41046145,21.4722391,21.27366688,21.40825462,21.40825462,182916000,-0.16462386313100819,20.858429813,20.2650717922,1.08112943183881
2014-07-25 04:00:00,21.36853093,21.58695943,21.32219771,21.54945183,21.54945183,173876000,0.6595456402507915,20.9331143375,20.321692885999997,1.0819274021024854
2014-07-28 04:00:00,21.58255493,21.8958568,21.52298412,21.84731674,21.84731674,221272000,1.3822389188820505,21.0107778545,20.3874549098,1.0905336862496013
2014-07-29 04:00:00,21.91571271,21.93998274,21.6774261,21.70610809,21.70610809,172572000,-0.6463432177072015,21.0709007255,20.444914512,1.1018075426914549
2014-07-30 04:00:00,21.71934755,21.77671153,21.54945736,21.65536308,21.65536308,132040000,-0.23378216762579562,21.12197771,20.4968962472,1.1046601559927305
2014-07-31 04:00:00,21.43694303,21.50092583,21.03317971,21.09275055,21.09275055,227372000,-2.5980286173063694,21.145365523499997,20.53755001,1.274700375171868
2014-08-01 04:00:00,20.93829996,21.31779312,20.91844189,21.20968056,21.20968056,194044000,0.5543611285916406,21.168532275500002,20.5795338052,1.2740650825697022
2014-08-04 04:00:00,21.26262929,21.30896251,20.99786586,21.0905323,21.0905323,159832000,-0.5617635761318573,21.164339923,20.6185293954,1.195969431660437
2014-08-05 04:00:00,21.03979132,21.11039458,20.81915592,20.98683929,20.98683929,223732000,-0.4916566757302787,21.1618027675,20.6511267082,1.192160729093168
2014-08-06 04:00:00,20.90519724,21.06626177,20.89637162,20.95153046,20.95153046,154232000,-0.16824272350921543,21.1570589055,20.6757683938,1.1926484396765753
2014-08-07 04:00:00,21.04910469,21.27527151,20.86506598,20.94932556,20.94932556,186844000,-0.010523813542939742,21.156065749,20.701387252200004,1.1897860632678379
2014-08-08 04:00:00,20.90053863,21.02470849,20.6832397,21.00696945,21.00696945,167460000,0.27515869107530566,21.155969046499997,20.720991477400002,1.190651297934492
2014-08-11 04:00:00,21.12448979,21.30409456,21.02914459,21.28413773,21.28413773,146340000,1.3194110681205462,21.1561617845,20.7476393886,1.1922389175629409
2014-08-12 04:00:00,21.29522246,21.48147724,21.19987727,21.27970123,21.27970123,135180000,-0.020844161301147857,21.1685984605,20.7769407268,1.1596561160241035
2014-08-13 04:00:00,21.31961984,21.56130791,21.29522909,21.56130791,21.56130791,127664000,1.3233582415292267,21.2010725015,20.806270141200002,1.1822503796125938
2014-08-14 04:00:00,21.58125572,21.63447112,21.46373759,21.61894989,21.61894989,112464000,0.2673399046134284,21.255072593,20.832163123599997,1.0902329592096338
2014-08-15 04:00:00,21.70764854,21.77195127,21.47704615,21.72538757,21.72538757,195804000,0.4923351066613568,21.299611663,20.8585898966,1.0564498435295009
2014-08-18 04:00:00,21.83846395,22.0335899,21.72538143,21.98702621,21.98702621,190288000,1.2042990678853949,21.362638568,20.89137165,1.0637007844140647
2014-08-19 04:00:00,22.04246796,22.324068,22.02251112,22.29080772,22.29080772,277596000,1.381639822950853,21.432249831,20.9237170784,1.0850691872375928
2014-08-20 04:00:00,22.27085032,22.41497534,22.1622,22.29967499,22.29967499,210796000,0.0397799402847232,21.475055789000002,20.9538127892,0.9439392955462321
2014-08-21 04:00:00,22.29967543,22.38171721,22.19767851,22.30189323,22.30189323,133912000,0.009947409551913644,21.5197377195,20.9856738274,0.9411915258500854
2014-08-22 04:00:00,22.23759022,22.49923508,22.21541727,22.46597481,22.46597481,176736000,0.7357293764606476,21.5655638685,21.0277444452,0.9432632056329749
2014-08-25 04:00:00,22.57018847,22.65444634,22.45710423,22.51475525,22.51475525,161080000,0.2171303066639707,21.598935794,21.0752475732,0.9023226366367174
2014-08-26 04:00:00,22.48814459,22.50588362,22.36397473,22.37062645,22.37062645,132608000,-0.640152639456304,21.632161712,21.1158084482,0.9020344882896122
2014-08-27 04:00:00,22.39945853,22.74314522,22.32850406,22.6455822,22.6455822,209476000,1.229092759715722,21.681672668,21.1623979182,0.9278112500146071
2014-08-28 04:00:00,22.52584329,22.78970597,22.51919157,22.67218781,22.67218781,273840000,0.11748697721714052,21.760644531,21.2090783306,0.6494271643470412
2014-08-29 04:00:00,22.80744505,22.81631457,22.66110054,22.72762108,22.72762108,178380000,0.24449898908982526,21.836541556999997,21.2582794568,0.648334309310207
2014-09-02 04:00:00,22.8517893,23.00256772,22.77640094,22.90500641,22.90500641,214256000,0.7804834891237178,21.9272652625,21.3152202222,0.6179405894941007
2014-09-03 04:00:00,22.8606574,22.88283035,21.85842562,21.93824959,21.93824959,501684000,-4.220722765560659,21.974835777499997,21.353178786999997,1.1971479694784404
2014-09-04 04:00:00,21.91829372,22.193242,21.68325742,21.75642967,21.75642967,342872000,-0.8287804332524296,22.015080737999998,21.3899280164,1.2176162972412916
2014-09-05 04:00:00,21.90720253,22.03802407,21.79855223,21.9448967,21.9448967,233828000,0.8662589995631409,22.064859294999998,21.4300936124,1.2255535663700077
2014-09-08 04:00:00,22.01807028,22.02028639,21.74090425,21.80964088,21.80964088,185426800,-0.6163429331613179,22.1049928665,21.465171203199997,1.2403185869387954
2014-09-09 04:00:00,21.96929555,22.85622713,21.3174003,21.72760582,21.72760582,759385200,-0.37614126913583235,22.127166271,21.4938423916,1.217155902756622
2014-09-10 04:00:00,21.73203873,22.41941028,21.67660552,22.39501953,22.39501953,403478400,3.071731490018337,22.182932186,21.5316697688,1.3845473379065851
2014-09-11 04:00:00,22.26419353,22.49257806,22.08902439,22.49036026,22.49036026,249412400,0.4257229151878317,22.2293848035,21.5688005062,1.3628102780472575
2014-09-12 04:00:00,22.44158576,22.65888474,22.41276109,22.54136658,22.54136658,250504400,0.22679192067329712,22.275505638000002,21.6071279522,1.362766410478443
2014-09-15 04:00:00,22.79635477,22.84957188,22.49258184,22.53470993,22.53470993,245266000,-0.029530818268586057,22.315971756000003,21.642895240399998,1.3622340243496742
2014-09-16 04:00:00,22.12894113,22.45267092,21.92716341,22.36397743,22.36397743,267632400,-0.7576423239098795,22.334819317,21.666687202,1.356123505197292
2014-09-17 04:00:00,22.45488608,22.57240592,22.30410767,22.52362442,22.52362442,243706000,0.7138577674731694,22.346460152,21.696408042399998,1.3307310490075495
2014-09-18 04:00:00,22.60122717,22.69435455,22.51918541,22.57018471,22.57018471,149197600,0.2067175740981364,22.359985638,21.7268835826,1.331118002391925
2014-09-19 04:00:00,22.68105162,22.69435505,22.28414965,22.38614655,22.38614655,283609600,-0.815403871809961,22.364198304,21.7552227398,1.3457522158401993
2014-09-22 04:00:00,22.57240107,22.64778941,22.30188676,22.40831757,22.40831757,211153600,0.09903901929027015,22.361315442,21.7832110212,1.335610283651192
2014-09-23 04:00:00,22.30632789,22.82518372,22.29302446,22.75866318,22.75866318,253608800,1.5634623568037798,22.3735108385,21.8127786254,1.380530902502306
2014-09-24 04:00:00,22.65223064,22.80522517,22.4393656,22.56131935,22.56131935,240687200,-0.8671152098837731,22.383045483500002,21.8433856582,1.3875303817878384
2014-09-25 04:00:00,22.28636908,22.33071497,21.66773423,21.70099449,21.70099449,400368000,-3.8132737126474914,22.335816098,21.8591690062,1.6036109877812483
2014-09-26 04:00:00,21.84733716,22.33958435,21.8185125,22.33958435,22.33958435,249482000,2.9426755547736105,22.319185925,21.895181732,1.750771827943106
2014-09-29 04:00:00,21.87394595,22.27084795,21.86951034,22.1976757,22.1976757,199065200,-0.6352340660268241,22.292688656000003,21.922443122599997,1.753789112315212
2014-09-30 04:00:00,22.35288778,22.5147535,22.29080285,22.33958435,22.33958435,221056400,0.6392950861967783,22.264417553,21.954705047399997,1.750325718743731
2014-10-01 04:00:00,22.3041148,22.32628944,21.88503969,21.99147224,21.99147224,205965200,-1.558274785000635,22.267078685500003,21.976562843,1.5053487621304902
2014-10-02 04:00:00,22.01141883,22.22206605,21.73868837,22.1511116,22.1511116,191031200,0.7259148376143498,22.286812782000002,21.9907139584,1.4991834353160245
2014-10-03 04:00:00,22.04911352,22.21984706,21.96042005,22.0890255,22.0890255,173878400,-0.28028435376579175,22.294019222,22.004329376,1.4902602720657585
2014-10-06 04:00:00,22.16219605,22.31741005,22.04467792,22.0890255,22.0890255,148204800,0.0,22.307988453,22.0151208494,1.482252769796481
2014-10-07 04:00:00,22.04690425,22.1999005,21.89169188,21.89612579,21.89612579,168376800,-0.8732830246404588,22.316414451500002,22.016097030399997,1.4943202540924256
2014-10-08 04:00:00,21.89833282,22.41940458,21.79855204,22.35066795,22.35066795,229618800,2.0759022137495586,22.314196872500002,22.028988227600003,1.4020515986615745
2014-10-09 04:00:00,22.51475616,22.70101096,22.30854452,22.39945412,22.39945412,309506000,0.21827611644154032,22.309651565499998,22.0438700484,1.3994972137727004
2014-10-10 04:00:00,22.32628406,22.62340531,22.23980837,22.33515358,22.33515358,265326400,-0.2870629777651068,22.2993409155,22.068718109000002,1.3996205714433254
2014-10-13 04:00:00,22.46818989,22.567969,22.13115501,22.13115501,22.13115501,214333600,-0.9133519913768096,22.2791631695,22.087147597999998,1.413271817098454
2014-10-14 04:00:00,22.25976765,22.28859232,21.8562138,21.89612579,21.89612579,254754400,-1.0619835245553322,22.255770587500002,22.103259467799997,1.4225512342910027
2014-10-15 04:00:00,21.72316424,21.98480903,21.10452948,21.62781906,21.62781906,403734400,-1.22536165791729,22.210980319500003,22.1160790632,1.4305119288851826
2014-10-16 04:00:00,21.18656599,21.66772568,21.15552354,21.34399605,21.34399605,288618000,-1.3123052731882745,22.149670886499997,22.123928375000002,1.448387871699309
2014-10-17 04:00:00,21.61895255,21.95155182,21.46595635,21.65664673,21.65664673,272718800,1.4648179247578108,22.113195895500002,22.138074798399998,1.4921892447321023
2014-10-20 04:00:00,21.80077178,22.16441349,21.77859884,22.1200676,22.1200676,310069200,2.1398551482951556,22.098783397,22.1603367614,1.5777923590392398
2014-10-21 04:00:00,22.84291648,22.84291648,22.45488401,22.72096443,22.72096443,378495600,2.716523479340549,22.0968984595,22.1890732954,1.6589418056736727
2014-10-22 04:00:00,22.8030072,23.08460889,22.74979179,22.83626747,22.83626747,273052400,0.5074742331261151,22.110645865499997,22.2202046202,1.649364757553904
2014-10-23 04:00:00,23.077963,23.29304421,22.97818217,23.2442627,23.2442627,284298800,1.7866108396916713,22.187809276000003,22.253863715999998,1.4132326271029225
2014-10-24 04:00:00,23.32186092,23.39059756,23.17773423,23.33073044,23.33073044,188215600,0.3719960538907552,22.2373665805,22.288099327,1.2755483338726055
2014-10-27 04:00:00,23.24869206,23.38838485,23.21543179,23.30634308,23.30634308,136750800,-0.1045289176124009,22.2927999495,22.3197184372,1.2621614084178212
2014-10-28 04:00:00,23.37064345,23.66776466,23.35955613,23.66776466,23.66776466,192243600,1.5507434124667485,22.359208965,22.3533332062,1.2929783569516327
2014-10-29 04:00:00,23.64781151,23.80745945,23.58350877,23.80080605,23.80080605,210751600,0.5621206392374178,22.4496756555,22.3835331728,1.2175720542171329
2014-10-30 04:00:00,23.7165479,23.80302359,23.4815116,23.72098351,23.72098351,162619200,-0.33537746508378596,22.528169251,22.4119593432,1.2258613015639008
2014-10-31 04:00:00,23.94936517,23.95601689,23.77197822,23.94714737,23.94714737,178557200,0.9534337389706327,22.6210753445,22.444864426,1.223512141313789
2014-11-03 05:00:00,23.99593114,24.45713591,23.94936744,24.25757599,24.25757599,209130400,1.2963073020918259,22.729502869,22.4806964496,1.2348365567359874
2014-11-04 05:00:00,24.24870812,24.27753279,23.88506633,24.08019066,24.08019066,166297600,-0.7312574433369856,22.8387061125,22.5120051578,1.2270492832963988
2014-11-05 05:00:00,24.1910576,24.23540519,23.97597643,24.13784218,24.13784218,149743600,0.2394147156640436,22.928064823999996,22.5473494724,1.1689641724780027
2014-11-06 05:00:00,24.18460766,24.22692013,24.00645319,24.20687675,24.20687675,139874000,0.28600141423245073,23.0184359555,22.5785753634,1.1685330125925035
2014-11-07 05:00:00,24.21800842,24.34494412,24.17347024,24.27590942,24.27590942,134766000,0.2851779298624457,23.115473747499998,22.6106497956,1.157905635310921
2014-11-10 05:00:00,24.27813535,24.34717175,24.20019268,24.23582458,24.23582458,108782000,-0.1651218881504768,23.220707226000002,22.6408138656,1.1240200793396584
2014-11-11 05:00:00,24.2068749,24.44070464,24.14006761,24.42956924,24.42956924,109769200,0.7994143519254759,23.3473793985,22.6713051222,1.066868555840671
2014-11-12 05:00:00,24.35830128,24.81482526,24.35607556,24.77474022,24.77474022,187769600,1.412922907518288,23.5047254565,22.728034934800004,0.9959916617963188
2014-11-13 05:00:00,24.89722881,25.26467312,24.85268892,25.1243763,25.1243763,238091600,1.411260327637054,23.693744469000002,22.7953938674,0.8887817305279175
2014-11-14 05:00:00,25.19786925,25.42947161,24.76584161,25.42724419,25.42724419,176254400,1.2054742628576198,23.882274342,22.8650408172,0.8807712825202499
2014-11-17 05:00:00,25.44728189,26.11759234,25.23126981,25.38492775,25.38492775,186986800,-0.16642165263289765,24.0455173495,22.9365465546,0.8477734612774365
2014-11-18 05:00:00,25.37379174,25.7635068,25.36265634,25.71451378,25.71451378,176896000,1.298353232460947,24.195194817,23.0162847138,0.7192856744354027
2014-11-19 05:00:00,25.70783346,25.77464074,25.3426149,25.53635788,25.53635788,167476800,-0.6928223552045698,24.3301993375,23.079111480799998,0.7771930701709139
2014-11-20 05:00:00,25.58980818,26.02406147,25.57644536,25.9015789,25.9015789,173582000,1.4302001159141042,24.4630651475,23.147335853599998,0.7513197281429072
2014-11-21 05:00:00,26.1688124,26.18217352,25.83922403,25.93721008,25.93721008,228717200,0.13756373747546569,24.593389129500004,23.215252723600003,0.7559811428413677
2014-11-24 05:00:00,26.02184002,26.44941286,25.97062126,26.41823578,26.41823578,189803200,1.8545776454612417,24.7489837645,23.292923240600004,0.7948631995255675
2014-11-25 05:00:00,26.51621131,26.66764351,26.15544592,26.1888504,26.1888504,275361600,-0.8682842484646791,24.8750380515,23.3694207,0.830870739660355
2014-11-26 05:00:00,26.26457016,26.5228947,26.24007365,26.50062561,26.50062561,163073200,1.1904883385030152,25.0100290295,23.4489607238,0.844685245577218
2014-11-28 05:00:00,26.56074828,26.58969963,26.28906266,26.48503304,26.48503304,99257600,-0.05883849773763439,25.148231506,23.527257690400003,0.8317301569139739
2014-12-01 05:00:00,26.45831902,26.55630509,24.77920317,25.6254425,25.6254425,335256000,-3.2455709558744883,25.232146262500002,23.592043609399997,1.1822197414878104
2014-12-02 05:00:00,25.27580091,25.77686305,25.1087802,25.52744484,25.52744484,237395600,-0.38242328888563604,25.295639705,23.6544261548,1.1707317024955897
2014-12-03 05:00:00,25.7768648,25.91048104,25.63434059,25.81694984,25.81694984,172253600,1.1340931370708907,25.382477664,23.715591888,1.1617054353075094
2014-12-04 05:00:00,25.78132158,26.09977453,25.67442925,25.71896744,25.71896744,168178000,-0.37952740586026934,25.461533927,23.7787448498,1.1731420883402066
2014-12-05 05:00:00,25.83031686,25.85036023,25.52967983,25.60984993,25.60984993,153275600,-0.42426862685900346,25.531682586000002,23.8569219586,1.1850535317420345
2014-12-08 05:00:00,25.4094273,25.53190988,24.85714621,25.03084755,25.03084755,230659600,-2.2608581525569216,25.5694294925,23.9107472226,1.3150820883284478
2014-12-09 05:00:00,24.5386887,25.45396253,24.35162458,25.41387749,25.41387749,240832000,1.530231604163168,25.628332138,23.975071258400003,1.3471680723041435
2014-12-10 05:00:00,25.47845538,25.57643972,24.83932214,24.93062592,24.93062592,178261200,-1.901526322341618,25.653384971999998,24.0268920898,1.422094919694868
2014-12-11 05:00:00,24.99966573,25.3426152,24.79478566,24.85714149,24.85714149,165606800,-0.2947556560986664,25.657505035499998,24.084205474799997,1.3907465042045477
2014-12-12 05:00:00,24.59881276,24.91281255,24.40284239,24.43624687,24.43624687,224112400,-1.6932543115197873,25.623098563999996,24.1299081802,1.4011908702071885
2014-12-15 05:00:00,24.65225683,24.85268203,23.68353702,24.10220337,24.10220337,268872400,-1.3670000216362999,25.556846522999997,24.170171737600004,1.39023616565661
2014-12-16 05:00:00,23.68799602,24.53200771,23.6634995,23.77261925,23.77261925,243162800,-1.3674439425327978,25.476231098,24.2038436126,1.4118432637018585
2014-12-17 05:00:00,23.85501435,24.46074143,23.78820538,24.36498451,24.36498451,213647200,2.4917963551702282,25.408754634500003,24.253220787,1.5058481838455213
2014-12-18 05:00:00,24.91281224,25.08651352,24.64335233,25.08651352,25.08651352,236024800,2.9613358042721805,25.3862624165,24.3079376984,1.6637653990904493
2014-12-19 05:00:00,24.99965904,25.21789847,24.86604282,24.89276505,24.89276505,353719200,-0.7723212308698657,25.335821724,24.357803917000002,1.6314233312581186
2014-12-22 05:00:00,24.97740263,25.27358486,24.93509015,25.15110397,25.15110397,180670000,1.0378072483353984,25.296516418499998,24.414122924799997,1.6530900418911967
2014-12-23 05:00:00,25.21568281,25.23795191,25.04420721,25.06202316,25.06202316,104113600,-0.3541825046974312,25.2287057875,24.4727402878,1.5851540351847355
2014-12-24 05:00:00,25.0709264,25.09987605,24.94399071,24.94399071,24.94399071,57918400,-0.4709613794802614,25.166462803,24.533697586200002,1.5794932862296576
2014-12-26 05:00:00,24.96403558,25.50295548,24.9439939,25.38492775,25.38492775,134884000,1.767708483884367,25.11067791,24.608839760000002,1.6117846200791632
2014-12-29 05:00:00,25.34039299,25.55863253,25.32034961,25.36711693,25.36711693,110395600,-0.07016297298698682,25.0547821045,24.6893021776,1.6117334843010789
2014-12-30 05:00:00,25.30698395,25.3693381,24.9662619,25.05756569,25.05756569,119526000,-1.2202854619001502,25.026388264,24.7573205568,1.4677016468947974
2014-12-31 05:00:00,25.12437213,25.19340682,24.54313984,24.58099747,24.58099747,165613600,-1.9018935274713877,24.979065895500003,24.8065391542,1.521338786356427
2015-01-02 05:00:00,24.80592739,24.81706279,23.90624188,24.34717751,24.34717751,212818400,-0.9512224240914802,24.905577279000003,24.839063415800002,1.4979769638899247
2015-01-05 05:00:00,24.11556479,24.19573487,23.47420585,23.66126823,23.66126823,257142000,-2.817202444588418,24.8026923185,24.855563431,1.6018936218831024
2015-01-06 05:00:00,23.72585015,23.92404793,23.30050323,23.66349602,23.66349602,263188400,0.009415344851104734,24.705374623,24.8639480974,1.6045368387597425
2015-01-07 05:00:00,23.87282919,24.0955235,23.76148203,23.99531174,23.99531174,160423600,1.402226111135696,24.6535978325,24.877239723400002,1.5877893557132405
2015-01-08 05:00:00,24.32490085,24.97516784,24.20687143,24.91726685,24.91726685,237458000,3.8422301822531146,24.6287673005,24.909458198800003,1.7914247389990976
2015-01-09 05:00:00,25.09096807,25.22013118,24.54314026,24.94399071,24.94399071,214798000,0.10725036642611485,24.62943554,24.9349827198,1.7396943830679978
2015-01-12 05:00:00,25.075375,25.08205555,24.22913777,24.32934952,24.32934952,198603200,-2.4640852265615742,24.6030459415,24.945553589200003,1.8256547268192453
2015-01-13 05:00:00,24.81482812,25.11991995,24.25363918,24.54536819,24.54536819,268367600,0.8878933233394504,24.6085020075,24.9620412828,1.797481133520385
2015-01-14 05:00:00,24.28258938,24.60549547,24.16233424,24.45183754,24.45183754,195826400,-0.38105213690828865,24.625983716,24.9721350862,1.7702468168705965
2015-01-15 05:00:00,24.49637407,24.50973519,23.75257589,23.7882061,23.7882061,240056000,-2.7140350450733486,24.626763058499996,24.9627476884,1.8521822497784473
2015-01-16 05:00:00,23.83496911,23.95745165,23.42743816,23.60336685,23.60336685,314053200,-0.7770205505323924,24.588682175500004,24.9532112122,1.7646980475456344
2015-01-20 05:00:00,24.0153583,24.267004,23.71694868,24.21133041,24.21133041,199599600,2.5757493151872035,24.54492302,24.9546809768,1.7307675877658895
2015-01-21 05:00:00,24.26254219,24.73242728,24.11111001,24.39616013,24.39616013,194303600,0.7634017498008294,24.520092774,24.9584666444,1.736379089177024
2015-01-22 05:00:00,24.55428173,25.04643609,24.43402657,25.03084755,25.03084755,215185600,2.6015873671017875,24.514079953,24.973565406999995,1.8227287834423695
2015-01-23 05:00:00,25.00857715,25.33148329,24.83710154,25.16000938,25.16000938,185859200,0.5160106134720177,24.518979264000002,24.992049103,1.8244213362222348
2015-01-26 05:00:00,25.32925175,25.46732285,25.11992025,25.18672752,25.18672752,222460000,0.10619288568802787,24.5311161045,25.007192268599997,1.8205529346345057
2015-01-27 05:00:00,25.0352963,25.04865911,24.28036265,24.30485916,24.30485916,382274800,-3.501321715176131,24.477112675,24.9977946474,1.9384751863779452
2015-01-28 05:00:00,26.19553338,26.30465482,25.6788826,25.6788826,25.6788826,585908400,5.653286986584627,24.492700958500002,25.0088847734,2.3395278942135294
2015-01-29 05:00:00,25.90381111,26.54294461,25.7345629,26.47836304,26.47836304,337745600,3.1133770594831134,24.563740826,25.0299071504,2.4116668344989423
2015-01-30 05:00:00,26.36700848,26.72331907,26.0218316,26.090868,26.090868,334982000,-1.4634403169660581,24.6392343525,25.044025955400002,2.392480240728228
2015-02-02 05:00:00,26.28907432,26.53849096,25.85036608,26.41823578,26.41823578,250956400,1.2547216903630698,24.742787266,25.0581003954,2.3813481697513423
2015-02-03 05:00:00,26.38927161,26.52066041,26.19107384,26.42267609,26.42267609,207662800,0.016807746122693423,24.880857659,25.075826759599998,2.25875772489171
2015-02-04 05:00:00,26.38927456,26.83689058,26.3469621,26.62532997,26.62532997,280598800,0.7669695503579099,25.0289493565,25.090301781000004,2.255079503535318
2015-02-05 05:00:00,26.83325512,26.88020699,26.6611045,26.81537056,26.81537056,168984800,0.7137586283968211,25.1699522975,25.1078649906,2.2476781169798867
2015-02-06 05:00:00,26.83326121,26.88468381,26.48225127,26.58956718,26.58956718,174826400,-0.8420669760828448,25.253567314,25.1112916186,2.1309825040198747
2015-02-09 05:00:00,26.5046074,26.79301536,26.47777799,26.76618767,26.76618767,155559200,0.6642473298055451,25.344677162,25.122838364,2.1313281124203622
2015-02-10 05:00:00,26.86678927,27.30946493,26.86455477,27.28039932,27.28039932,248034000,1.921123980522399,25.492229652,25.138433838199997,2.047863801528735
2015-02-11 05:00:00,27.44807932,27.92876201,27.38771531,27.91981888,27.91981888,294247200,2.3438790338058846,25.660952186499998,25.167129555000002,2.0844214139141
2015-02-12 05:00:00,28.18363405,28.50110925,28.07408367,28.27306366,28.27306366,297898000,1.2652115743237768,25.8520134925,25.2200819782,2.0733479462779223
2015-02-13 05:00:00,28.45639609,28.45639609,28.09197239,28.41168213,28.41168213,217088800,0.49028457498263567,26.083187294000005,25.277766724000003,1.9089553596817284
2015-02-17 05:00:00,28.5033509,28.81411926,28.37591422,28.57936668,28.57936668,252609600,0.5901957836665472,26.3319872855,25.333015060799998,1.8694669958434436
2015-02-18 05:00:00,28.53464752,28.79175705,28.49440428,28.7783432,28.7783432,179566800,0.6962243853333661,26.560337925,25.394202576,1.8317565652626393
2015-02-19 05:00:00,28.72468254,28.84764848,28.69114793,28.71797562,28.71797562,149449600,-0.20976739202970274,26.776428699500002,25.456365089800002,1.8479691733260537
2015-02-20 05:00:00,28.75598277,28.95272827,28.62854783,28.95272827,28.95272827,195793600,0.8174414976399369,26.9725227355,25.534802704199997,1.8006525864835252
2015-02-23 05:00:00,29.0689955,29.73524284,28.98850899,29.73524284,29.73524284,283896400,2.702731717379536,27.201284408499998,25.6212300112,1.8516416927415829
2015-02-24 05:00:00,29.72182158,29.86938071,29.32609607,29.54966927,29.54966927,276912400,-0.6240862770098832,27.419431495999998,25.7136108782,1.8742475062233406
2015-02-25 05:00:00,29.41328591,29.42223075,28.65090058,28.79398727,28.79398727,298846800,-2.5573281145559124,27.6438879015,25.792347793800005,1.7686466718120755
2015-02-26 05:00:00,28.7939951,29.25902784,28.30660709,29.15842056,29.15842056,365150000,1.265657606161752,27.8178647995,25.886791267600003,1.3709454039259206
2015-02-27 05:00:00,29.06451993,29.19195831,28.67103227,28.72021866,28.72021866,248059200,-1.5028314002752619,27.9299575805,25.9791515734,1.3214253860433598
2015-03-02 05:00:00,28.89684317,29.12712335,28.68444926,28.86107063,28.86107063,192386800,0.49042791654010376,28.068467712,26.080920601,1.2452331263949188
2015-03-03 05:00:00,28.83200837,28.95720885,28.63749732,28.92143631,28.92143631,151265200,0.2091595310994787,28.1936277385,26.172049637,1.2343630340430787
2015-03-04 05:00:00,28.86330392,28.96614569,28.68891708,28.73810005,28.73810005,126665200,-0.6339113245790284,28.309398936499996,26.2450813676,1.2550868010584375
2015-03-05 05:00:00,28.74704775,28.78505479,28.11657128,28.26189423,28.26189423,226068400,-1.6570539429241138,28.391227149500004,26.312463951199998,1.3351551173214473
2015-03-06 05:00:00,28.70680168,28.92366798,28.2283568,28.30437088,28.30437088,291368400,0.15029654295044548,28.4656771655,26.375529289400003,1.3320652606052903
2015-03-09 04:00:00,28.60842839,28.96838311,27.96006572,28.42509842,28.42509842,354114000,0.42653320404766326,28.5574537275,26.4427907946,1.3058187121578613
2015-03-10 04:00:00,28.26189042,28.44298418,27.67836421,27.83710098,27.83710098,275426400,-2.0685854145936267,28.610999392999997,26.500653000000003,1.4092561141508495
2015-03-11 04:00:00,27.89075521,27.89522592,27.30052213,27.32958603,27.32958603,275756000,-1.8231602147243287,28.613458728499996,26.5395461656,1.4180651130246318
2015-03-12 04:00:00,27.34523817,27.92429366,27.19320832,27.82368469,27.82368469,193450800,1.807925884635142,28.608652018999997,26.5886775208,1.3762579010762575
2015-03-13 04:00:00,27.81250797,28.03608118,27.40560479,27.63141251,27.63141251,207309200,-0.6910378051728894,28.576569461500004,26.6401544572,1.350260233101932
2015-03-16 04:00:00,27.69625489,27.93547821,27.47044713,27.93547821,27.93547821,143497200,1.1004348760308869,28.552759265499997,26.707244071999998,1.371173542359811
2015-03-17 04:00:00,28.14786905,28.46534262,28.09197574,28.40274239,28.40274239,204092400,1.6726550248663097,28.543928051,26.788355369599998,1.419351396237458
2015-03-18 04:00:00,28.39379925,28.87671823,28.25294874,28.72245216,28.72245216,261083600,1.1256299325256736,28.541133499,26.889579048199998,1.433951011023749
2015-03-19 04:00:00,28.78505509,28.89684171,28.48323155,28.50558853,28.50558853,183238000,-0.755031738905676,28.5305141445,26.986420898400002,1.4433032500690652
2015-03-20 04:00:00,28.67326779,28.70680241,27.9824273,28.14787102,28.14787102,274780400,-1.2549030854898113,28.490271282,27.069472083999997,1.453823248256178
2015-03-23 04:00:00,28.42063126,28.58383877,28.28648595,28.44075203,28.44075203,150838800,1.0405085691628235,28.4255467415,27.1399417876,1.3251270422836023
2015-03-24 04:00:00,28.44522316,28.62631523,28.2954278,28.32449341,28.32449341,131369200,-0.40877477458179934,28.364287948500003,27.207551841599997,1.3224915163624724
2015-03-25 04:00:00,28.29095727,28.3535575,27.58446503,27.58446503,27.58446503,206620800,-2.6126800196847655,28.3038118365,27.272654151799998,1.327724951373969
2015-03-26 04:00:00,27.44584979,27.91982394,27.41007726,27.77673721,27.77673721,190291600,0.6970306648720337,28.234727668999994,27.3372815322,1.3003604851718742
2015-03-27 04:00:00,27.85051552,27.87957942,27.47938487,27.55539894,27.55539894,158184800,-0.796847622262542,28.176486682999997,27.3993527602,1.2734179915764288
2015-03-30 04:00:00,27.73425334,28.25964996,27.72307399,28.25294304,28.25294304,188398800,2.531424427999962,28.146080303499996,27.488647499,1.4064172481762254
2015-03-31 04:00:00,28.19034643,28.27977606,27.80356572,27.81921577,27.81921577,168362400,-1.535157839613166,28.090969276499997,27.5729644774,1.4401122881531718
2015-04-01 04:00:00,27.90641313,27.97348578,27.52186686,27.77897644,27.77897644,162485600,-0.1446458100497261,28.043013096000003,27.644317398,1.436221914112616
2015-04-02 04:00:00,27.95335967,28.0718532,27.76555898,28.01819611,28.01819611,128880400,0.8611536516354157,28.03082819,27.716758117599998,1.4081585890002482
2015-04-06 04:00:00,27.82815944,28.50782225,27.79685933,28.47204971,28.47204971,148776000,1.6198530348569218,28.0392121315,27.785582160800004,1.4558083233947254
2015-04-07 04:00:00,28.5368862,28.6442004,28.16575554,28.17246246,28.17246246,140049200,-1.0522152533850804,28.0265803335,27.8458312224,1.4725780483153985
2015-04-08 04:00:00,28.13668286,28.25964878,27.93993908,28.08078957,28.08078957,149316800,-0.3253989250324052,28.038764763,27.9037124634,1.3954021560392926
2015-04-09 04:00:00,28.13669053,28.29989974,27.87063955,28.29542732,28.29542732,129936000,0.7643579588990868,28.087056827500003,27.9835238266,1.3307679703908102
2015-04-10 04:00:00,28.15904722,28.44074996,28.00478285,28.41615677,28.41615677,160752000,0.42667477198572445,28.116680431499997,28.03826931,1.2767012137320712
2015-04-13 04:00:00,28.70008666,28.74480403,28.30659911,28.3602562,28.3602562,145460400,-0.1967210782670592,28.153122616,28.075907173199997,1.265044973544742
2015-04-14 04:00:00,28.3937957,28.45863214,28.15010174,28.23729515,28.23729515,102098400,-0.4335681918134382,28.168213463,28.1188357162,1.2500269670024469
2015-04-15 04:00:00,28.26189302,28.42286432,28.17246339,28.34461403,28.34461403,115881600,0.38006076513315,28.165307045,28.157363281200002,1.1945058658518897
2015-04-16 04:00:00,28.23282225,28.4161522,28.19481522,28.20822906,28.20822906,113476000,-0.4811671446845134,28.13959589,28.193074340600003,1.1683164468862288
2015-04-17 04:00:00,28.06961969,28.20152707,27.82592398,27.89076042,27.89076042,207828000,-1.1254469017701663,28.1088544845,28.2183829496,1.1823686567228715
2015-04-20 04:00:00,28.07408741,28.64419807,27.98465779,28.52794075,28.52794075,188217200,2.284557037545265,28.127857971000005,28.252634353399998,1.2629181896543642
2015-04-21 04:00:00,28.63973089,28.66208616,28.32001941,28.37367821,28.37367821,129740400,-0.5407419391110335,28.124504280000004,28.288316574,1.2486854372417637
2015-04-22 04:00:00,28.39156719,28.8118843,28.24177352,28.75599098,28.75599098,150618000,1.3474205465023426,28.146079158499997,28.3281126402,1.2801074029444697
2015-04-23 04:00:00,28.68445314,29.15842742,28.6486806,28.99074745,28.99074745,183083600,0.8163741258761625,28.2163932795,28.362319602800003,1.1195705737149715
2015-04-24 04:00:00,29.17407476,29.20537488,28.89237028,29.12712288,29.12712288,178103600,0.4704101894413171,28.283912562999994,28.386465682799997,1.1160008877947263
2015-04-27 04:00:00,29.58098358,29.76431532,29.32163772,29.65699768,29.65699768,387816800,1.8191800205705766,28.3889925,28.414144363200002,1.1406800293765875
2015-04-28 04:00:00,30.06166172,30.07954458,28.96838863,29.18972397,29.18972397,475696000,-1.575593440178602,28.435831546500005,28.429705199999997,1.1008980113607225
2015-04-29 04:00:00,29.1002883,29.41999634,28.68444202,28.76045609,28.76045609,253544400,-1.4706130158722353,28.4828935625,28.4333269882,1.0957219384233778
2015-04-30 04:00:00,28.76046038,28.76046038,27.8527536,27.98019028,27.98019028,332781600,-2.7129813503594002,28.4929542545,28.4173639298,1.2712523802225566
2015-05-01 04:00:00,28.19258573,29.09358734,28.01372816,28.82976913,28.82976913,234050400,3.036358371755865,28.5335329055,28.4195998,1.4282197353021904
2015-05-04 04:00:00,28.95273739,29.19196242,28.67550532,28.7738781,28.7738781,203953200,-0.19386568705413998,28.548624325000002,28.4160227966,1.3871388792399406
2015-05-05 04:00:00,28.65090812,28.71798077,28.12104066,28.12551308,28.12551308,197085600,-2.253311207292563,28.546276856,28.383828201399997,1.4618956565146781
2015-05-06 04:00:00,28.29542818,28.33790764,27.57999451,27.94889069,27.94889069,288564000,-0.6279792638719806,28.539681912000002,28.3518126298,1.4670167344698102
2015-05-07 04:00:00,28.011744,28.30584941,27.84336372,28.12175369,28.12175369,175763600,0.6184968194886231,28.5309982305,28.338367958199996,1.4633049605980246
2015-05-08 04:00:00,28.44055696,28.65159416,28.31258799,28.65159416,28.65159416,222201600,1.8840946970828831,28.542770100000002,28.3282314302,1.5218692940237002
2015-05-11 04:00:00,28.59996955,28.63813536,28.20483643,28.35974693,28.35974693,168143200,-1.018607301116392,28.542744636499997,28.3210219956,1.539935195409732
2015-05-12 04:00:00,28.19809298,28.48546181,28.02297771,28.25871086,28.25871086,192640000,-0.3562657672841252,28.543815422,28.308974800200005,1.538856862322298
2015-05-13 04:00:00,28.32157101,28.5550586,28.2587093,28.29014015,28.29014015,138776800,0.11121982936768138,28.541091728000005,28.296348877,1.5366729908694525
2015-05-14 04:00:00,28.60445205,28.9501915,28.54832527,28.9501915,28.9501915,180814000,2.333149805905088,28.57818985,28.300590705999998,1.6169022522000618
2015-05-15 04:00:00,28.97713523,29.07142781,28.78405897,28.90978241,28.90978241,152832000,-0.13958142556673714,28.629140949500005,28.3135484696,1.5910403349842357
2015-05-18 04:00:00,28.82222128,29.34756705,28.81773018,29.22857857,29.22857857,203531600,1.1027276355069615,28.664172840499997,28.3320326234,1.5299912797509012
2015-05-19 04:00:00,29.34083248,29.38348937,29.10509934,29.20163918,29.20163918,178532800,-0.09216797845807978,28.705570889,28.3475634386,1.5228739784194967
2015-05-20 04:00:00,29.18592435,29.40594036,29.03774883,29.19939423,29.19939423,145819600,-0.007687753369467476,28.727741051499997,28.3748093036,1.4969501384259907
2015-05-21 04:00:00,29.20164582,29.55187642,29.14776287,29.49799347,29.49799347,158921600,1.0226213518265803,28.7531033525,28.418177452400002,1.50293640970721
2015-05-22 04:00:00,29.54514026,29.85271394,29.50023609,29.75617409,29.75617409,182384000,0.8752480749667724,28.784555913000002,28.4568272404,1.5109284452038898
2015-05-26 04:00:00,29.7696483,29.83924496,28.98836098,29.10061455,29.10061455,282790400,-2.203104263394906,28.756736756499997,28.4862112812,1.5399509244034433
2015-05-27 04:00:00,29.26225568,29.69330892,29.19715013,29.64391708,29.64391708,183332800,1.8669795755223983,28.779446412,28.520380058599997,1.5566875676290624
2015-05-28 04:00:00,29.60349984,29.62370465,29.43287571,29.58553886,29.58553886,122933200,-0.1969315318298026,28.820700550500003,28.544035988,1.5150329060250383
2015-05-29 04:00:00,29.46206224,29.51145407,29.16346742,29.2487812,29.2487812,203538000,-1.1382508920778855,28.8841300965,28.5545625688,1.3943963999460285
2015-06-01 04:00:00,29.24878309,29.4979861,29.19714742,29.3071537,29.3071537,128451200,0.1995724184226999,28.907999325000002,28.570593872199996,1.2284341998209412
2015-06-02 04:00:00,29.15448884,29.33409519,29.03325653,29.17694092,29.17694092,134670400,-0.44430374007967677,28.928152466,28.5911752702,1.232741578987994
2015-06-03 04:00:00,29.33409968,29.3969614,29.16347208,29.21286392,29.21286392,123934000,0.12312120074033928,28.982520008,28.606617508,1.1041490961903402
2015-06-04 04:00:00,29.09163389,29.31614102,28.94121453,29.04224205,29.04224205,153800400,-0.5840641659347501,29.037187575999997,28.620972480800003,1.102467441770906
2015-06-05 04:00:00,29.07366778,29.11632468,28.81772984,28.88283539,28.88283539,142507200,-0.5488786290175462,29.075241660999996,28.646939888000002,1.1099002030381153
2015-06-08 04:00:00,28.93896666,29.00856674,28.4742387,28.69201088,28.69201088,210699200,-0.6606848234369189,29.077262497,28.665245361400004,1.0432312789806808
2015-06-09 04:00:00,28.44504599,28.75486685,28.20257965,28.60669136,28.60669136,224301600,-0.29736333349669186,29.089609718499997,28.6862712098,1.0178808377993729
2015-06-10 04:00:00,28.71894663,29.03774629,28.7032312,28.93447495,28.93447495,156349200,1.1458283863555518,29.123397923000006,28.699901848,1.0416010993305334
2015-06-11 04:00:00,29.00183172,29.22633886,28.8446774,28.86937332,28.86937332,141563600,-0.2249967559891597,29.152359581499997,28.720904999,1.0445166476018417
2015-06-12 04:00:00,28.77956967,28.81100054,28.53710156,28.55057144,28.55057144,147544800,-1.1042909607571705,29.1323785785,28.736336899,0.9360317933985157
2015-06-15 04:00:00,28.31035001,28.56628802,28.22279237,28.4944458,28.4944458,175955600,-0.19658324569071794,29.111611747999994,28.745861892800004,0.9363565662330948
2015-06-16 04:00:00,28.51913529,28.70323104,28.3709615,28.64710426,28.64710426,125976400,0.5357481281492271,29.082538032499997,28.749362983799998,0.9071691687224117
2015-06-17 04:00:00,28.67404262,28.70996286,28.45402494,28.57975006,28.57975006,131672400,-0.23511695768164698,29.0514435765,28.757508735800002,0.9076961462985623
2015-06-18 04:00:00,28.56403462,28.80650095,28.56178907,28.70996284,28.70996284,141628800,0.4556120320388768,29.026972007,28.7700922012,0.9161467622294042
2015-06-19 04:00:00,28.67180475,28.69650067,28.37770096,28.4226017,28.4226017,218867600,-1.0009108740455575,28.9732024185,28.7726356888,0.899495501592376
2015-06-22 04:00:00,28.62240965,28.75037863,28.53036263,28.64935112,28.64935112,136157200,0.7977785510043578,28.917861269999996,28.777299575799997,0.8948594359030708
2015-06-23 04:00:00,28.62016374,28.64934904,28.48545812,28.51913452,28.51913452,121075600,-0.4545184966129767,28.888787268500003,28.780477142200002,0.763082668818168
2015-06-24 04:00:00,28.55954947,29.14102378,28.53934466,28.76160622,28.76160622,221123600,0.8502070770413983,28.8446717255,28.7909633636,0.6508957168659999
2015-06-25 04:00:00,28.92998649,29.00631808,28.62465668,28.62465668,28.62465668,127752400,-0.4761540052821145,28.796627616499997,28.7965642166,0.6549608538545416
2015-06-26 04:00:00,28.66281823,28.73466042,28.40239091,28.45627213,28.45627213,176267200,-0.5882500247335831,28.757002163,28.801525078,0.6226007681909038
2015-06-29 04:00:00,28.16666025,28.39341289,27.94664425,27.95786858,27.95786858,196645600,-1.7514716886424364,28.689537907000005,28.802867241199998,0.7135569431858241
2015-06-30 04:00:00,28.19135823,28.31483782,28.03195838,28.15992737,28.15992737,177482800,0.722726016905817,28.6386872295,28.7955069736,0.7424954067086862
2015-07-01 04:00:00,28.48995452,28.49893501,28.28565222,28.4226017,28.4226017,120955200,0.9327947709120821,28.599174118500002,28.796485443399998,0.78067504901621
2015-07-02 04:00:00,28.38444077,28.44281312,28.23626522,28.38668633,28.38668633,108844000,-0.1263620071768501,28.5663963325,28.7890993504,0.7734666199779171
2015-07-06 04:00:00,28.04991822,28.33953259,28.02971169,28.2878952,28.2878952,112241600,-0.34801923990540606,28.536649323,28.775042305399996,0.7687749308094144
2015-07-07 04:00:00,28.26319487,28.32156719,27.78723927,28.21829414,28.21829414,187787200,-0.2460453826907516,28.512963486,28.7568657306,0.7584140222147588
2015-07-08 04:00:00,27.94664694,27.98256719,27.51110258,27.51783752,27.51783752,243046400,-2.482278398987592,28.458520794000002,28.714082527399995,0.9293912990304627
2015-07-09 04:00:00,27.80520434,27.85235062,26.76573707,26.95656776,26.95656776,314380000,-2.0396579476569365,28.359625434499996,28.6694194032,0.9608888752582814
2015-07-10 04:00:00,27.37639596,27.80520363,27.21250503,27.67723465,27.67723465,245418000,2.6734371245488386,28.300018501,28.6477549744,1.1752375697674238
2015-07-13 04:00:00,28.07012444,28.23401539,27.91072459,28.21156502,28.21156502,165762000,1.9305771575701902,28.283068180000004,28.652382469200003,1.2466432729647232
2015-07-14 04:00:00,28.29687649,28.37096425,28.07236938,28.20033836,28.20033836,127072400,-0.03979453104441255,28.268362808,28.639793853799997,1.246181257182452
2015-07-15 04:00:00,28.22504068,28.54608599,28.19360981,28.47199821,28.47199821,134596800,0.9633212429299265,28.259607505500004,28.633756256,1.2602474430261132
2015-07-16 04:00:00,28.67853259,28.86487558,28.59097497,28.85140228,28.85140228,144889600,1.332551608080479,28.2731901165,28.64827404,1.2946495009925378
2015-07-17 04:00:00,28.9793822,29.10061455,28.80651074,29.10061455,29.10061455,184658800,0.8637787085058246,28.292722702,28.6713085172,1.304472186650851
2015-07-20 04:00:00,29.40369845,29.8527127,29.34308056,29.65065765,29.65065765,235600800,1.8901425571440367,28.354125499500004,28.7018865964,1.3386283492277318
2015-07-21 04:00:00,29.82577545,29.84148917,29.25777265,29.35430908,29.35430908,307025600,-0.9994671062548921,28.3893733975,28.7159408948,1.358001912757397
2015-07-22 04:00:00,27.38762464,28.17564516,27.38762464,28.11278343,28.11278343,461802400,-4.229449402527042,28.369055842999995,28.7110016248,1.670056484054723
2015-07-23 04:00:00,28.33279003,28.53260118,28.07685212,28.0993042,28.0993042,203998000,-0.047946977692781,28.335940742,28.7078134916,1.6563584920251286
2015-07-24 04:00:00,28.1352314,28.22952398,27.81643171,27.95113564,27.95113564,168649200,-0.5273033059658427,28.302264690000005,28.7010334014,1.657003886564586
2015-07-27 04:00:00,27.6345768,27.75132145,27.41680637,27.5627346,27.5627346,177822000,-1.3895715902296768,28.257587813500002,28.6732842634,1.6788267196529627
2015-07-28 04:00:00,27.69968605,27.81867626,27.51334645,27.69968605,27.69968605,134472400,0.4968717799140432,28.244678686999997,28.6490823362,1.640495356282872
2015-07-29 04:00:00,27.64805117,27.72662832,27.45048382,27.61212921,27.61212921,148046800,-0.31609325767070207,28.217288779,28.616753349,1.6317141591142421
2015-07-30 04:00:00,27.46171059,27.51783737,27.32476111,27.47293663,27.47293663,134513200,-0.5040994084208106,28.1698055255,28.582179298,1.6160805789927541
2015-07-31 04:00:00,27.52456614,27.53354663,27.14515036,27.23270798,27.23270798,171540000,-0.8744192629836056,28.112106607999998,28.542845573,1.62396493302083
2015-08-03 04:00:00,27.2776151,27.51783765,26.384076,26.59062386,26.59062386,279904000,-2.3577681678647378,28.027243041000002,28.484698180799995,1.694596519840595
2015-08-04 04:00:00,26.36162493,26.42448664,25.42543067,25.73749542,25.73749542,496554400,-3.208380685205936,27.903203105,28.404324607400003,1.8152447510107417
2015-08-05 04:00:00,25.35807952,26.36611776,25.16724881,25.90812302,25.90812302,397250400,0.6629533962632994,27.82271738,28.3404747768,1.7648431352690122
2015-08-06 04:00:00,26.15393708,26.27346415,25.73671932,25.96449661,25.96449661,211612000,0.2175904057444944,27.7731138225,28.2668863674,1.7183583802865818
2015-08-07 04:00:00,25.84045756,26.21708102,25.82241529,26.05244827,26.05244827,154681600,0.33873816743330565,27.691874503500003,28.1962245556,1.5892528688170886
2015-08-10 04:00:00,26.2802329,27.0605434,26.2802329,26.99965286,26.99965286,219806400,3.6357603714762154,27.631278895499996,28.1512419888,1.7520459851788714
2015-08-11 04:00:00,26.56890535,26.65234961,25.55856171,25.59464455,25.59464455,388331200,-5.203801386948648,27.500994205,28.076991805800002,2.0768756968432416
2015-08-12 04:00:00,25.3781394,26.02990167,24.72412142,25.9893074,25.9893074,404870000,1.541974334626972,27.3768596645,28.0132391354,2.1016714047870133
2015-08-13 04:00:00,26.16972693,26.25091546,25.83144194,25.96901131,25.96901131,194143200,-0.07809400107369191,27.232740116000002,27.9483620832,2.062576190966302
2015-08-14 04:00:00,25.7818257,26.23061662,25.71191402,26.15168381,26.15168381,171718000,0.7034249314284091,27.085293579000002,27.8905509184,2.05728261458452
2015-08-17 04:00:00,26.16972506,26.53281772,26.04794226,26.42231178,26.42231178,163538800,1.0348395612542305,26.9238762855,27.841340446199997,2.013126730786729
2015-08-18 04:00:00,26.25767764,26.48545665,26.16295827,26.2734642,26.2734642,138242800,-0.5633404875370118,26.7698340415,27.7929695126,2.0104215147370765
2015-08-19 04:00:00,26.18325472,26.27797409,25.86301205,25.93743515,25.93743515,193146000,-1.278967430568223,26.6610666275,27.739584388399997,1.8245973602285026
2015-08-20 04:00:00,25.72769936,25.78858989,25.17516622,25.40520096,25.40520096,274006400,-2.0519923690295983,26.526361465499996,27.668998908600003,1.8597519670231748
2015-08-21 04:00:00,24.90454246,25.23606204,23.82654117,23.85134888,23.85134888,513102000,-6.116275491961309,26.321372127500002,27.5686384198,2.2460538235747896
2015-08-24 04:00:00,21.39539873,24.53693876,20.74814616,23.25596619,23.25596619,648825200,-2.496222301704898,26.106033707,27.462746314799997,2.2756725592065927
2015-08-25 04:00:00,25.0578936,25.0578936,23.34166118,23.39578629,23.39578629,414406400,0.6012224942953504,25.890838718999998,27.3607731246,2.2789700411196874
2015-08-26 04:00:00,24.15129172,24.78275771,23.69122566,24.73765373,24.73765373,387098400,5.735509050078624,25.747114945,27.282584114000002,2.709800808879307
2015-08-27 04:00:00,25.31048125,25.53825854,24.81207323,25.46609116,25.46609116,338464400,2.944650442400709,25.646772671500003,27.220310935999997,2.817972644007966
2015-08-28 04:00:00,25.29695469,25.55405118,25.1548756,25.54954147,25.54954147,212657600,0.3276918686723196,25.562614345999997,27.1571025086,2.818808034955349
2015-08-31 04:00:00,25.26537706,25.82918536,25.25861164,25.43000984,25.43000984,224917200,-0.46784256437774063,25.504583645,27.097250671399998,2.77687301770074
2015-09-01 04:00:00,24.84139486,25.23154926,24.21218457,24.29337311,24.29337311,307383600,-4.469666890227197,25.432377529500002,27.0101311112,2.862138098492896
2015-09-02 04:00:00,24.85943638,25.335289,24.61135935,25.335289,25.335289,247555200,4.288889341476865,25.4037358285,26.946454200799998,3.0327071070272122
2015-09-03 04:00:00,25.36911864,25.43452061,24.81658717,24.89101028,24.89101028,212935600,-1.753596416445058,25.350061512,26.869042282,3.0548937090499657
2015-09-04 04:00:00,24.57527693,24.90905048,24.4715364,24.64293289,24.64293289,199985200,-0.9966545640750057,25.279585743,26.789407806199996,3.057865187835682
2015-09-08 04:00:00,25.20222923,25.38490255,24.87973084,25.32852173,25.32852173,219374400,2.782091088996186,25.196029186500002,26.726852798200003,3.0065460848044956
2015-09-09 04:00:00,25.65553573,25.71417056,24.75569636,24.84139633,24.84139633,340043200,-1.9232287031699546,25.158366775500003,26.664523353200003,2.8063634119167764
2015-09-10 04:00:00,24.86845504,25.54728069,24.78501251,25.38715935,25.38715935,251571200,2.196990107761798,25.128259373,26.6090679928,2.830397957366161
2015-09-11 04:00:00,25.211253,25.75701904,25.20448758,25.75701904,25.75701904,199662000,1.4568770176329293,25.1176597595,26.555756339600002,2.8511594851625404
2015-09-14 04:00:00,26.29151012,26.3614218,25.90360972,26.00509453,26.00509453,233453600,0.9631374252383251,25.1103302955,26.508124503599998,2.8551314528379677
2015-09-15 04:00:00,26.14491553,26.28022917,25.80437488,26.22384834,26.22384834,173364800,0.8411959808399816,25.1004071235,26.4668435664,2.8518020677705396
2015-09-16 04:00:00,26.21708355,26.28248552,26.03441023,26.25316811,26.25316811,148694000,0.11180574879727789,25.099392319,26.427541045799998,2.848764281296406
2015-09-17 04:00:00,26.08402787,26.27121092,25.64651208,25.69161606,25.69161606,256450400,-2.138987750534005,25.0871013645,26.391016616599998,2.8759991768685236
2015-09-18 04:00:00,25.30597621,25.77732093,25.22929909,25.58562469,25.58562469,297141200,-0.41255236631463355,25.096122551,26.363597755199997,2.837791451248176
2015-09-21 04:00:00,25.63524156,26.01863233,25.63298756,25.98254776,25.98254776,200888000,1.5513518814146199,25.202682494999998,26.3297040174,2.4487954788433703
2015-09-22 04:00:00,25.56983511,25.75025447,25.37588491,25.57434654,25.57434654,201384800,-1.5710592501187337,25.318601512500003,26.2769596478,2.398287179329554
2015-09-23 04:00:00,25.62622006,25.87204143,25.55179866,25.78183174,25.78183174,143026800,0.8113020587856568,25.437903785,26.2285895154,2.3991980892861147
2015-09-24 04:00:00,25.54051675,26.04794423,25.34205684,25.93518257,25.93518257,200878000,0.5948019192215659,25.497780227,26.177853202599998,2.0620228815304293
2015-09-25 04:00:00,26.25992988,26.31631069,25.71416226,25.86977386,25.86977386,224607600,-0.25220069233543585,25.517964361999997,26.1182206342,1.9642965826009378
2015-09-28 04:00:00,25.67582846,25.83820552,25.35784149,25.35784149,25.35784149,208436000,-1.9788822769400083,25.508379363,26.043365172999998,2.017044400150225
2015-09-29 04:00:00,25.4457993,25.59915525,24.32494801,24.59557533,24.59557533,293461600,-3.0060372461142015,25.4666576375,25.9422635266,2.1238396182075903
2015-09-30 04:00:00,24.84590022,25.15486774,24.52114785,24.87521935,24.87521935,265892000,1.1369688094220232,25.4957499495,25.852681732,1.878894720175297
2015-10-01 04:00:00,24.59782558,24.72186408,24.2009041,24.71284294,24.71284294,255716400,-0.6527637313075485,25.4646276465,25.7846829222,1.6095199259873696
2015-10-02 04:00:00,24.35877557,25.03534557,24.25503505,24.89326477,24.89326477,232079200,0.7300731463314003,25.464740370999998,25.720562133599998,1.5715599402142901
2015-10-05 04:00:00,24.78050339,25.11653439,24.59783004,24.98347473,24.98347473,208258800,0.3623870184706224,25.481767463,25.661208915400003,1.55493568855276
2015-10-06 04:00:00,24.9496504,25.19998148,24.75570016,25.10300636,25.10300636,192787200,0.4784427758419918,25.470491694499998,25.6120143506,1.4240703129056225
2015-10-07 04:00:00,25.19997693,25.20674235,24.67450886,24.98347473,24.98347473,187062400,-0.47616460070879496,25.4775956145,25.557690124200004,1.3583295163915035
2015-10-08 04:00:00,24.85042064,24.85042064,24.40388361,24.69480896,24.69480896,247918400,-1.1554268296129933,25.442978094999997,25.499343719200002,1.2825294365529483
2015-10-09 04:00:00,24.80757061,25.32176362,24.69255321,25.28568077,25.28568077,211064400,2.392696420357332,25.4194111815,25.455598602,1.3583139768396437
2015-10-12 04:00:00,25.42324417,25.42775388,25.13231888,25.16840172,25.16840172,121868800,-0.4638160667564284,25.377576541,25.414312476799996,1.3377654886781967
2015-10-13 04:00:00,24.99249621,25.36009863,24.96092308,25.21125412,25.21125412,132197200,0.17026269874715894,25.32694683,25.386725082,1.3197648455395408
2015-10-14 04:00:00,25.09849268,25.15036209,24.70833655,24.85492706,24.85492706,177849600,-1.4133650722171986,25.2570347775,25.369073714799995,1.3453222094080413
2015-10-15 04:00:00,25.01730447,25.28116636,24.91807365,25.22704124,25.22704124,150694000,1.4971445263215255,25.2338060365,25.3554520792,1.3242205042308808
2015-10-16 04:00:00,25.2089953,25.25861071,24.92709117,25.04210854,25.04210854,156930400,-0.733073285291852,25.206630229,25.3370043178,1.330346099576474
2015-10-19 04:00:00,24.98798851,25.20223501,24.83237684,25.1977253,25.1977253,119036800,0.6214203558435605,25.167389106,25.319909858400003,1.2851161196736272
2015-10-20 04:00:00,25.10976745,25.74799891,24.99249608,25.65778923,25.65778923,195871200,1.8258153246872633,25.1715612405,25.2930725858,1.3109849990401399
2015-10-21 04:00:00,25.70965795,26.0659852,25.64200027,25.65553284,25.65553284,167180800,-0.008794171546788743,25.1652462955,25.294290351599997,1.2978391110244634
2015-10-22 04:00:00,25.78408314,26.04794502,25.73221201,26.04794502,26.04794502,166616400,1.529542116498872,25.170884418,25.295463104,1.337244964269994
2015-10-23 04:00:00,26.31856958,26.889145,26.23512706,26.85531616,26.85531616,237467600,3.0995579090023817,25.220161533000002,25.313189201,1.50009954936995
2015-10-26 04:00:00,26.62979322,26.64106835,25.91713872,25.99832726,25.99832726,265335200,-3.191133162961801,25.2521858215,25.310122070000002,1.612926690403866
2015-10-27 04:00:00,26.02539276,26.28248922,25.70740404,25.83369827,25.83369827,279537600,-0.6332291626057529,25.3140919685,25.298349799800004,1.4484345430257886
2015-10-28 04:00:00,26.37043728,26.90492808,26.17423141,26.89816093,26.89816093,342205600,4.120442411592817,25.4152390475,25.3108437344,1.6792083667512747
2015-10-29 04:00:00,26.7696154,27.21840801,26.67264031,27.18232346,27.18232346,204909200,1.0564385079690375,25.5387130735,25.335741500599998,1.6659833552809182
2015-10-30 04:00:00,27.28606627,27.33793739,26.93876015,26.950037,26.950037,197461200,-0.8545496868279878,25.641551685000003,25.3666382214,1.6914739553123999
2015-11-02 05:00:00,27.2432164,27.36950891,26.97484312,27.32891464,27.32891464,128813200,1.405852021650289,25.7588236805,25.4361895366,1.7059191882949252
2015-11-03 05:00:00,27.24096376,27.84987607,27.22066576,27.64239502,27.64239502,182076000,1.1470648729722033,25.8857931135,25.5239181132,1.7127672230469018
2015-11-04 05:00:00,27.76867848,27.92429008,27.42813959,27.51383781,27.51383781,179544400,-0.46507261728582217,26.012311267500003,25.6062791436,1.7124373450334238
2015-11-05 05:00:00,27.59764511,27.7878965,27.21940944,27.38701057,27.38701057,158210800,-0.4609580127491353,26.146921348,25.659266280399997,1.683963154938962
2015-11-06 05:00:00,27.43004346,27.58858484,27.3190645,27.41871834,27.41871834,132169200,0.11577667419726545,26.2535732265,25.698318824,1.6275789273121555
2015-11-09 05:00:00,27.39607544,27.58859051,27.18997161,27.30774498,27.30774498,135485600,-0.4047357670913021,26.3605403895,25.733482894199998,1.6259465049708883
2015-11-10 05:00:00,26.47651952,26.74151078,26.28626818,26.44707489,26.44707489,236511600,-3.151743546127106,26.422331428,25.7538241952,1.811972515139907
2015-11-11 05:00:00,26.35649115,26.59430326,26.09376343,26.29760361,26.29760361,180872000,-0.5651713114652179,26.4944652555,25.793908805200005,1.780518955447824
2015-11-12 05:00:00,26.33157266,26.45840576,26.19341443,26.20926857,26.20926857,130102400,-0.3359052836525711,26.543576622,25.8113883966,1.7626067392773634
2015-11-13 05:00:00,26.09149283,26.17529425,25.42788099,25.44373512,25.44373512,183249600,-2.9208501105454476,26.563657951,25.822442893399998,1.8874146221090264
2015-11-16 05:00:00,25.22630659,25.87406431,25.14024152,25.86047554,25.86047554,152426800,1.6378901054995731,26.596795463,25.846793746400003,1.915766307389088
2015-11-17 05:00:00,26.02807076,26.05751539,25.66568933,25.74949074,25.74949074,110467600,-0.4291676687396273,26.601380538500003,25.855213126599995,1.8777612324682353
2015-11-18 05:00:00,26.21833196,26.61015644,26.15944442,26.56485939,26.56485939,186698800,3.1665428191687717,26.646846865999997,25.889682387799997,2.0039045969251776
2015-11-19 05:00:00,26.64412395,27.12201512,26.44481456,26.90232086,26.90232086,173183200,1.2703303452343384,26.689565658,25.919985617999995,1.9956287255391014
2015-11-20 05:00:00,26.9974513,27.16052343,26.9181806,27.02010155,27.02010155,137148400,0.4378086582675689,26.6978049275,25.9452472682,1.8758648791935546
2015-11-23 05:00:00,27.01329883,27.11748512,26.5761757,26.66903687,26.66903687,129930000,-1.2992722449631233,26.731340408,25.958526114999998,1.7472599964789413
2015-11-24 05:00:00,26.57391801,27.0314244,26.5263556,26.92497444,26.92497444,171212800,0.9596805885701221,26.7859042165,25.972548637,1.746373464724098
2015-11-25 05:00:00,26.99971675,27.00424749,26.70754613,26.73246002,26.73246002,85553200,-0.7150031671487755,26.777619170999998,25.9821344752,1.4947801920207808
2015-11-27 05:00:00,26.79134778,26.81852704,26.63507003,26.68263245,26.68263245,52185600,-0.18639350797765575,26.752634620499997,26.001954803000004,1.4733437982143869
2015-11-30 05:00:00,26.72339886,27.0450141,26.66904206,26.79361153,26.79361153,156721200,0.4159225301624936,26.744813347,26.026114539800002,1.465668279089058
2015-12-01 05:00:00,26.8955255,26.90911426,26.46746211,26.57617569,26.57617569,139409600,-0.8115212081676426,26.707176399499996,26.0379870984,1.4357853426677856
2015-12-02 05:00:00,26.57617704,26.75057426,26.29080259,26.33609962,26.33609962,133546400,-0.9033507032779609,26.6418616295,26.05322216,1.4128386623405518
2015-12-03 05:00:00,26.39725469,26.45161148,25.86953568,26.09149361,26.09149361,166278000,-0.9287860143657789,26.5707444195,26.059415397400002,1.4206437422079583
2015-12-04 05:00:00,26.11188278,27.00877783,26.07111474,26.95895004,26.95895004,231108000,3.3246714157733503,26.549341393,26.0798907468,1.628767619859466
2015-12-07 05:00:00,26.94762661,27.14693605,26.68263351,26.78908348,26.78908348,128336800,-0.6300933817821708,26.51785965,26.098276939199994,1.6329162362314342
2015-12-08 05:00:00,26.61695295,26.86156118,26.4674713,26.77776146,26.77776146,137238000,-0.0422635586187603,26.491360473999997,26.126675338600002,1.63140720598774
2015-12-09 05:00:00,26.64412901,26.65545413,26.06431852,26.18662262,26.18662262,185445600,-2.2075737767812575,26.478337860499998,26.1584962844,1.5496138882773534
2015-12-10 05:00:00,26.28174293,26.48558306,26.16170423,26.31118584,26.31118584,116850800,0.4756750108922514,26.479016972,26.1872156142,1.5484594382357855
2015-12-11 05:00:00,26.08923207,26.13452912,25.55924765,25.63398933,25.63398933,187544800,-2.5737969931042937,26.45025301,26.205638541999996,1.6524349865361598
2015-12-14 05:00:00,25.40750131,25.52074566,24.86619348,25.47544861,25.47544861,257274800,-0.6184785284842675,26.4518386845,26.2172822188,1.5203453954608321
2015-12-15 05:00:00,25.35314413,25.54792454,24.99302622,25.0247345,25.0247345,213292400,-1.7692097081386748,26.4100516325,26.2181074142,1.5200650485792069
2015-12-16 05:00:00,25.15609964,25.36446882,24.64197105,25.21725082,25.21725082,224954000,0.7693041458641581,26.383439636499997,26.2203923034,1.5321884889083894
2015-12-17 05:00:00,25.37125946,25.42335262,24.68273544,24.68273544,24.68273544,179091200,-2.119641763550506,26.289333439,26.2143775176,1.3895631647195092
2015-12-18 05:00:00,24.66688355,24.80504006,23.96476724,24.01459503,24.01459503,385813200,-2.7069139545904397,26.144947147499998,26.200773238999997,1.4283783307667597
2015-12-21 05:00:00,24.29770922,24.3180941,23.91041372,24.30903435,24.30903435,190362400,1.2260848855963458,26.0093937875,26.181240310599996,1.4675948538271628
2015-12-22 05:00:00,24.32488534,24.39736165,24.10972005,24.28638268,24.28638268,131157600,-0.09318210535994575,25.890261077999998,26.163599929800004,1.4585124594430001
2015-12-23 05:00:00,24.29543658,24.65328906,24.27958244,24.59893227,24.59893227,130629600,1.2869334808653266,25.7739589695,26.1513534928,1.4769583035499123
2015-12-24 05:00:00,24.68727325,24.68727325,24.44945937,24.46757889,24.46757889,54281600,-0.5339800059541377,25.660714913,26.1436065294,1.475740950238038
2015-12-28 05:00:00,24.36791319,24.39056343,24.04856509,24.19351768,24.19351768,106816800,-1.1200994231268635,25.5362591745,26.122936058199997,1.482338752617092
2015-12-29 05:00:00,24.22522648,24.78465373,24.20257796,24.62837601,24.62837601,123724800,1.7974167119958917,25.4279973985,26.114661407599996,1.5565189600109233
2015-12-30 05:00:00,24.59214082,24.61931835,24.27505633,24.3067646,24.3067646,100855200,-1.3058571538351216,25.314526844,26.096842193599997,1.567136917813336
2015-12-31 05:00:00,24.23656146,24.24109047,23.74055054,23.84020615,23.84020615,163649200,-1.9194592850090841,25.1897321705,26.060490532,1.5993060426446868
2016-01-04 05:00:00,23.24000199,23.86511119,23.10184376,23.86058044,23.86058044,270597600,0.08546188683020706,25.078186512000002,26.024591484,1.6005553645361188
2016-01-05 05:00:00,23.95117722,23.97382574,23.19470588,23.26265144,23.26265144,223164000,-2.5059281416206836,24.893371581999997,25.9688856124,1.3981598235456392
2016-01-06 05:00:00,22.77570672,23.18565251,22.61943067,22.80741501,22.80741501,273829600,-1.9569412849354872,24.6942881585,25.887927589399997,1.4246342003624104
2016-01-07 05:00:00,22.34990391,22.67831182,21.84030436,21.84483337,21.84483337,324377600,-4.220476715918709,24.447641754,25.804857711599997,1.604019602633247
2016-01-08 05:00:00,22.32046419,22.44729732,21.91504917,21.96034622,21.96034622,283192000,0.5287879657559502,24.236327934,25.7273906706,1.6123240984601717
2016-01-11 05:00:00,22.41558499,22.43596814,22.04640733,22.31592941,22.31592941,198957600,1.6192057558553241,24.0365651125,25.6357460402,1.6811295988266042
2016-01-12 05:00:00,22.77343596,22.80514423,22.38613882,22.63980675,22.63980675,196616800,1.4513280359045755,23.886855983500002,25.544895706000002,1.6992632314197067
2016-01-13 05:00:00,22.72133761,22.91838333,22.03734276,22.05772591,22.05772591,249758400,-2.571050391143481,23.715969848500002,25.4470494842,1.7552306554538863
2016-01-14 05:00:00,22.1868317,22.75758416,21.68402654,22.5401535,22.5401535,252680400,2.187113902713289,23.591740798500002,25.3512742614,1.8491603135551369
2016-01-15 05:00:00,21.78820583,22.13020415,21.59795621,21.99884033,21.99884033,319335600,-2.4015505040815177,23.430820274,25.238403167599998,1.869959468326508
2016-01-19 05:00:00,22.28875406,22.34311087,21.62967111,21.89239883,21.89239883,212350800,-0.4838505048597619,23.291303443500002,25.125974388,1.8384318809407718
2016-01-20 05:00:00,21.53907235,22.23892325,21.15857131,21.92183876,21.92183876,289337600,0.13447557861798742,23.18666563,25.016670951800002,1.7742358232534463
2016-01-21 05:00:00,21.9829879,22.16870853,21.50283307,21.81085777,21.81085777,208646000,-0.5062576694182419,23.061756801,24.9045137404,1.7303728068587003
2016-01-22 05:00:00,22.33857638,22.97953972,22.27969057,22.97047997,22.97047997,263202000,5.3167198293091245,22.995961665499998,24.817768440200002,2.168926266620364
2016-01-25 05:00:00,22.99313075,22.99539613,22.46994244,22.5220356,22.5220356,207178000,-1.9522638211551535,22.892116832,24.7392676544,2.1685949172497097
2016-01-26 05:00:00,22.63301386,22.84817742,22.21174478,22.64660263,22.64660263,300308000,0.5530895706425509,22.801068019000002,24.666247634799998,2.179128847619409
2016-01-27 05:00:00,21.75197611,21.88560362,21.14045555,21.15857506,21.15857506,533478800,-6.570643704538737,22.649320888,24.5652337646,2.5822689212237404
2016-01-28 05:00:00,21.24237623,21.40771202,20.92529169,21.31032181,21.31032181,222715200,0.7171879465875497,22.483418178,24.4825654984,2.539636582115593
2016-01-29 05:00:00,21.46886259,22.0464077,21.36920702,22.0464077,22.0464077,257666000,3.4541284573871955,22.370400333,24.4062841416,2.6970491227846836
2016-02-01 05:00:00,21.84935745,21.90371424,21.6070147,21.8402977,21.8402977,163774000,-0.9348915379080003,22.2704049105,24.3281002808,2.677771806736637
2016-02-02 05:00:00,21.61155123,21.75197485,21.35335425,21.39865303,21.39865303,149428800,-2.0221549910466763,22.14730854,24.2247761536,2.698932622435667
2016-02-03 05:00:00,21.51642236,21.93316066,21.30805321,21.8221817,21.8221817,183857200,1.9792305123422116,22.075285052999998,24.1231733704,2.7105161352426674
2016-02-04 05:00:00,21.82902315,22.16376852,21.67645268,21.9975338,21.9975338,185886800,0.8035498118870388,22.0347909925,24.0227220154,2.6910548279296163
2016-02-05 05:00:00,21.97930146,22.07038885,21.33486199,21.41000748,21.41000748,185672400,-2.6708735867472466,22.013049698,23.9175414276,2.5878974226095877
2016-02-08 05:00:00,21.20734763,21.79258202,21.18685387,21.63545799,21.63545799,216085600,1.053014625102766,21.9968052865,23.8117510986,2.5969038513948073
2016-02-09 05:00:00,21.47149209,21.84722646,21.38951361,21.63089371,21.63089371,177324800,-0.021096294805078575,21.9625535015,23.7097197724,2.567405495407875
2016-02-10 05:00:00,21.84268018,21.94059886,21.42823406,21.46694565,21.46694565,169374400,-0.7579347492434163,21.9039104465,23.605406036399998,2.54346388383465
2016-02-11 05:00:00,21.35764035,21.56941785,21.0843781,21.33714485,21.33714485,200298800,-0.6046542536431998,21.8678813935,23.4962767028,2.485748544052762
2016-02-12 05:00:00,21.44872756,21.51931948,21.18002064,21.40318298,21.40318298,161405600,0.30949843788494746,21.8110328675,23.3928168486,2.428166633592477
2016-02-16 05:00:00,21.63772304,22.05444661,21.54435973,22.00662613,22.00662613,196231600,2.8194084523030183,21.8114221575,23.3062273788,2.4628499273237248
2016-02-17 05:00:00,22.01346866,22.36415411,21.89505623,22.34366035,22.34366035,179452800,1.5315124545172587,21.833985233499998,23.231270713599997,2.48184161172999
2016-02-18 05:00:00,22.50760942,22.51899599,21.88138594,21.92009926,21.92009926,156084000,-1.8956656311686193,21.8338982585,23.130493698,2.522892534454221
2016-02-19 05:00:00,21.86090337,22.03396934,21.81536051,21.87001228,21.87001228,141496800,-0.22849796164654546,21.836855984,23.032112274,2.5205483357851137
2016-02-22 05:00:00,21.93148413,22.06583844,21.8426744,22.06128311,22.06128311,137123200,0.8745803502584915,21.791396141,22.937782706999997,2.2077754921048296
2016-02-23 05:00:00,21.95198282,21.97475424,21.5307055,21.56258583,21.56258583,127770400,-2.2605089536879674,21.743423652500002,22.845301971199998,2.221843158351496
2016-02-24 05:00:00,21.40090106,21.94742192,21.25060661,21.88366127,21.88366127,145022800,1.4890395916861143,21.7052765845,22.756751479800002,2.248099288822934
2016-02-25 05:00:00,21.87228291,22.03396225,21.69010808,22.03396225,22.03396225,110330800,0.6868182528763755,21.749045944,22.6847509382,1.6673411769329103
2016-02-26 05:00:00,22.13415564,22.32088405,21.99297181,22.06811905,22.06811905,115964400,0.1550188731942681,21.786935806,22.616604347000003,1.6631822399325253
2016-02-29 05:00:00,22.05673221,22.36870603,22.00891172,22.01802063,22.01802063,140865200,-0.2270171729928272,21.785516452499998,22.5564700696,1.4758450672316565
2016-03-01 05:00:00,22.23663538,22.94711354,22.18425954,22.89246178,22.89246178,201628400,3.9714793836125306,21.8381246565,22.509974288800002,1.7020236071655561
2016-03-02 05:00:00,22.88790653,22.97443863,22.6897915,22.94255829,22.94255829,132678400,0.2188340881877915,21.9153199195,22.475170745799996,1.6162237075251602
2016-03-03 05:00:00,22.90384246,23.16116278,22.87423805,23.11334229,23.11334229,147822800,0.7443982394693904,21.979877949,22.457145691,1.5742031299507884
2016-03-04 05:00:00,23.31145613,23.62570585,23.08373848,23.45719528,23.45719528,184220400,1.4876818146234427,22.052861023,22.440108909600003,1.5930513675247333
2016-03-07 05:00:00,23.31601183,23.41620816,22.9903755,23.19759941,23.19759941,143315600,-1.1066790675581695,22.1422406195,22.4183332442,1.4715400576303204
2016-03-08 05:00:00,22.94938391,23.17254797,22.86285183,23.00631332,23.00631332,126247600,-0.8245943324529437,22.210783386,22.3864808652,1.4882880171990784
2016-03-09 05:00:00,23.07007678,23.13156152,22.83325019,23.0268116,23.0268116,108806800,0.08909849968086192,22.2805792805,22.3576655194,1.4871698272640703
2016-03-10 05:00:00,23.09285197,23.28185633,22.80592719,23.03819847,23.03819847,134054400,0.04945048492950299,22.359141921499997,22.334559135200003,1.467089306554515
2016-03-11 05:00:00,23.28185024,23.29095915,23.11333968,23.28640556,23.28640556,109632800,1.0773719582423569,22.456604957000003,22.307719726200002,1.456816135762253
2016-03-14 04:00:00,23.20670731,23.43442496,23.1771029,23.34561348,23.34561348,100304400,0.25425959299492096,22.553726482000002,22.2884967038,1.4571449859777563
2016-03-15 04:00:00,23.67352127,23.95133701,23.64847219,23.8147068,23.8147068,160270800,2.009342442004658,22.644130515500002,22.287986716800003,1.3977272014783004
2016-03-16 04:00:00,23.82154657,24.20866593,23.81699124,24.13124275,24.13124275,153214000,1.3291616506485804,22.7335096355,22.293399963000002,1.3898523192835865
2016-03-17 04:00:00,24.02876689,24.24509971,23.90124556,24.0925293,24.0925293,137682800,-0.16042874542795404,22.8421311375,22.3099975202,1.2899207445319698
2016-03-18 04:00:00,24.21550072,24.25193639,23.95362674,24.1198597,24.1198597,176820800,0.11343931415286335,22.9546235085,22.336246414,1.2822591340310923
2016-03-21 04:00:00,24.12213019,24.51380481,23.94223304,24.1175766,24.1175766,142010800,-0.00946564378232484,23.057438183000002,22.381701278599998,1.2838503565438961
2016-03-22 04:00:00,23.96728342,24.43182765,23.95817451,24.30202866,24.30202866,129777600,0.7648034587355745,23.194410324499998,22.4285349274,1.1141565171986985
2016-03-23 04:00:00,24.24738142,24.38173403,24.11530474,24.16767883,24.16767883,102814000,-0.5528338060975746,23.308611202499996,22.465569915799996,1.1224642477838187
2016-03-24 04:00:00,24.01737679,24.19499625,23.88530016,24.06291962,24.06291962,104532000,-0.4334682314213856,23.410059071,22.494032173199997,1.1406406593602554
2016-03-28 04:00:00,24.13806973,24.18133664,23.9240146,23.953619,23.953619,77645600,-0.45422842167978095,23.5043340685,22.531950035,1.156882426302583
2016-03-29 04:00:00,23.8853069,24.5456885,23.88302923,24.52063942,24.52063942,124760400,2.3671597181202486,23.629465008,22.571559753400003,1.224334020009155
2016-03-30 04:00:00,24.74152356,25.14458305,24.73013699,24.94874573,24.94874573,182404400,1.7459019019333555,23.7322792055,22.630557861399996,0.9717690814567246
2016-03-31 04:00:00,24.98517765,25.02616689,24.79389395,24.81894302,24.81894302,103553600,-0.5202774977337454,23.826098442,22.689088745199996,0.9942349942281506
2016-04-01 04:00:00,24.77112892,25.04894476,24.63905224,25.0466671,25.0466671,103496000,0.9175414110765834,23.9227646825,22.751585312000003,0.9981514256423506
2016-04-04 04:00:00,25.1445841,25.54764533,25.1104261,25.3039875,25.3039875,149424800,1.027363836364481,24.0151042935,22.8214479066,0.9770080955501501
2016-04-05 04:00:00,24.9373544,25.21517015,24.91685892,25.00566864,25.00566864,106314800,-1.1789401176395709,24.105507754999998,22.86215168,0.9829271347437329
2016-04-06 04:00:00,25.1013204,25.27210866,24.86676973,25.26755333,25.26755333,105616400,1.047301289040825,24.2185697555,22.917062034599997,0.9507287556104045
2016-04-07 04:00:00,25.03755166,25.14457922,24.62082973,24.71647072,24.71647072,127207600,-2.1809892030412836,24.3030527115,22.9584593964,1.1196228532605517
2016-04-08 04:00:00,24.80073053,24.99656611,24.63221822,24.74380112,24.74380112,94326800,0.11057565746181997,24.388332843999997,23.030163917600003,1.1188118657850432
2016-04-11 04:00:00,24.81439603,25.18785289,24.78251569,24.82578087,24.82578087,117630000,0.3313142940424507,24.4653016095,23.100473098800002,1.106129343135688
2016-04-12 04:00:00,24.89864858,25.16280191,24.74380224,25.1491394,25.1491394,108929200,1.3025110134229578,24.5554779055,23.1625277328,1.1271672979829386
2016-04-13 04:00:00,25.23111556,25.58179921,25.23111556,25.51348495,25.51348495,133029200,1.4487396336114733,24.640416813,23.235991477800003,1.0908710313343524
2016-04-14 04:00:00,25.4178419,25.59318371,25.35180358,25.52714539,25.52714539,101895600,0.05354203875627128,24.710211945,23.318561325,1.067700397348732
2016-04-15 04:00:00,25.52943208,25.572699,24.98746457,25.01478958,25.01478958,187756000,-2.0071018602836554,24.756324959,23.3824134826,1.1821438712016048
2016-04-18 04:00:00,24.79617676,24.80983926,24.352128,24.47509575,24.47509575,243286000,-2.1574989798494926,24.774086761499998,23.431964721599996,1.2941151186711672
2016-04-19 04:00:00,24.56618346,24.59351021,24.19045067,24.34529877,24.34529877,129539600,-0.5303226648255333,24.78547287,23.4906705474,1.3012547229459475
2016-04-20 04:00:00,24.2838103,24.6140002,24.15173365,24.39539146,24.39539146,122444000,0.20575919183922764,24.79014101,23.5458692168,1.2911715450233197
2016-04-21 04:00:00,24.34985152,24.34985152,24.02876875,24.13124275,24.13124275,126210000,-1.0827811901814033,24.788319206,23.5958761976,1.3090138644224618
2016-04-22 04:00:00,23.91263419,24.24737946,23.82382443,24.06520462,24.06520462,134732400,-0.27366236660147925,24.788433456,23.647841377,1.306710509177626
2016-04-25 04:00:00,23.91035387,24.0583707,23.79877271,23.9285717,23.9285717,112126400,-0.5677613058251207,24.787181091,23.699669914,1.309071414845903
2016-04-26 04:00:00,23.66214594,23.97867339,23.66214594,23.76234055,23.76234055,224064800,-0.6946973354034269,24.749266147500002,23.7468530654,1.1918136504217047
2016-04-27 04:00:00,21.86090059,22.47801538,21.78803099,22.27534676,22.27534676,458408400,-6.2577749311820146,24.615596199000002,23.752227478,1.73952076176529
2016-04-28 04:00:00,22.22752201,22.28900502,21.4623905,21.59446716,21.59446716,328970800,-3.0566509573833445,24.454372405999997,23.7372436142,1.8274465561843793
2016-04-29 04:00:00,21.40317994,21.56941458,21.06615882,21.34625053,21.34625053,274126000,-1.1494454952784339,24.2693515775,23.725766639599996,1.7905886699858846
2016-05-02 04:00:00,21.39863168,21.42368076,21.04111497,21.32348442,21.32348442,192640400,-0.10665156378636409,24.0703264235,23.7148360824,1.7477698500714014
2016-05-03 04:00:00,21.45100355,21.80168897,21.33259113,21.67416763,21.67416763,227325200,1.6445867996652597,23.903751373,23.707093772800004,1.8307793098068337
2016-05-04 04:00:00,21.67872024,21.83812364,21.3644705,21.44872665,21.44872665,164102000,-1.0401367371910442,23.712810039,23.7048165892,1.7850925846048338
2016-05-05 04:00:00,21.53578341,21.55182062,21.23336609,21.36166382,21.36166382,143562000,-0.4059114157250021,23.545069694,23.694376640199998,1.7567416605504873
2016-05-06 04:00:00,21.39145267,21.40977967,21.04321342,21.24253464,21.24253464,174799600,-0.5576774403146745,23.37000637,23.678548088000003,1.7466054864430094
2016-05-09 04:00:00,21.30667946,21.48308883,21.21274595,21.25856781,21.25856781,131745600,0.07547672757377555,23.191645716999997,23.662357063199998,1.7392284929009536
2016-05-10 04:00:00,21.38228598,21.43727047,21.1027787,21.40290451,21.40290451,134747200,0.67895777970568,23.0043339725,23.6500547408,1.7056139318705217
2016-05-11 04:00:00,21.41665496,21.4372735,21.18296777,21.19442368,21.19442368,114876400,-0.974077279570118,22.788380909,23.6160939788,1.6223161876641006
2016-05-12 04:00:00,21.24253651,21.2562822,20.49794805,20.69726753,20.69726753,305258800,-2.3456931762156685,22.546887016,23.5711881636,1.635950599781036
2016-05-13 04:00:00,20.61936724,21.00197064,20.61936724,20.7385006,20.7385006,177571200,0.199219872576073,22.333072567,23.5236913298,1.640986379640796
2016-05-16 04:00:00,21.16692852,21.62513674,20.99739197,21.50829315,21.50829315,245039200,3.7119007051069186,22.184732437,23.484713287199998,1.9106706658461359
2016-05-17 04:00:00,21.6617911,21.69615531,21.30897061,21.41893959,21.41893959,187667600,-0.41543770757095366,22.038414478,23.4491400908,1.9111472474814348
2016-05-18 04:00:00,21.57244514,21.81300342,21.51058604,21.66408539,21.66408539,168249600,1.1445281824990605,21.9018491745,23.4222955322,1.9437616655212417
2016-05-19 04:00:00,21.68241228,21.68241228,21.43727095,21.58160591,21.58160591,121768400,-0.38071988046203264,21.7743673325,23.393391418399997,1.9404203309317842
2016-05-20 04:00:00,21.68241156,21.86340401,21.65491844,21.81529236,21.81529236,128104000,1.082803805122401,21.6618717195,23.368933296199998,1.973590075740629
2016-05-23 04:00:00,21.96420489,22.26662215,21.91838303,22.09250259,22.09250259,152074400,1.2707151727578303,21.570068264,23.3450552368,2.0112894212553805
2016-05-24 04:00:00,22.27349803,22.47281745,22.18643736,22.42928886,22.42928886,140560800,1.5244369379521672,21.5034156795,23.3267287444,2.0537111650210362
2016-05-25 04:00:00,22.60569908,22.85084037,22.47740135,22.823349,22.823349,152675200,1.756899839578785,21.530815791499997,23.306901588400002,1.541461428479411
2016-05-26 04:00:00,22.83709817,23.07765819,22.59882968,23.00434494,23.00434494,225324800,0.7930297170673617,21.6013096805,23.2843636322,1.350786016987816
2016-05-27 04:00:00,22.78211672,23.01809371,22.73858638,22.99060059,22.99060059,145364800,-0.05974675669248031,21.6835271835,23.262325058000002,1.3095150019912805
2016-05-31 04:00:00,22.81876269,23.00204663,22.64006181,22.87833023,22.87833023,169228800,-0.4883315664612642,21.761269474,23.237494468599998,1.3197191447752352
2016-06-01 04:00:00,22.68589398,22.80502913,22.52781329,22.55759621,22.55759621,116693200,-1.4019118387382457,21.805440902999997,23.206294860800003,1.3394056456033376
2016-06-02 04:00:00,22.36056268,22.41554718,22.13833139,22.3880558,22.3880558,160766400,-0.7515889921145047,21.8524073605,23.1680154036,1.326743236586144
2016-06-03 04:00:00,22.40409503,22.51406405,22.32619871,22.43387794,22.43387794,114019600,0.2046722610008711,21.9060180665,23.1333393858,1.3185131451607328
2016-06-06 04:00:00,22.44991394,23.34342043,22.34910931,22.59654045,22.59654045,93170000,0.7250753099176332,21.973718357000003,23.1040118024,1.3081423017991178
2016-06-07 04:00:00,22.73858029,22.88062545,22.67213989,22.68817711,22.68817711,89638000,0.40553402501046776,22.045198822,23.078702964599998,1.3070096501400563
2016-06-08 04:00:00,22.68588949,22.80960592,22.60799492,22.66756248,22.66756248,83392400,-0.0908606711771287,22.1084317205,23.041641425799998,1.30765178231746
2016-06-09 04:00:00,22.56675114,22.90811572,22.55758677,22.83022118,22.83022118,106405600,0.717583552018497,22.1902215955,22.999270934800002,1.2755241843056058
2016-06-10 04:00:00,22.57362495,22.76149023,22.56217079,22.64235687,22.64235687,126851600,-0.8228755583172931,22.287476062499998,22.9557392118,1.1427923664346546
2016-06-13 04:00:00,22.61028104,22.70879586,22.24600466,22.30098915,22.30098915,152082000,-1.5076510009975896,22.36560049,22.9008256528,1.2238565694296757
2016-06-14 04:00:00,22.29641296,22.56217458,22.16582368,22.3284874,22.3284874,127727600,0.12330506873503566,22.406610202499998,22.8413156508,0.9379094806515906
2016-06-15 04:00:00,22.41096551,22.54613786,22.22997304,22.25517464,22.25517464,117780800,-0.32833733287280786,22.448421954999997,22.7863057708,0.9351412090480922
2016-06-16 04:00:00,22.0970937,22.39492978,22.01003475,22.34910965,22.34910965,125307200,0.42208165749986204,22.482673167999998,22.727936897200003,0.9101866433321675
2016-06-17 04:00:00,22.13604059,22.14291343,21.83362322,21.84049606,21.84049606,244032800,-2.275766676906521,22.4956176755,22.670417404,1.0563158547101381
2016-06-20 04:00:00,21.99399195,22.12458121,21.77176071,21.78779793,21.78779793,137647600,-0.24128632360376212,22.494242954,22.6112973402,1.0303388038144445
2016-06-21 04:00:00,21.75114784,22.07418377,21.69158027,21.97337914,21.97337914,142185600,0.8517667117908578,22.4882867815,22.554249305599996,1.0071149051293111
2016-06-22 04:00:00,22.05127569,22.19790221,21.84508159,21.89090347,21.89090347,116876400,-0.37534358950672697,22.461367512,22.489084586999997,0.9409821261564806
2016-06-23 04:00:00,21.98024337,22.06042944,21.82216101,22.01689911,22.01689911,128960800,0.5755616261917451,22.4210450175,22.4191528702,0.8498117319113914
2016-06-24 04:00:00,21.28606254,21.68699471,21.22649499,21.39832306,21.39832306,301245600,-2.80955118570283,22.3407439235,22.3365764236,1.0017676367140174
2016-06-27 04:00:00,21.30667828,21.31813418,20.96302218,21.08673859,21.08673859,181958400,-1.456116299984489,22.2455508235,22.2580154038,1.028313792506668
2016-06-28 04:00:00,21.28377382,21.45789344,21.10965419,21.44185448,21.44185448,161779600,1.6840721408117876,22.173727036,22.197350578400002,1.1310122623320675
2016-06-29 04:00:00,21.52891702,21.66179784,21.4510207,21.62743187,21.62743187,146124000,0.8654913229314998,22.127218819,22.142993240400003,1.130240328263636
2016-06-30 04:00:00,21.63659342,21.94130057,21.60451898,21.90235329,21.90235329,143345600,1.2711699736358995,22.1029336935,22.093132476999997,1.1685342207292617
2016-07-01 04:00:00,21.87714617,22.10166892,21.84049043,21.96878815,21.96878815,104106000,0.30332293119539333,22.079679204,22.049883384999998,1.170108774355511
2016-07-05 04:00:00,21.85424194,21.85653347,21.64117504,21.76259995,21.76259995,110820800,-0.9385506318881909,22.037982179,22.0038312916,1.167637207238346
2016-07-06 04:00:00,21.67324751,21.91609904,21.62055455,21.88631439,21.88631439,123796400,0.5684727021782132,21.997889043,21.962986145399995,1.172505664327269
2016-07-07 04:00:00,21.92526126,22.10854523,21.90693426,21.9802475,21.9802475,100558400,0.4291865150348073,21.963523294,21.9273442844,1.1801686547493124
2016-07-08 04:00:00,22.10625756,22.19789956,22.00545293,22.1497879,22.1497879,115648400,0.7713307140877257,21.929501629999997,21.9248331072,1.1823006960939921
2016-07-11 04:00:00,22.16582069,22.37201472,22.16123937,22.2185154,22.2185154,95179600,0.3102851382157157,21.9083095565,21.937314072,1.1752102881830198
2016-07-12 04:00:00,22.26204656,22.38347146,22.2505924,22.31932259,22.31932259,96670000,0.453708036676459,21.9092262285,21.9567755132,1.1315169601236348
2016-07-13 04:00:00,22.31703002,22.37659582,22.18643901,22.1933136,22.1933136,103568800,-0.5645735415664266,21.9024675385,21.974172096799997,1.1383332739821521
2016-07-14 04:00:00,22.31244788,22.67901409,22.29641067,22.63319397,22.63319397,155676000,1.982040077151881,21.921368505,21.9933526236,1.2201303704820903
2016-07-15 04:00:00,22.66297386,22.75003452,22.56675057,22.63089943,22.63089943,120548000,-0.01013794165791726,21.935457994,22.016996079200002,1.2177899093962157
2016-07-18 04:00:00,22.6125769,22.94019587,22.58966683,22.87146568,22.87146568,145975600,1.0629990679075663,21.987006474999998,22.0471921164,1.1027461682932247
2016-07-19 04:00:00,22.80960702,22.9104134,22.75920383,22.88063049,22.88063049,95119600,0.040070934360869614,22.041648103,22.0799540334,1.098112528575388
2016-07-20 04:00:00,22.91041331,23.015801,22.85084574,22.90124893,22.90124893,105104000,0.09011307625028664,22.0880415925,22.1128076558,1.0893446676655398
2016-07-21 04:00:00,22.87147105,23.13952252,22.71109707,22.77982903,22.77982903,130808000,-0.5301889882562083,22.1324878705,22.1403461462,1.0942829248743775
2016-07-22 04:00:00,22.74087858,22.75004296,22.52322859,22.60341644,22.60341644,113254800,-0.7744245567763985,22.161813737,22.1685260014,1.1117152690555114
2016-07-25 04:00:00,22.50947469,22.64464525,22.20476586,22.30098915,22.30098915,161531600,-1.3379715885109,22.2069470415,22.200600433800002,0.9421733771448993
2016-07-26 04:00:00,22.18185933,22.4453294,22.09021734,22.14749336,22.14749336,224959200,-0.6882913980521876,22.25998478,22.228780289,0.8845477679553785
2016-07-27 04:00:00,23.8886829,23.90701164,23.54044544,23.58626556,23.58626556,369379200,6.496320719520021,22.367205334,22.2703397372,1.6331090491715214
2016-07-28 04:00:00,23.55878002,23.92992762,23.55648849,23.90472603,23.90472603,159479200,1.3501945409284177,22.481070042,22.320055466,1.6425435051384951
2016-07-29 04:00:00,23.87036337,23.95284101,23.75351976,23.87494469,23.87494469,110934800,-0.12458348178776557,22.579699612,22.364272652,1.6383370696469635
2016-08-01 04:00:00,23.92076102,24.31940168,23.92076102,24.29649162,24.29649162,152671600,1.765645682004724,22.6960847855,22.4185703662,1.6641339359165124
2016-08-02 04:00:00,24.29649148,24.30107279,23.82682735,23.9367981,23.9367981,135266400,-1.4804339886830165,22.804794692999998,22.461000481,1.69324598614809
2016-08-03 04:00:00,24.0124061,24.2483831,24.00324172,24.23692894,24.23692894,120810400,1.2538470631959564,22.922325420499998,22.503889008,1.701821096565006
2016-08-04 04:00:00,24.31984405,24.4165886,24.2507398,24.38664436,24.38664436,109634800,0.6177161321495372,23.0426452635,22.543036118,1.701786003543746
2016-08-05 04:00:00,24.47878238,24.79665986,24.45805215,24.7575016,24.7575016,162213600,1.5207391165645623,23.1730309485,22.581719169999996,1.7154776731353165
2016-08-08 04:00:00,24.76672001,24.96251488,24.68379734,24.96251488,24.96251488,112148800,0.8280854963167883,23.3102309225,22.6208825688,1.7152327932975182
2016-08-09 04:00:00,24.93025917,25.09380403,24.87958295,25.06385803,25.06385803,105260800,0.4059813303554316,23.4474576945,22.662347717599996,1.7154766212421741
2016-08-10 04:00:00,25.04082607,25.08459222,24.82199883,24.87728119,24.87728119,96034000,-0.7444059082072463,23.581656074,22.7023267368,1.722332838637522
2016-08-11 04:00:00,24.99706695,25.09150935,24.84273605,24.86116409,24.86116409,109938000,-0.06478642049710936,23.693054580000002,22.7483980944,1.6956286905512505
2016-08-12 04:00:00,24.82661041,24.97863911,24.82661041,24.91874886,24.91874886,74641600,0.2316253969103732,23.8074470515,22.799011955599997,1.6927812603637096
2016-08-15 04:00:00,24.90953523,25.23201893,24.89571507,25.21819878,25.21819878,103472800,1.201705276947851,23.9247837065,22.8546983724,1.695508831874589
2016-08-16 04:00:00,25.25274431,25.39095284,25.15599974,25.195158,25.195158,135177600,-0.09136568476205698,24.040510082,22.9066707234,1.6976503463563246
2016-08-17 04:00:00,25.13066597,25.19286017,24.95560309,25.15830803,25.15830803,101424000,-0.14625814213984345,24.153363037,22.956073341800003,1.701445291968123
2016-08-18 04:00:00,25.16059926,25.24582583,25.11222523,25.12604713,25.12604713,87938800,-0.12823159634396397,24.270673942,23.0052430348,1.6911722417032777
2016-08-19 04:00:00,25.05464907,25.26656801,24.96020844,25.19055367,25.19055367,101472400,0.2567317479993836,24.4000308035,23.052449684600003,1.6656541332173669
2016-08-22 04:00:00,25.07537908,25.13066143,24.84272993,24.99475861,24.99475861,103280800,-0.7772558815695052,24.5347192765,23.099497719400002,1.6365603521525278
2016-08-23 04:00:00,25.0131879,25.1813407,24.99936775,25.07307816,25.07307816,85030800,0.313343894302176,24.6809985165,23.1549394996,1.6106934288678219
2016-08-24 04:00:00,25.00858388,25.0500461,24.80357675,24.88419724,24.88419724,94700400,-0.753321625668324,24.7458951005,23.206053696400005,0.8652857880353364
2016-08-25 04:00:00,24.73677799,24.84964667,24.57323306,24.7782402,24.7782402,100344800,-0.42580051499382376,24.789570809000004,23.256515007599997,0.8395328203139197
2016-08-26 04:00:00,24.74138404,24.86576893,24.48800286,24.63312149,24.63312149,111065200,-0.585669962146862,24.827479649,23.3021952444,0.8546178129681444
2016-08-29 04:00:00,24.55940994,24.74829297,24.48339559,24.60547829,24.60547829,99881200,-0.11221963895733378,24.8429289825,23.357494889000005,0.767646818518118
2016-08-30 04:00:00,24.37052331,24.53176425,24.30141904,24.41659164,24.41659164,99455600,-0.7676609565308357,24.8669186595,23.4100707632,0.7061563678512496
2016-08-31 04:00:00,24.33827979,24.54789306,24.33367191,24.43963051,24.43963051,118649600,0.09435743669585772,24.877053738,23.459395790600002,0.6521111670298716
2016-09-01 04:00:00,24.44884082,24.6008695,24.32906208,24.58474541,24.58474541,106806000,0.5937687967116467,24.8869587905,23.513272629400003,0.6510227315526921
2016-09-02 04:00:00,24.80817263,24.87727688,24.60546952,24.81508446,24.81508446,107210000,0.9369185897947441,24.8898379335,23.5692363364,0.5916300191786091
2016-09-06 04:00:00,24.85424995,24.9463884,24.76441546,24.80817986,24.80817986,107521600,-0.027824205116577794,24.8821211825,23.637433472399998,0.5596823819523006
2016-09-07 04:00:00,24.83812241,25.05234351,24.66305957,24.96020508,24.96020508,169457200,0.6128027967304606,24.876938535,23.714902802200005,0.5699686397079603
2016-09-08 04:00:00,24.70452446,24.70913059,24.24153008,24.30602646,24.30602646,212008000,-2.620886398582445,24.848375798499998,23.7721862418,0.8026041624467518
2016-09-09 04:00:00,24.10332062,24.35209384,23.75549889,23.75549889,23.75549889,186228000,-2.2649838339721784,24.793092538499998,23.8147475822,0.9354412375387857
2016-09-12 04:00:00,23.64493807,24.35209785,23.61729601,24.28760147,24.28760147,181171200,2.239913303710872,24.761535169000002,23.862452545799997,1.0829685719823783
2016-09-13 04:00:00,24.76441012,25.05925166,24.70221594,24.8657608,24.8657608,248704800,2.380471084039093,24.74391327,23.9203919988,1.1860082563906273
2016-09-14 04:00:00,25.04543391,26.0359172,25.01548791,25.74568176,25.74568176,443554800,3.5386850500065847,24.771439457999996,24.000053635,1.433489381575585
2016-09-15 04:00:00,26.22710449,26.65785064,26.14187613,26.62099457,26.62099457,359934400,3.399843197626784,24.844573785,24.094747238600004,1.6078094187061427
2016-09-16 04:00:00,26.5173397,26.74998708,26.26856647,26.47126961,26.47126961,319547600,-0.5624318791181859,24.911834909,24.1845676808,1.6167338551122108
2016-09-19 04:00:00,26.53346503,26.76150629,26.08659476,26.1626091,26.1626091,188092000,-1.1660208012214013,24.9604376805,24.264824104800006,1.6484968128205881
2016-09-20 04:00:00,26.04052629,26.28699559,25.91613967,26.16030502,26.16030502,138057200,-0.008806766906144237,25.018715001,24.3436598972,1.6333498279555556
2016-09-21 04:00:00,26.22479937,26.25704756,25.90001357,26.15569687,26.15569687,144012800,-0.017615046905894438,25.0728459365,24.4203873828,1.6342516425391116
2016-09-22 04:00:00,26.33997408,26.47587867,26.25935361,26.40216827,26.40216827,124296000,0.942323965692915,25.148744488,24.504564476200002,1.6248281628768668
2016-09-23 04:00:00,26.35609788,26.44132624,25.69500827,25.96220779,25.96220779,209924800,-1.666380107500165,25.207942867499998,24.5711447526,1.677190693408964
2016-09-26 04:00:00,25.7157381,26.11884221,25.69500788,26.00136566,26.00136566,119477600,0.15082642553643222,25.276355076,24.6385540772,1.6659957794401028
2016-09-27 04:00:00,26.02901342,26.07047564,25.87698471,26.04974365,26.04974365,98429600,0.18605941946512328,25.348568344,24.7021196366,1.6635978348057414
2016-09-28 04:00:00,26.18794857,26.40677583,26.12805833,26.24783707,26.24783707,118564400,0.76044287675745,25.4401306155,24.769463768199998,1.647055121304923
2016-09-29 04:00:00,26.06586512,26.21328591,25.75259549,25.84012604,25.84012604,143548000,-1.5533128650283778,25.510155392,24.8282413104,1.7021217636677777
2016-09-30 04:00:00,25.90462655,26.11424157,25.7525996,26.04053116,26.04053116,145516400,0.775557826961748,25.582944679500002,24.893455353,1.7042981595907167
2016-10-03 04:00:00,25.96221175,26.04053004,25.86316322,25.91844559,25.91844559,86807200,-0.46882903136603593,25.638112736,24.959755935999997,1.70571239337968
2016-10-04 04:00:00,26.04283283,26.33076439,25.94378431,26.02901268,26.02901268,118947200,0.4265961460383938,25.699154377000003,25.034316406600002,1.7051028164270046
2016-10-05 04:00:00,26.12115164,26.1810419,25.95760673,26.04053116,26.04053116,85812400,0.04425246605241906,25.753170681,25.112177162600002,1.7035484749414858
2016-10-06 04:00:00,26.19025598,26.33767681,26.05895925,26.23402214,26.23402214,115117200,0.7430377622143602,25.849570465,25.1651322942,1.5683998233378607
2016-10-07 04:00:00,26.3307625,26.38834881,26.14648737,26.27317619,26.27317619,97433600,0.14924913073204316,25.97545433,25.2125012974,1.4406879488091924
2016-10-10 04:00:00,26.49430462,26.8928026,26.42520212,26.73156166,26.73156166,144944000,1.7446899708093433,26.0976523395,25.2696336368,1.4134746065195682
2016-10-11 04:00:00,27.11163408,27.33967713,26.76611622,26.78915215,26.78915215,256164000,0.21544005072542394,26.193821907,25.319486847400004,1.3421729902775634
2016-10-12 04:00:00,27.03100191,27.17612047,26.89279518,27.02869797,27.02869797,150347200,0.8941896281700723,26.257972717500003,25.3813248448,1.1279571164018358
2016-10-13 04:00:00,26.90201937,27.05174412,26.65555004,26.94578552,26.94578552,140769600,-0.30675709977604493,26.274212265,25.435501976399998,0.854429457928423
2016-10-14 04:00:00,27.15309679,27.21989713,26.98033786,27.09551048,27.09551048,142608800,0.5556526080446655,26.3054243085,25.4896792988,0.8478289035419677
2016-10-17 04:00:00,27.02640735,27.14388216,26.89971677,27.07708359,27.07708359,94499600,-0.06800717046316906,26.351148032999998,25.5360709386,0.7940109086918392
2016-10-18 04:00:00,27.22219777,27.22910785,27.05404499,27.05865288,27.05865288,98214000,-0.06806755956098032,26.396065426,25.577993698599997,0.7948427922040426
2016-10-19 04:00:00,27.0079754,27.12545195,26.21328514,26.97803116,26.97803116,80138400,-0.29795171384747743,26.4371821405,25.6162771612,0.8008114075325248
2016-10-20 04:00:00,26.91813646,27.03791517,26.7960538,26.96420479,26.96420479,96503200,-0.05125047827989615,26.4652839665,25.6580156332,0.7801431507070204
2016-10-21 04:00:00,26.90662577,26.9296617,26.78454308,26.85825348,26.85825348,92770800,-0.3929331898535948,26.510086251,25.697957421,0.6721754463050926
2016-10-24 04:00:00,26.97341856,27.12083932,26.95038439,27.1001091,27.1001091,94154800,0.9004890067781268,26.565023423000003,25.7415846258,0.6915584447381244
2016-10-25 04:00:00,27.16922084,27.26366324,27.02180003,27.23832512,27.23832512,192516000,0.5100201607675325,26.6244524965,25.7819871526,0.6947688366598117
2016-10-26 04:00:00,26.33075924,26.65093893,26.10041404,26.62560081,26.62560081,264536800,-2.24949334182849,26.643340683500004,25.810596008799997,0.8753516105714898
2016-10-27 04:00:00,26.57952819,26.6877907,26.28238272,26.36991501,26.36991501,138248000,-0.9603005837298229,26.669830131999998,25.834828148400003,0.8259373365250678
2016-10-28 04:00:00,26.2294126,26.53807437,26.13266626,26.19486046,26.19486046,151446800,-0.663841919602759,26.677546596999996,25.856204415,0.8271230467796822
2016-10-31 04:00:00,26.17873281,26.31233345,26.07507642,26.1533947,26.1533947,105677600,-0.15829731203691466,26.689294052500003,25.8754612356,0.8200955469353253
2016-11-01 04:00:00,26.13496702,26.20637347,25.46005549,25.68118668,25.68118668,175303200,-1.80553241908592,26.6719027525,25.889189797,0.9125788827923065
2016-11-02 04:00:00,25.66045543,25.87928266,25.62129716,25.70421982,25.70421982,113326800,0.0896887682294567,26.6550871855,25.9018126302,0.9129171365171226
2016-11-03 04:00:00,25.69495875,25.80609112,25.36387389,25.4287014,25.4287014,107730400,-1.0718801112400311,26.6148211485,25.912702713400005,0.9189709979563161
2016-11-04 04:00:00,25.12772033,25.52594856,25.03047905,25.19949341,25.19949341,123348000,-0.901375128814097,26.561137009499998,25.9211277776,0.9308118747740167
2016-11-07 05:00:00,25.48658367,25.58614071,25.34303579,25.56298828,25.56298828,130240000,1.4424689579503713,26.5027083405,25.9397251134,0.8994307547075091
2016-11-08 05:00:00,25.53983791,25.86629305,25.39860578,25.71348381,25.71348381,97016800,0.5887243242126861,26.448924923499998,25.9618852238,0.9127039127771159
2016-11-09 05:00:00,25.44028228,25.77368298,25.01658761,25.67181015,25.67181015,236705600,-0.1620692874910734,26.3810805325,25.986989593999997,0.8758279418272831
2016-11-10 05:00:00,25.72042739,25.72042739,24.5025922,24.95638657,24.95638657,228538000,-2.786806134120623,26.281610585,25.9973247152,1.0433123272326277
2016-11-11 05:00:00,24.80126375,25.20643749,24.66929295,25.10456467,25.10456467,136575600,0.5937482158499874,26.1820632945,26.007721100399998,1.0451389048694262
2016-11-14 05:00:00,24.93786148,24.9610139,24.09741612,24.47480583,24.47480583,204702000,-2.5085431604896957,26.0519494065,26.000915527799997,1.1450316221061423
2016-11-15 05:00:00,24.67392304,24.93091909,24.57899754,24.79894829,24.79894829,129058000,1.3243923659761236,25.938964176999995,26.0007308964,1.212852861922073
2016-11-16 05:00:00,24.70401914,25.52131388,24.68086671,25.46574593,25.46574593,235362000,2.6888141876116656,25.8633499155,26.0108417134,1.399267303299308
2016-11-17 05:00:00,25.42407009,25.54909532,25.19717381,25.45648384,25.45648384,110528000,-0.03637077832103763,25.787963868,26.033850861,1.3993985512192777
2016-11-18 05:00:00,25.40323976,25.59309255,25.38934865,25.48195839,25.48195839,113715600,0.10007096879565136,25.7191491135,26.068380051,1.4016069849068287
2016-11-21 05:00:00,25.49584848,25.92880445,25.47038027,25.86860847,25.86860847,117058400,1.5173483689218337,25.657574082000004,26.100000191000003,1.4347287881177402
2016-11-22 05:00:00,25.91954298,26.02836136,25.79220372,25.88481522,25.88481522,103862000,0.06265025820308967,25.589898587,26.1203812794,1.4261696839478415
2016-11-23 05:00:00,25.78294566,25.8176752,25.54447222,25.75284767,25.75284767,109705600,-0.5098261234564805,25.54626093,26.120524597600003,1.3483999438898027
2016-11-25 05:00:00,25.72968856,25.90102044,25.68801348,25.88249779,25.88249779,45903600,0.5034399366677711,25.521890069,26.105754662,1.3422625655351728
2016-11-28 05:00:00,25.79915209,26.03994131,25.78989077,25.83156586,25.83156586,108776000,-0.19678135554472842,25.503725339,26.092960586999997,1.3357024396798678
2016-11-29 05:00:00,25.64865421,25.93806402,25.48426965,25.80609322,25.80609322,114115200,-0.09861051450792413,25.486360265000002,26.0858302694,1.3355409985772824
2016-11-30 05:00:00,25.83850568,25.97742203,25.53057324,25.5884552,25.5884552,144649200,-0.8433590398384316,25.481723691000003,26.074393273000002,1.2856899903985515
2016-12-01 05:00:00,25.55372308,25.68569385,25.24347492,25.34997749,25.34997749,148347600,-0.9319738457677529,25.4640115745,26.0582788854,1.3017083448141804
2016-12-02 05:00:00,25.27589584,25.48890105,25.201807,25.44491196,25.44491196,106112000,0.374495283230325,25.4648221025,26.0391337592,1.2826470158914147
2016-12-05 05:00:00,25.46807027,25.47501583,25.06289643,25.26201057,25.26201057,137298000,-0.71881321612558,25.4679479605,26.025129814800003,1.2764467231798717
2016-12-06 05:00:00,25.35229703,25.5514111,25.28052396,25.45648384,25.45648384,104782000,0.7698249886370689,25.4626227385,26.014232178400004,1.245484630694296
2016-12-07 05:00:00,25.2967356,25.74358446,25.27358317,25.70653915,25.70653915,119994800,0.9822853445576207,25.462275505500003,26.0073680884,1.2585405740425348
2016-12-08 05:00:00,25.66718055,26.03067925,25.60698281,25.95890617,25.95890617,108273200,0.981723049249883,25.476630306500002,26.0015894704,1.2763535710779015
2016-12-09 05:00:00,26.00289333,26.55624477,26.00289333,26.38259888,26.38259888,137610400,1.6321670382616116,25.547940922000002,26.0124389272,1.1312221576408676
2016-12-12 05:00:00,26.22979139,26.62570382,26.0445684,26.23210716,26.23210716,105497600,-0.5704203770238947,25.604318046500005,26.0162704472,1.1443387316151992
2016-12-13 05:00:00,26.35713464,26.83871309,26.33629798,26.66969872,26.66969872,174935200,1.6681525328139157,25.714062691,26.031295509800003,0.989670334385104
2016-12-14 05:00:00,26.63496918,26.90354062,26.62107807,26.66969872,26.66969872,136127200,0.0,25.8076002125,26.0441092306,0.9711604766575249
2016-12-15 05:00:00,26.71368275,27.02624676,26.67895499,26.81555557,26.81555557,186098000,0.5469010037620681,25.8750906945,26.0596097188,0.8058833609691636
2016-12-16 05:00:00,26.96605041,26.97299597,26.77619764,26.85028648,26.85028648,177404400,0.12951777153875632,25.9447808265,26.071935005599997,0.8035048236072252
2016-12-19 05:00:00,26.81092858,27.17674128,26.79935148,27.00541115,27.00541115,111117600,0.5777393478298531,26.020953464500003,26.086579704800002,0.8052870362751929
2016-12-20 05:00:00,27.02856784,27.20452955,27.01467673,27.07718849,27.07718849,85700000,0.26578873249261115,26.081382465500003,26.0934922414,0.7520746245568337
2016-12-21 05:00:00,27.04244801,27.18136434,27.03781646,27.10264397,27.10264397,95132800,0.09401079439765869,26.142273903,26.099762077799998,0.7517372315493501
2016-12-22 05:00:00,26.93826092,26.97530621,26.77387638,26.92436981,26.92436981,104343600,-0.6577740540639865,26.20085001,26.0976755146,0.7601110190489176
2016-12-23 05:00:00,26.76230581,26.9776268,26.76230581,26.9776268,26.9776268,56998000,0.19780217838272218,26.2556064605,26.0983123402,0.757294379076604
2016-12-27 05:00:00,26.97762442,27.27398155,26.97067886,27.1489563,27.1489563,73187600,0.6350799544754482,26.321475982499997,26.0993812566,0.7566129654957399
2016-12-28 05:00:00,27.20915157,27.32491549,26.90353489,27.03319168,27.03319168,83623600,-0.4264054158133357,26.382830905500004,26.0985034184,0.768065068404523
2016-12-29 05:00:00,26.96142345,27.11423271,26.94984812,27.02625275,27.02625275,60158000,-0.025668186287952643,26.454720783,26.097855415799998,0.7283601809878798
2016-12-30 05:00:00,27.00772411,27.13506337,26.72525985,26.81555557,26.81555557,122345200,-0.7796019002301424,26.527999686999998,26.094605904,0.715745054052536
2017-01-03 05:00:00,26.81092765,26.93363714,26.57013846,26.89196205,26.89196205,115127600,0.2849334215752064,26.6003521915,26.0931610492,0.7154281183529233
2017-01-04 05:00:00,26.82250096,26.97531019,26.79934853,26.86186028,26.86186028,84472400,-0.11193593812170999,26.680344677,26.093233185199995,0.6829986355946307
2017-01-05 05:00:00,26.8387079,27.05634464,26.81323969,26.99846268,26.99846268,88774400,0.5085366336363029,26.757443619000004,26.091200256800004,0.6761993692569892
2017-01-06 05:00:00,27.03781854,27.35732806,26.96604548,27.29944611,27.29944611,127007600,1.1148169196424806,26.837088967,26.0924226766,0.6838779297005054
2017-01-09 05:00:00,27.30871222,27.65137425,27.30639821,27.54950142,27.54950142,134247600,0.9159721006515298,26.916618729499998,26.1109006888,0.6805949547694006
2017-01-10 05:00:00,27.49856157,27.63979369,27.38974496,27.57728195,27.57728195,97848400,0.1008385944140322,26.976352882999997,26.135048027599996,0.6047473998152686
2017-01-11 05:00:00,27.49161832,27.76713705,27.45920456,27.72546196,27.72546196,110354400,0.5373263770833692,27.051020623,26.165660057599997,0.5783679987292627
2017-01-12 05:00:00,27.52866294,27.62127444,27.36890816,27.60969734,27.60969734,108344800,-0.4175390122156175,27.098020553999998,26.194786110399995,0.49697875808276737
2017-01-13 05:00:00,27.57728209,27.69536179,27.50782303,27.56107521,27.56107521,104447600,-0.176105262586701,27.1425893785,26.232383881,0.5017704946309455
2017-01-17 05:00:00,27.3990034,27.83890664,27.37122119,27.78334045,27.78334045,137759200,0.8064461865383121,27.1909786225,26.2739662936,0.5153213696648256
2017-01-18 05:00:00,27.78333498,27.89909888,27.71619171,27.78101921,27.78101921,94852000,-0.008354790901321518,27.237515259000002,26.3210126498,0.5169334317335047
2017-01-19 05:00:00,27.64442667,27.80417969,27.63748111,27.73240662,27.73240662,102389200,-0.17498490473849548,27.273865032499998,26.371670914000003,0.5132107182749975
2017-01-20 05:00:00,27.88752727,27.88752727,27.72082872,27.78334045,27.78334045,130391600,0.18366177410391593,27.3091726305,26.4160779574,0.5124300466734216
2017-01-23 05:00:00,27.78334578,27.9708828,27.73009359,27.80186844,27.80186844,88200800,0.06668740943278628,27.344133854,26.45784565,0.5125675985548832
2017-01-24 05:00:00,27.67915453,27.80649378,27.66757743,27.7763958,27.7763958,92844000,-0.09162204351471637,27.386735153500002,26.499937363000004,0.4815421742983238
2017-01-25 05:00:00,27.88058412,28.26955099,27.84817036,28.21861458,28.21861458,129510400,1.5920668152345385,27.448784542500004,26.565181923199997,0.5788529428569992
2017-01-26 05:00:00,28.169998,28.34827547,28.15379112,28.23251152,28.23251152,105350400,0.04924742127434545,27.502962303500006,26.627740860200003,0.5718809139694302
2017-01-27 05:00:00,28.27881027,28.3274309,28.15378502,28.23481941,28.23481941,82251600,0.008174582691178323,27.56304369,26.702941131800003,0.5549359444830484
2017-01-30 05:00:00,27.99866537,28.16073418,27.93615363,28.16073418,28.16073418,121510000,-0.26238960102490383,27.619767761500004,26.770176849600002,0.5628996489742593
2017-01-31 05:00:00,28.04960234,28.10516854,27.92689285,28.09590721,28.09590721,196804000,-0.23020340870956169,27.6837853435,26.822780075199997,0.5242838030049488
2017-02-01 05:00:00,29.41097789,30.21206568,29.40634811,29.80920601,29.80920601,447940000,6.098036938953855,27.829647541499998,26.9098345186,1.4125056142023558
2017-02-02 05:00:00,29.63094052,29.95739393,29.58463388,29.7582798,29.7582798,134841600,-0.17084054497431556,27.974468517499997,26.995360946799998,1.4139652044839472
2017-02-03 05:00:00,29.70733886,29.91108451,29.6726111,29.8856163,29.8856163,98029200,0.427902758008214,28.1188261985,27.075701103399997,1.4141220286224814
2017-02-06 05:00:00,29.89719233,30.21438435,29.84393838,30.16576195,30.16576195,107383600,0.9373929156682781,28.262141990500005,27.161320038000003,1.410736449680719
2017-02-07 05:00:00,30.22364413,30.582513,30.20280747,30.45285797,30.45285797,152735200,0.9517280567149733,28.407309817999998,27.255320244,1.4113011038745464
2017-02-08 05:00:00,30.41118685,30.61261496,30.3810871,30.57093811,30.57093811,92016400,0.38774731789155137,28.556992626000003,27.349089050400003,1.4083636267158706
2017-02-09 05:00:00,30.61278924,30.79881527,30.48954776,30.7918396,30.7918396,113399600,0.7225865598404324,28.710311507999997,27.448294525199998,1.409053061139467
2017-02-10 05:00:00,30.8011456,30.9127598,30.70580677,30.72208214,30.72208214,80262000,-0.22654528247152417,28.865930748000004,27.5466143036,1.4028914438611255
2017-02-13 05:00:00,30.94531097,31.11738566,30.8685751,30.99414063,30.99414063,92141600,0.8855470431992085,29.037584019,27.6547280122,1.3942476245084734
2017-02-14 05:00:00,31.03599293,31.41269298,30.98483569,31.39641762,31.39641762,132904800,1.2979130307314568,29.218237877499995,27.7756568148,1.4024289632473186
2017-02-15 05:00:00,31.51269784,31.68709662,31.30341718,31.51037025,31.51037025,142492400,0.36294787315929167,29.4047054295,27.896965980599997,1.3960859042000557
2017-02-16 05:00:00,31.5475719,31.60105319,31.35457018,31.4731636,31.4731636,90338400,-0.11807747641430222,29.5917432785,28.0211890412,1.3943928060978144
2017-02-17 05:00:00,31.41503178,31.58477891,31.41503178,31.55920029,31.55920029,88792800,0.2733652425077393,29.7805362705,28.143243370199997,1.3929790731089762
2017-02-21 05:00:00,31.67777918,31.79869661,31.61964628,31.78706932,31.78706932,98028800,0.7220367686953333,29.9797963145,28.264853973599998,1.386274771213871
2017-02-22 05:00:00,31.72428481,31.88473218,31.64987654,31.88240814,31.88240814,83347600,0.29992956897102463,30.1850969315,28.383324013000003,1.377528644887485
2017-02-23 05:00:00,31.94521199,31.96846304,31.69407729,31.74755859,31.74755859,83152800,-0.4229591108922959,30.361544132,28.490623207200002,1.3825621116349192
2017-02-24 05:00:00,31.60338746,31.77778625,31.45689134,31.77778625,31.77778625,87106400,0.09521254969671045,30.538807868499998,28.601536789,1.381636860582148
2017-02-27 05:00:00,31.88939222,31.95915243,31.68941484,31.84055901,31.84055901,81029600,0.19753660467773937,30.7190948485,28.704953994799997,1.3779975240146392
2017-02-28 05:00:00,31.87544398,31.95915553,31.78708081,31.85451698,31.85451698,93931600,0.04383707583657248,30.9037839885,28.808650359999998,1.369451877294499
2017-03-01 05:00:00,32.06379123,32.58931152,31.99635861,32.50559998,32.50559998,145658400,2.043926769973581,31.124268627000003,28.9224512482,1.3888273433524903
2017-03-02 05:00:00,32.55443438,32.61954296,32.26609382,32.312603,32.312603,104844000,-0.5937345568724939,31.2494384765,29.031697578599996,0.6276714308141121
2017-03-03 05:00:00,32.27074137,32.5149003,32.22655979,32.50327301,32.50327301,84432400,0.5900793879094035,31.386688137000004,29.141654815800003,0.613782111154411
2017-03-06 05:00:00,32.40793468,32.50094947,32.22888787,32.40095901,32.40095901,87000000,-0.3147806067669623,31.5124552725,29.2481302262,0.6368355257830614
2017-03-07 05:00:00,32.33584016,32.54976878,32.27305564,32.44280624,32.44280624,69785200,0.12915429443642878,31.626307487,29.354933471600003,0.6269601257468165
2017-03-08 05:00:00,32.31027212,32.50792544,32.28004542,32.32189941,32.32189941,74828800,-0.37267685509563275,31.719759559,29.4628840636,0.6318040809059837
2017-03-09 05:00:00,32.26144099,32.27306474,31.86846195,32.24748611,32.24748611,88623600,-0.23022564069047347,31.803586958999993,29.568281249800002,0.6423183705007829
2017-03-10 05:00:00,32.38003266,32.40561129,32.23818821,32.35445404,32.35445404,78451200,0.3317093606463484,31.881717680999998,29.672391204600004,0.6336874391991272
2017-03-13 04:00:00,32.28702044,32.42188567,32.28004478,32.36840439,32.36840439,69686800,0.04311724742056544,31.9640337935,29.7790954588,0.6258409637172476
2017-03-14 04:00:00,32.39166051,32.47304446,32.28469439,32.31957626,32.31957626,61236400,-0.15085121098860066,32.030305575,29.884961929,0.6144001423673254
2017-03-15 04:00:00,32.41723331,32.72882482,32.32887016,32.66139221,32.66139221,102767200,1.057612721312351,32.0935543045,30.001878661800003,0.5940462673414758
2017-03-16 04:00:00,32.72186519,32.79162542,32.61489904,32.71488953,32.71488953,76928000,0.16379375274646613,32.1537802685,30.1183372114,0.5928276770188983
2017-03-17 04:00:00,32.78695678,32.78695678,32.52884656,32.55210114,32.55210114,175540000,-0.49759724803815075,32.207727145499994,30.232142028600002,0.609040216416371
2017-03-20 04:00:00,32.64744579,32.90323205,32.60791583,32.89393234,32.89393234,86168000,1.0501048719707917,32.274463748,30.3500514218,0.6399319272402433
2017-03-21 04:00:00,33.04508668,33.20553415,32.49165998,32.51723862,32.51723862,158119600,-1.1451769162360903,32.310972213,30.454407271999997,0.6950192865157592
2017-03-22 04:00:00,32.51955165,32.92648202,32.4986211,32.88462448,32.88462448,103440800,1.1298187533489878,32.361083029999996,30.561109733199995,0.7304545058177841
2017-03-23 04:00:00,32.8474124,32.92182422,32.69626828,32.76835251,32.76835251,81385200,-0.35357548349294055,32.41212272599999,30.6649311444,0.7277127521889666
2017-03-24 04:00:00,32.90321673,32.95902558,32.63580685,32.70323944,32.70323944,89582400,-0.19870718242588348,32.4583953855,30.764486694000002,0.7320631684463939
2017-03-27 04:00:00,32.41259402,32.83812746,32.23354361,32.75906754,32.75906754,94300400,0.170711222973563,32.504320811999996,30.867474098000002,0.7319886697174339
2017-03-28 04:00:00,32.76602557,33.493847,32.69858942,33.43804169,33.43804169,133499200,2.0726296594704596,32.5834970475,30.985013427600002,0.8485518639395694
2017-03-29 04:00:00,33.41014812,33.59850175,33.29620987,33.51246262,33.51246262,116760000,0.22256366174175923,32.6338401795,31.099595871000002,0.7357014796598565
2017-03-30 04:00:00,33.5287413,33.60082554,33.36829388,33.46828079,33.46828079,84829200,-0.13183701389235525,32.691624069,31.213341102599998,0.7179905404471169
2017-03-31 04:00:00,33.41945365,33.54734679,33.2543546,33.40550232,33.40550232,78646800,-0.18757602278381968,32.7367355345,31.326803016600003,0.7155694511845326
2017-04-03 04:00:00,33.41713395,33.51246926,33.26366217,33.41480637,33.41480637,79942800,0.02785184880884639,32.7874279025,31.439432335000003,0.7081866771558186
2017-04-04 04:00:00,33.31016322,33.69151503,33.29156026,33.66361237,33.66361237,79565600,0.7445980600485624,32.848468209,31.556667213599997,0.720203190665694
2017-04-05 04:00:00,33.53571384,33.82405436,33.44037502,33.48920822,33.48920822,110871600,-0.5180791297235365,32.9068336495,31.670923461999998,0.7268567081679929
2017-04-06 04:00:00,33.55199487,33.60547971,33.3566691,33.40550232,33.40550232,84596000,-0.24994887741184302,32.96473446,31.7746612168,0.7274557706466133
2017-04-07 04:00:00,33.42177623,33.52641477,33.31481365,33.33108902,33.33108902,66688800,-0.222757614261182,33.013566209,31.8766327668,0.7318839371036778
2017-04-10 04:00:00,33.3915516,33.45666019,33.22877658,33.29156113,33.29156113,75733600,-0.11859165470495814,33.059724046,31.9777676012,0.73403246736184
2017-04-11 04:00:00,33.23807999,33.33341884,32.5683876,32.93346405,32.93346405,121517600,-1.0756391945744737,33.0904184355,32.0732221986,0.7811496934832827
2017-04-12 04:00:00,32.92649013,33.05437972,32.78929373,32.97299576,32.97299576,81400000,0.12003508024538423,33.105998613,32.170763969599996,0.7478925421003972
2017-04-13 04:00:00,32.99857282,33.107863,32.79859543,32.79859543,32.79859543,71291600,-0.5289186680804137,33.110183907999996,32.230551758,0.7583190776715071
2017-04-17 04:00:00,32.89857391,32.99158869,32.75672947,32.9799614,32.9799614,66328400,0.552968709855528,33.131576921000004,32.29498539,0.7572921873470566
2017-04-18 04:00:00,32.88229878,33.02879129,32.81253858,32.83346558,32.83346558,58790000,-0.4441964568217993,33.128553583,32.3539423756,0.7284654721269849
2017-04-19 04:00:00,32.99159963,33.0195023,32.65907745,32.71255875,32.71255875,69313600,-0.36824266907009573,33.1383195895,32.404878311599994,0.683911566499559
2017-04-20 04:00:00,32.83812956,33.23343277,32.82417823,33.12181854,33.12181854,93278400,1.2510785020752868,33.1501792925,32.458257523,0.6946085263229953
2017-04-21 04:00:00,33.12182062,33.17762596,32.98462775,33.08229065,33.08229065,69283600,-0.1193409412356572,33.165876199500005,32.5084845738,0.6896115736765495
2017-04-24 04:00:00,33.36828648,33.47292499,33.29387466,33.40084076,33.40084076,68537200,0.9629022166879553,33.200756265500004,32.560664597,0.7159810779335436
2017-04-25 04:00:00,33.46362724,33.69383128,33.45432399,33.60779572,33.60779572,75486000,0.6196100316368192,33.2431926745,32.6183788686,0.7250290860233028
2017-04-26 04:00:00,33.5938583,33.62408856,33.34039957,33.41015625,33.41015625,80164800,-0.5880762655385396,33.241798402499995,32.666699181,0.5793806058304914
2017-04-27 04:00:00,33.46595642,33.52176529,33.32411196,33.43572617,33.43572617,56985200,0.07653337448849662,33.237961580000004,32.707485352000006,0.5773104113410683
2017-04-28 04:00:00,33.50548604,33.55431925,33.31481192,33.40317154,33.40317154,83441600,-0.09736480623893096,33.234706117500004,32.7453413778,0.5769785028937926
2017-05-01 04:00:00,33.74034586,34.22866023,33.70779157,34.08449173,34.08449173,134411600,2.039687127266121,33.268655588,32.7975679404,0.7340809583350576
2017-05-02 04:00:00,34.30771114,34.43560423,34.14493973,34.30073547,34.30073547,181408800,0.6344343982388478,33.312952042999996,32.852398644,0.7432769245567015
2017-05-03 04:00:00,33.85428413,34.29609642,33.54734418,34.19610596,34.19610596,182788000,-0.3050357625465905,33.3395767225,32.9005793768,0.7348687643684151
2017-05-04 04:00:00,34.07054812,34.21471665,33.90544904,34.07287216,34.07287216,93487600,-0.36037378099174067,33.3687599195,32.9443886572,0.7289236730781277
2017-05-05 04:00:00,34.12635161,34.64257227,34.12635161,34.63792419,34.63792419,109310800,1.6583633670405495,33.430381013,33.002195969199995,0.8033296846846103
2017-05-08 04:00:00,34.65419117,35.74011354,34.65419117,35.57966614,35.57966614,195009600,2.7188175158368244,33.542809869,33.078233567,0.9756659472182206
2017-05-09 04:00:00,35.77964613,36.01450538,35.68198325,35.80755234,35.80755234,156521600,0.6404956109012039,33.6686094295,33.1575734336,0.9719958943530667
2017-05-10 04:00:00,35.72383743,35.79592167,35.37038834,35.63779831,35.63779831,103222800,-0.4740732580326923,33.8038261425,33.233239060200006,0.9334704611873545
2017-05-11 04:00:00,35.59578472,35.97404344,35.56309605,35.94602203,35.94602203,109020400,0.8648786811095155,33.952477456000004,33.3020475012,0.9365885436992758
2017-05-12 04:00:00,36.12113451,36.52274018,36.11413005,36.44802475,36.44802475,130108000,1.3965459643379585,34.134948922,33.3847559362,0.9310506169169769
2017-05-15 04:00:00,36.42700367,36.57643808,36.20285385,36.35462189,36.35462189,104038800,-0.2562631600495857,34.3036819465,33.4617829138,0.9475734415519932
2017-05-16 04:00:00,36.41065985,36.43867769,36.12579998,36.30091858,36.30091858,80194000,-0.14772072217527077,34.4770545965,33.5397821052,0.934375369361439
2017-05-17 04:00:00,35.86428621,36.09077319,34.95600466,35.08208847,35.08208847,203070800,-3.3575737410444284,34.5955310825,33.5925677498,1.263083404691882
2017-05-18 04:00:00,35.32026292,35.80358851,35.28757425,35.61679459,35.61679459,134272800,1.5241570365950308,34.720279885000004,33.6584656534,1.2746699488272528
2017-05-19 04:00:00,35.81291629,35.95300901,35.63779772,35.73819733,35.73819733,107843200,0.34085812998478904,34.853075219,33.7282798778,1.2694856662816887
2017-05-22 04:00:00,35.9576826,36.09310807,35.70317778,35.95534897,35.95534897,91865600,0.6076177765623303,34.980800629499996,33.8002977764,1.2635859275216095
2017-05-23 04:00:00,36.16783017,36.16783017,35.79657956,35.91099167,35.91099167,79675600,-0.12336773601339113,35.095960427,33.871149521999996,1.2669879934528625
2017-05-24 04:00:00,35.9203308,35.99738342,35.64714618,35.80358505,35.80358505,76712000,-0.299091211367819,35.215631867,33.9408296978,1.2574632971376656
2017-05-25 04:00:00,35.89464136,36.03940848,35.73119804,35.92733002,35.92733002,76942400,0.34562172985521666,35.3402120595,34.006148454,1.255775833553631
2017-05-26 04:00:00,35.9576768,36.01371602,35.79656716,35.8666153,35.8666153,87710400,-0.16899313131869542,35.4633842475,34.0691829694,1.2572727249171445
2017-05-30 04:00:00,35.82226906,36.05809421,35.80125567,35.88064194,35.88064194,80507600,0.039107788350456474,35.553191758000004,34.1357537854,1.1949734200029307
2017-05-31 04:00:00,35.95068192,35.9973795,35.57943133,35.66815567,35.66815567,97804800,-0.5922030892181906,35.621562768000004,34.191238252,1.2063800251848655
2017-06-01 04:00:00,35.76389028,35.80124977,35.54207408,35.76622391,35.76622391,65616400,0.274946203855686,35.7000686655,34.2562179578,1.2004919374330305
2017-06-02 04:00:00,35.8596177,36.29624557,35.69850803,36.29624557,36.29624557,111082800,1.4819055579748053,35.811237336,34.3244503796,1.2231455217358684
2017-06-05 04:00:00,36.03706994,36.06275414,35.83159988,35.94133759,35.94133759,101326800,-0.977809066548041,35.876408006,34.3879100812,1.213753451921475
2017-06-06 04:00:00,35.93433457,36.38030412,35.90631673,36.06275558,36.06275558,106499600,0.3378226803494977,35.900562478,34.455100404,1.0598719336377354
2017-06-07 04:00:00,36.19583372,36.41998344,36.06974638,36.27755356,36.27755356,84278400,0.5956227596737529,35.924062539,34.5254701244,1.0586538204506921
2017-06-08 04:00:00,36.24954545,36.3172564,36.0510763,36.18883896,36.18883896,85003200,-0.24454405353788733,35.9516145715,34.5804860698,1.0536708564591437
2017-06-09 04:00:00,36.23554033,36.23554033,34.09442407,34.78555679,34.78555679,259530800,-3.877665629314786,35.893591309499996,34.6059479532,1.3579475582422031
2017-06-12 04:00:00,34.0290456,34.11076548,33.27486565,33.95432663,33.95432663,289229200,-2.3895841743115653,35.7689064035,34.61566887,1.3936954644519117
2017-06-13 04:00:00,34.36060037,34.42831132,33.89128031,34.22750854,34.22750854,136661600,0.8045569949799436,35.662550736,34.6321089944,1.417212450756339
2017-06-14 04:00:00,34.4399848,34.4399848,33.58540534,33.89361572,33.89361572,126124800,-0.9755101502927022,35.542185593,34.6416851814,1.4248650985029314
2017-06-15 04:00:00,33.46399964,33.73484704,33.20482396,33.69048309,33.69048309,128661600,-0.5993241667637594,35.472605324,34.6422225958,1.2378979478970908
2017-06-16 04:00:00,33.57138936,33.73950343,33.20247256,33.21881866,33.21881866,201444400,-1.399993074424044,35.3527065275,34.6368148046,1.1961696753114122
2017-06-19 04:00:00,33.5433882,34.26254241,33.5433882,34.16914368,34.16914368,130165600,2.860803178242821,35.274253845000004,34.6520876318,1.388955105143641
2017-06-20 04:00:00,34.29288722,34.29288722,33.84225044,33.85859299,33.85859299,99600400,-0.9088629580780827,35.169416045999995,34.6626377112,1.38306443222746
2017-06-21 04:00:00,33.97768639,34.10610743,33.76520825,34.05940628,34.05940628,85063200,0.5930940191735345,35.0768367765,34.6779946142,1.3968401687699377
2017-06-22 04:00:00,34.03605705,34.25320243,33.88428543,34.00336838,34.00336838,76425200,-0.164529879174391,34.986825943,34.699392700800004,1.3969407081143932
2017-06-23 04:00:00,33.88661474,34.36060209,33.88194391,34.15512848,34.15512848,141757600,0.4463090194595676,34.898215866,34.7230353552,1.3993729916014044
2017-06-26 04:00:00,34.3629447,34.62212042,33.94499647,34.04773331,34.04773331,102769600,-0.31443351197724123,34.807271766499994,34.7480181128,1.3993447367294591
2017-06-27 04:00:00,33.85859935,34.1271167,33.53404632,33.55973053,33.55973053,99047600,-1.433290068260329,34.691226195999995,34.7596134954,1.42185622054483
2017-06-28 04:00:00,33.73717879,34.11543377,33.42663475,34.05005646,34.05005646,88329600,1.4610544311780993,34.6103212355,34.783945313000004,1.4746288102764096
2017-06-29 04:00:00,33.7885494,33.88661538,33.22116332,33.54804993,33.54804993,125997600,-1.4743192293667162,34.4994125365,34.8006551366,1.4953660442937204
2017-06-30 04:00:00,33.72784102,33.84692395,33.57140217,33.62744141,33.62744141,92096400,0.23665005914101922,34.36597232850001,34.810767594,1.441842624916751
2017-07-03 04:00:00,33.82825431,33.92632032,33.41263966,33.50603485,33.50603485,57111200,-0.361034187881748,34.2442071915,34.819242478,1.4347638400415865
2017-07-05 04:00:00,33.55038461,33.80722305,33.32389763,33.64377975,33.64377975,86278400,0.4111047475974461,34.1232584,34.824101257799995,1.4366792320699662
2017-07-06 04:00:00,33.39396271,33.50603766,33.25153273,33.32624817,33.32624817,96515200,-0.9438047162343643,33.9756931305,34.8184703068,1.4252935374752091
2017-07-07 04:00:00,33.36592616,33.79788676,33.36592616,33.66479492,33.66479492,76806800,1.015856175207741,33.8494909285,34.8235630802,1.460592401326154
2017-07-10 04:00:00,33.64845361,34.07807703,33.47566865,33.87026978,33.87026978,84362400,0.6103552999157991,33.803726577999996,34.832253952399995,1.21416668269545
2017-07-11 04:00:00,33.79322849,34.05474143,33.71150859,33.98002243,33.98002243,79127200,0.3240383106272393,33.805011368,34.843790970200004,1.0935619738194535
2017-07-12 04:00:00,34.05940039,34.13178218,33.81423719,34.02904892,34.02904892,99538000,0.14428033442590582,33.795088387,34.842682114,1.0781525469375368
2017-07-13 04:00:00,33.97300985,34.67115065,33.95900093,34.5030365,34.5030365,100797600,1.3928910593837385,33.825559426,34.8467281346,1.097978718936116
2017-07-14 04:00:00,34.54972657,34.86727506,34.4002922,34.79956055,34.79956055,80528400,0.8594143590811232,33.881013299,34.8587972264,1.0978902181720185
2017-07-17 04:00:00,34.74820096,35.23386006,34.68982809,34.92098236,34.92098236,95174000,0.34891765321445334,33.966121484,34.875759430399995,1.0342518933901386
2017-07-18 04:00:00,34.83692293,35.05407183,34.71317275,35.04239655,35.04239655,71475200,0.3476826303118852,34.0097841275,34.8838488776,0.8343791622914931
2017-07-19 04:00:00,35.13579159,35.35527412,35.01204141,35.26187897,35.26187897,83692000,0.6263339314901861,34.079948426499996,34.8774931342,0.8038780060798902
2017-07-20 04:00:00,35.37395457,35.4299938,35.06808135,35.10310364,35.10310364,68974800,-0.45027472907804844,34.1321332945,34.863404160200005,0.8112786037945295
2017-07-21 04:00:00,35.02138796,35.12645841,34.76221228,35.08676529,35.08676529,105010400,-0.04654389015728011,34.18630314,34.8523834998,0.8092657245061406
2017-07-24 04:00:00,35.15914412,35.59343837,35.00036807,35.51171494,35.51171494,85972800,1.2111394324546332,34.254132463000005,34.843697358,0.840954701230817
2017-07-25 04:00:00,35.44401531,35.92033647,35.44401531,35.66349792,35.66349792,75415600,0.427416643370937,34.3349206935,34.8280068214,0.833476288241351
2017-07-26 04:00:00,35.80592361,35.94134555,35.73820908,35.83160782,35.83160782,63124000,0.4713780470359641,34.448514558,34.817546539999995,0.7358764161166104
2017-07-27 04:00:00,35.89930676,35.95534598,34.39328777,35.15446854,35.15446854,129905200,-1.8897820142529054,34.503735162,34.794617539200004,0.8391634758941826
2017-07-28 04:00:00,34.9980325,35.07741873,34.8345892,34.90697098,34.90697098,68854800,-0.7040287345501883,34.5716812145,34.791115189399996,0.7753042763853559
2017-07-31 04:00:00,35.00035735,35.10076049,34.58708016,34.72717285,34.72717285,79383600,-0.5150780057742943,34.6266677865,34.7733227546,0.7915667701649648
2017-08-01 04:00:00,34.81358797,35.07509734,34.65247825,35.03540421,35.03540421,141474400,0.8875797673809194,34.703136254499995,34.759266892199996,0.7971958507597234
2017-08-02 04:00:00,37.19052477,37.30026606,36.46203245,36.69085312,36.69085312,279747200,4.725074384977379,34.85548992300001,34.7739769752,1.2844815441457798
2017-08-03 04:00:00,36.66983471,36.7071942,36.19584732,36.32426834,36.32426834,108389200,-0.999117624223822,35.0053909315,34.7822425086,1.287678285436485
2017-08-04 04:00:00,36.4410202,36.75156076,36.35229229,36.51573563,36.51573563,82239600,0.5271057030188153,35.147937967000004,34.7964855202,1.2807813376581014
2017-08-07 04:00:00,36.67216241,37.1064566,36.5811009,37.0807724,37.0807724,87481200,1.5473788498342245,35.308463098000004,34.8195543678,1.3052111635929415
2017-08-08 04:00:00,37.03174914,37.7859256,36.95469652,37.37731552,37.37731552,144823600,0.7997220683569228,35.4783277525,34.849768372199996,1.306901839873719
2017-08-09 04:00:00,37.18584718,37.65516728,37.15082489,37.60613251,37.60613251,104526000,0.6121814443243334,35.657181932,34.8842781836,1.3046567809795147
2017-08-10 04:00:00,37.48190498,37.50534726,36.24657518,36.40831757,36.40831757,163217200,-3.185158536793131,35.7524459855,34.8990814216,1.5244981085709972
2017-08-11 04:00:00,36.70834257,37.17012722,36.58410645,36.91461945,36.91461945,105028400,1.390621467269293,35.8581989305,34.9220493324,1.5396748446394486
2017-08-14 04:00:00,37.34594436,37.55456767,37.21232987,37.47018051,37.47018051,88490800,1.5049892651676888,35.985658838,34.9455280312,1.562872380492627
2017-08-15 04:00:00,37.66004954,38.02103686,37.53815619,37.88039398,37.88039398,117862000,1.0947731353750045,36.12755870950001,34.984309159000006,1.571356158907986
2017-08-16 04:00:00,37.96008525,38.09369613,37.54049234,37.72801971,37.72801971,110686400,-0.402251016925681,36.250865746500004,35.017614441599996,1.5804262719368454
2017-08-17 04:00:00,37.62723117,37.67176933,36.9990149,37.00370407,37.00370407,111762400,-1.9198347688734296,36.345895768,35.0321374518,1.652143326872287
2017-08-18 04:00:00,37.00370631,37.3881359,36.73648091,36.91931915,36.91931915,109712400,-0.2280445218142635,36.437523461,35.0467470556,1.654510134053532
2017-08-21 04:00:00,36.91932192,37.01074105,36.35908601,36.85134506,36.85134506,105474000,-0.184115231713311,36.504504967,35.088062821,1.6420090753977017
2017-08-22 04:00:00,37.09043977,37.50534363,37.04121601,37.4537735,37.4537735,86418400,1.6347529215531953,36.594018746,35.1580517584,1.6727904256372308
2017-08-23 04:00:00,37.2873434,37.61551371,37.24280524,37.50065231,37.50065231,77596400,0.12516445105323903,36.6774709705,35.2235146338,1.6722618200276171
2017-08-24 04:00:00,37.60613571,37.67880532,37.16545038,37.3342247,37.3342247,79275600,-0.4437992401418067,36.786458778500005,35.2923268134,1.6051992414231375
2017-08-25 04:00:00,37.42330683,37.63661938,37.33423406,37.47253418,37.47253418,101920400,0.3704629762942391,36.9147369385,35.367967835200005,1.5872353466893654
2017-08-28 04:00:00,37.53815103,37.97415068,37.48892371,37.84991455,37.84991455,103864000,1.0070852646027362,37.0708740235,35.460589753,1.5791809485565498
2017-08-29 04:00:00,37.52877502,38.2366856,37.50533276,38.18746185,38.18746185,118067600,0.891804655342332,37.228476905499996,35.540956116400004,1.5792437984332803
2017-08-30 04:00:00,38.39608667,38.41718257,38.11714018,38.29060364,38.29060364,109078400,0.27009333693122084,37.3084644315,35.6295963294,1.2159362828607994
2017-08-31 04:00:00,38.35859074,38.56487128,38.32108453,38.44297791,38.44297791,107140400,0.3979416763250754,37.41439991,35.717267762,1.1818232252315224
2017-09-01 04:00:00,38.63049528,38.66331231,38.35623795,38.45468903,38.45468903,66364400,0.030463612957909447,37.51134758,35.806294175,1.1818086935610235
2017-09-05 04:00:00,38.38437002,38.5015742,37.63660676,37.99290848,37.99290848,117874000,-1.200843282440145,37.556954384,35.883049775,1.184710490115193
2017-09-06 04:00:00,38.14058756,38.20622162,37.62723266,37.95306015,37.95306015,86606800,-0.10488359958273907,37.5857416155,35.9611563118,1.1749555929856814
2017-09-07 04:00:00,37.99525289,38.0304163,37.5897274,37.80069351,37.80069351,87714000,-0.40146075019459326,37.5954696655,36.0459755714,1.1727908745489888
2017-09-08 04:00:00,37.70692994,37.77490679,37.16075802,37.18420029,37.18420029,114446000,-1.630904522523935,37.6342638015,36.108658448,0.9847917496418506
2017-09-11 04:00:00,37.62255187,37.98588564,37.47956259,37.8569603,37.8569603,126323200,1.8092630868840276,37.681380843999996,36.194836655399996,1.0173530484299593
2017-09-12 04:00:00,38.11715059,38.43360336,37.21702318,37.70693588,37.70693588,286856000,-0.396292831783418,37.6932186125,36.276426544799996,0.9699351531865553
2017-09-13 04:00:00,37.47486419,37.49596367,37.0154258,37.42329407,37.42329407,179629600,-0.7522271523273005,37.670363617,36.3547717292,0.9515728100045997
2017-09-14 04:00:00,37.26858528,37.36468999,37.05761562,37.10215378,37.10215378,95042800,-0.8581294030378661,37.6390703205,36.423939209800004,0.9656497238712987
2017-09-15 04:00:00,37.14669434,37.73271526,37.03652212,37.477211,37.477211,196458400,1.0108772181365078,37.662745667,36.5069584664,0.8911211502708947
2017-09-18 04:00:00,37.53111775,37.62253686,37.03651603,37.19356918,37.19356918,113077600,-0.756838122239134,37.67645816849999,36.577533951599996,0.9080313935715503
2017-09-19 04:00:00,37.39047985,37.45142832,37.13966474,37.2076416,37.2076416,83242400,0.03783562672325935,37.6942729955,36.644281388,0.9064913398964408
2017-09-20 04:00:00,37.01307822,37.09746537,36.05903807,36.58411407,36.58411407,211805600,-1.6758050314051753,37.650790023999996,36.6963632208,0.9045248620563122
2017-09-21 04:00:00,36.52083492,36.52083492,35.80588847,35.95590973,35.95590973,150046800,-1.7171506156961724,37.573552895,36.734900437,0.9703534964720403
2017-09-22 04:00:00,35.52223422,35.69335487,35.29251508,35.60427856,35.60427856,186581600,-0.9779509756267402,37.487055588,36.7569252782,0.9845016483168293
2017-09-25 04:00:00,35.15890449,35.59021493,34.96434516,35.29017258,35.29017258,177549200,-0.8822141402771932,37.377937508,36.7667375188,0.9839808799756361
2017-09-26 04:00:00,35.57850139,36.08013514,35.55740549,35.89729691,35.89729691,146640000,1.720377900175185,37.280306626000005,36.786263809800005,1.0447105977951248
2017-09-27 04:00:00,36.05200383,36.26765907,35.99105537,36.1527977,36.1527977,102016800,0.7117549564820358,37.178573418499994,36.8084718328,1.0349998361595834
2017-09-28 04:00:00,36.07309634,36.16451544,35.79414986,35.93010712,35.93010712,88022000,-0.6159705310994412,37.0605485925,36.8218363958,1.0296911204895438
2017-09-29 04:00:00,35.91370528,36.12936053,35.6300696,36.12701416,36.12701416,105199200,0.5480279792720033,36.944750405,36.8423146062,1.0356716451107504
2017-10-02 04:00:00,36.15983869,36.20437686,35.79885132,36.05435562,36.05435562,74795200,-0.2011196930867487,36.82473373449999,36.8616664128,1.0330136077792456
2017-10-03 04:00:00,36.10122687,36.35438831,36.07778819,36.21139908,36.21139908,64921200,0.4355741693324866,36.7356582645,36.875660095600004,1.0240652349270678
2017-10-04 04:00:00,36.01215696,36.06606988,35.73789961,35.97699356,35.97699356,80655200,-0.6473252234252103,36.636854935,36.8819300084,1.027618659462325
2017-10-05 04:00:00,36.14108124,36.43643808,36.11061059,36.42471695,36.42471695,85135200,1.2444713848957845,36.568056107000004,36.893792191,1.080411743865871
2017-10-06 04:00:00,36.32625887,36.4481522,36.23015059,36.40361404,36.40361404,69630400,-0.05793568699233864,36.5290267945,36.918775100999994,1.0250438156832653
2017-10-09 04:00:00,36.52317281,36.73882811,36.44816398,36.53020477,36.53020477,65051600,0.3477422045539136,36.462689018000006,36.9512397768,0.9293158328149991
2017-10-10 04:00:00,36.58177958,37.03653252,36.35674949,36.54427338,36.54427338,62468000,0.038512267009127577,36.404555892999994,36.987581787399996,0.9289304809113511
2017-10-11 04:00:00,36.5606713,36.79742245,36.50910117,36.69662857,36.69662857,67622400,0.41690578552693314,36.368222618,37.0208062746,0.925977108731658
2017-10-12 04:00:00,36.64975525,36.88884924,36.50441961,36.56771088,36.56771088,64500400,-0.3513066323084346,36.341500473,37.0183434298,0.9107725142617723
2017-10-13 04:00:00,36.73881427,36.86773956,36.66380547,36.79976273,36.79976273,65576800,0.6345812861009881,36.307628059500004,37.027853317600005,0.8909709435767292
2017-10-16 04:00:00,37.01307985,37.50533886,36.95447776,37.477211,37.477211,96486000,1.8409039073714606,36.321810150500006,37.047082825,0.9737477043374936
2017-10-17 04:00:00,37.4537591,37.7092633,37.32483381,37.6155014,37.6155014,75989200,0.36899864293531426,36.3422031405,37.057777405,0.9764761138721916
2017-10-18 04:00:00,37.60378415,37.67176457,37.41157118,37.44907379,37.44907379,65496800,-0.44244421529896494,36.3854511265,37.0592125704,0.8968457318101298
2017-10-19 04:00:00,36.74351809,36.82087329,36.33799254,36.56302261,36.56302261,170336800,-2.3660162731090173,36.4158067705,37.038350372400004,0.9751478363727253
2017-10-20 04:00:00,36.7106956,36.977921,36.55833159,36.62630844,36.62630844,95896400,0.1730869755354858,36.4669082645,37.0427101898,0.9423223230489903
2017-10-23 04:00:00,36.77632971,36.96385712,36.45050221,36.60755539,36.60755539,87937200,-0.05120103772052742,36.532777405,37.036568908599996,0.9124539718934102
2017-10-24 04:00:00,36.63569151,36.90057417,36.61459561,36.82556534,36.82556534,71028800,0.5955326644388581,36.579190826499996,37.023676605199995,0.8451756903743974
2017-10-25 04:00:00,36.78102256,36.93104379,36.39659293,36.66381836,36.66381836,84828400,-0.43922470301984706,36.6047418595,36.9993450928,0.842742338929832
2017-10-26 04:00:00,36.85602851,36.99667497,36.75054545,36.89822388,36.89822388,68002000,0.6393374462484669,36.653147697499996,36.9827491762,0.8353967142170495
2017-10-27 04:00:00,37.33890207,38.34920499,37.20060201,38.22027969,38.22027969,177816800,3.5829795339189507,36.757810973999995,37.0070806886,1.1357600015784488
2017-10-30 04:00:00,38.41719024,39.39701916,38.37734125,39.08056641,39.08056641,178803200,2.250864533116159,36.909121513500004,37.0503056338,1.210079363804663
2017-10-31 04:00:00,39.35716804,39.76738273,39.13213798,39.62439346,39.62439346,144187200,1.3915536543012808,37.07977123249999,37.1057666018,1.2298332376378533
2017-11-01 04:00:00,39.81894295,39.83535325,38.82036472,39.1204071,39.1204071,134551200,-1.2719093366281076,37.236941909500004,37.1390992738,1.2667668931247857
2017-11-02 04:00:00,39.05244713,39.49782174,38.74302628,39.40640259,39.40640259,165573600,0.7310647081686383,37.3860261915,37.1772142794,1.2544775455345267
2017-11-03 04:00:00,40.78705643,40.84800132,40.11195918,40.43544388,40.43544388,237594400,2.611355572612295,37.5876176835,37.239238663,1.3419574924218047
2017-11-06 05:00:00,40.40497603,41.01912849,40.25261199,40.84566498,40.84566498,140105200,1.014508709778017,37.803390694,37.306701279,1.3453368732497157
2017-11-07 05:00:00,40.7659588,41.08006515,40.69329278,40.9769249,40.9769249,97446000,0.32135581600707397,38.025023270000005,37.369241486,1.34095296401201
2017-11-08 05:00:00,40.9417719,41.3121376,40.8644167,41.3121376,41.3121376,97638000,0.818052357071819,38.2557987215,37.431735001,1.3413450149758517
2017-11-09 05:00:00,41.04725721,41.27932282,40.58547235,41.22775269,41.22775269,117930400,-0.20426178576631315,38.488800812,37.490477981999994,1.3362344661347891
2017-11-10 05:00:00,41.19481965,41.25833845,40.99720959,41.09130859,41.09130859,100582000,-0.33095206771506236,38.703378105,37.5434445956,1.3526390798513452
2017-11-13 05:00:00,40.81605222,41.05130324,40.79252568,40.92662048,40.92662048,67928400,-0.4007857516615587,38.87584857899999,37.5928832246,1.3338050374068646
2017-11-14 05:00:00,40.70784466,40.81135571,40.27027751,40.30791855,40.30791855,99130000,-1.5117347162889927,39.0104694365,37.639183426,1.4042256042729273
2017-11-15 05:00:00,39.98561839,40.06795769,39.61157011,39.77624512,39.77624512,116632400,-1.3190297319383593,39.126828003,37.6756471254,1.4435730163443763
2017-11-16 05:00:00,40.27027032,40.43259411,40.06325185,40.2514534,40.2514534,94550000,1.1947037196858634,39.31124954249999,37.7246623232,1.3092695332592585
2017-11-17 05:00:00,40.23734268,40.31968199,39.9079926,40.02796936,40.02796936,87598000,-0.5552198023239585,39.481332588499995,37.7815377046,1.328527756201259
2017-11-20 05:00:00,40.06089569,40.12441447,39.88916344,39.98796844,39.98796844,65049600,-0.09993242385153422,39.650353241000005,37.8241578674,1.3295461213003636
2017-11-21 05:00:00,40.1761726,40.86310521,40.1761726,40.7313652,40.7313652,100525200,1.8590510821159256,39.845643234,37.8846464538,1.3662911602824477
2017-11-22 05:00:00,40.78311614,41.16892766,40.7101889,41.1595192,41.1595192,102355600,1.0511653559797773,40.070428276,37.9593709564,1.352130103186227
2017-11-24 05:00:00,41.19246046,41.28655945,41.08659462,41.16187668,41.16187668,56106800,0.005727666517540975,40.283610916,38.0405654144,1.3582876967783684
2017-11-27 05:00:00,41.1806918,41.18774905,40.77841098,40.95484924,40.95484924,82867200,-0.5029591862622418,40.4203393935,38.1101181792,1.1739629441350918
2017-11-28 05:00:00,41.00425876,41.13834999,40.43024562,40.71490097,40.71490097,105715200,-0.5858848816507112,40.5020561215,38.180544815000005,1.1016913929341112
2017-11-29 05:00:00,40.61139679,40.67961802,39.32457304,39.8703537,39.8703537,166665600,-2.0742952822660365,40.5143541335,38.233799057,1.17624704210703
2017-11-30 05:00:00,40.09383872,40.49611964,39.62569139,40.42789841,40.42789841,166108800,1.3983941908195074,40.579728699,38.3106747438,1.1713360291878359
2017-12-01 05:00:00,39.98091131,40.38554336,39.63979804,40.23968887,40.23968887,159037200,-0.46554371461822175,40.621393013,38.3963503266,1.1717843866189803
2017-12-04 05:00:00,40.57609246,40.60902746,39.90562925,39.94562149,39.94562149,130169600,-0.7307893978753865,40.596901893500004,38.4831771852,1.0256723270103063
2017-12-05 05:00:00,39.77154346,40.35026264,39.6162769,39.9079895,39.9079895,109400800,-0.09420804733110133,40.550018119499995,38.5755335236,0.9942533068667915
2017-12-06 05:00:00,39.40454551,40.03972254,39.15988603,39.75977325,39.75977325,114240000,-0.37139493083208075,40.489160537,38.6527830504,0.9904447919803413
2017-12-07 05:00:00,39.76448545,40.0961903,39.73625647,39.83271027,39.83271027,102693200,0.1834442554322191,40.4151891705,38.726381301800004,0.9678419712718936
2017-12-08 05:00:00,40.10795461,40.22793136,39.71508577,39.84447098,39.84447098,93420800,0.0295252568059734,40.346025084999994,38.804668579,0.9689158162890763
2017-12-11 05:00:00,39.80448229,40.67255936,39.70802849,40.62080383,40.62080383,141095200,1.9484079745711425,40.322499847,38.8945443724,1.076570110682785
2017-12-12 05:00:00,40.49846326,40.5549248,40.33614306,40.39260101,40.39260101,77636800,-0.5617880457389313,40.295798873500004,38.9813092802,1.07991167414623
2017-12-13 05:00:00,40.5808058,40.82546531,40.46318028,40.52669907,40.52669907,95273600,0.3319866922330661,40.3067378995,39.06761528,1.0268645414625501
2017-12-14 05:00:00,40.55728946,40.72902535,40.38085113,40.51494598,40.51494598,81906000,-0.029000856891148175,40.3436729425,39.1583743284,0.9768267757379906
2017-12-15 05:00:00,40.846636,40.97366997,40.57139273,40.92662048,40.92662048,160677200,1.0161052669383164,40.377431296500006,39.248412398999996,0.9670267190380505
2017-12-18 05:00:00,41.14070946,41.68649009,41.13600343,41.50299454,41.50299454,117684400,1.4083109067890565,40.4511825555,39.350400009,0.9975181001154192
2017-12-19 05:00:00,41.1759852,41.26067571,40.95484867,41.06071091,41.06071091,109745600,-1.0656667907992468,40.50481967899999,39.4410101318,1.03475727876793
2017-12-20 05:00:00,41.13835352,41.26774232,40.75724793,41.01602554,41.01602554,93902400,-0.10882756048218312,40.519052696,39.530445175,0.9527565914929739
2017-12-21 05:00:00,40.97366991,41.40888574,40.95720421,41.17127991,41.17127991,83799600,0.3785212437236174,40.5196407315,39.619938201800004,0.926666720383926
2017-12-22 05:00:00,41.09364664,41.26773369,41.05130318,41.17127991,41.17127991,65397600,0.0,40.520110892999995,39.7120095824,0.9266675324325088
2017-12-26 05:00:00,40.18088057,40.33849835,39.91739695,40.12677383,40.12677383,132742000,-2.5369774325288974,40.478707122500005,39.7785498044,1.0836873940258125
2017-12-27 05:00:00,40.01619789,40.17616685,39.92445014,40.13382339,40.13382339,85992800,0.017568220235864018,40.4496532435,39.8316820522,1.0777285070859997
2017-12-28 05:00:00,40.22792936,40.42789419,40.10559781,40.24674988,40.24674988,65920800,0.28137486155415115,40.4684730525,39.8843070218,0.9700760510242522
2017-12-29 05:00:00,40.11501075,40.13147646,39.80918366,39.81153488,39.81153488,103999600,-1.0813668216629657,40.437654875999996,39.9315562436,0.9470610368593789
2018-01-02 05:00:00,40.03032034,40.53375745,39.81859223,40.5243454,40.5243454,102223600,1.7904622922692015,40.4518877025,40.010782699399996,1.0286246944219315
2018-01-03 05:00:00,40.58787189,41.06308011,40.45378063,40.51729584,40.51729584,118071600,-0.01739586396871662,40.48047142,40.0886024474,1.0127251468208527
2018-01-04 05:00:00,40.5902158,40.80900115,40.48200233,40.70549011,40.70549011,89738400,0.4644788505707931,40.5203464505,40.1705611418,1.0154859372700524
2018-01-05 05:00:00,40.80193146,41.25596414,40.71018372,41.16892242,41.16892242,94640000,1.1385007495245736,40.590803909,40.2574282834,1.0342442290402791
2018-01-08 05:00:00,41.01602554,41.3124406,40.91721693,41.01602554,41.01602554,82271200,-0.37138907460381176,40.649969672500006,40.344472427,1.0415449794817393
2018-01-09 05:00:00,41.06306991,41.18304665,40.79488387,41.01131439,41.01131439,86336000,-0.011486120212711448,40.708311843000004,40.4267342372,1.041838382451191
2018-01-10 05:00:00,40.73607987,41.00426597,40.69843883,41.00191116,41.00191116,95839600,-0.022928379984565872,40.7273672095,40.4823668666,0.9520843855726894
2018-01-11 05:00:00,41.07247465,41.28420272,41.04895171,41.23479843,41.23479843,74670800,0.5679912555568656,40.7694770805,40.525451507,0.947315461901036
2018-01-12 05:00:00,41.44653087,41.72412899,41.32184809,41.6606102,41.6606102,101672400,1.03265151331553,40.826172637,40.5661758418,0.9687667491997122
2018-01-16 05:00:00,41.85116034,42.2016857,41.43711979,41.44888306,41.44888306,118263600,-0.50821900827559,40.872869491,40.612745361,0.9791042050546852
2018-01-17 05:00:00,41.43947134,42.16875104,41.18540336,42.13346481,42.13346481,137547200,1.6516289450044352,40.9332117075,40.6672866054,1.0192551955113356
2018-01-18 05:00:00,42.19698219,42.36871805,41.93350215,42.17110443,42.17110443,124773600,0.08933426237252018,40.966617202,40.701999816400004,0.9753014324272542
2018-01-19 05:00:00,42.01818875,42.24638255,41.73588821,41.98290253,41.98290253,129700400,-0.4462816484031129,41.012726783000005,40.7247445674,0.9462617999160743
2018-01-22 05:00:00,41.71000702,41.82292651,41.54533203,41.639431,41.639431,108434400,-0.818122400552368,41.043897056000006,40.7379946894,0.9681458699929469
2018-01-23 05:00:00,41.71001324,42.21345036,41.59709374,41.64884567,41.64884567,130756400,0.022609987153754396,41.067775344,40.7447288508,0.9656360935478127
2018-01-24 05:00:00,41.69824971,41.71001298,40.74548222,40.9854393,40.9854393,204420400,-1.5928565589942711,41.0584833135,40.739882582999996,1.0342768284418813
2018-01-25 05:00:00,41.0536592,41.15717023,40.11736103,40.25380707,40.25380707,166116000,-1.7851028133301083,41.064834975500005,40.7231325526,0.9479413083307169
2018-01-26 05:00:00,40.46317851,40.46317851,40.00679092,40.34790421,40.34790421,156572000,0.23375960399565354,41.0755390165,40.7115582272,0.9491431226843524
2018-01-29 05:00:00,40.03032711,40.03032711,39.30340209,39.51277542,39.51277542,202561600,-2.0698195020325882,41.0388402935,40.6956553646,1.0560695729030614
2018-01-30 05:00:00,38.9411032,39.37396424,38.74584441,39.27986526,39.27986526,184192800,-0.5894553281167503,41.012256812500006,40.6857277674,1.0372447257640982
2018-01-31 05:00:00,39.25634059,39.62568645,39.16929885,39.3880806,39.3880806,129915600,0.2754982464519884,40.9554435725,40.668460311400004,0.9461539927429554
2018-02-01 05:00:00,39.32690995,39.66802319,39.23045618,39.47041321,39.47041321,188923200,0.20902925135173334,40.903099441,40.6573091884,0.9490212076422283
2018-02-02 05:00:00,39.05166236,39.23986386,37.66368303,37.75778198,37.75778198,346375200,-4.339025337505453,40.7557140345,40.6127054592,1.3249534114539552
2018-02-05 05:00:00,37.428451,38.55295096,36.69917117,36.8144455,36.8144455,290954000,-2.4983895518536525,40.5379901885,40.5343670652,1.3566942665910002
2018-02-06 05:00:00,36.42392352,38.51530538,36.2286647,38.35298157,38.35298157,272975200,4.179164045809136,40.40483799,40.4782363126,1.720711148631042
2018-02-07 05:00:00,38.36708997,38.44001722,37.42138341,37.53194809,37.53194809,206434400,-2.1407292116298327,40.230869675,40.4056377408,1.7658309193368178
2018-02-08 05:00:00,37.70838917,37.87541899,36.47096994,36.49919891,36.49919891,217562000,-2.7516535446641788,40.0057340625,40.3165247342,1.8369158009865354
2018-02-09 05:00:00,37.10153634,37.29522682,35.48822031,36.94563675,36.94563675,282690400,1.2231442150301142,39.791275978499996,40.241139449799995,1.8638079396304459
2018-02-12 05:00:00,37.4393114,38.71248405,37.20546203,38.43375778,38.43375778,243278000,4.027866781860245,39.6299333575,40.2124075314,2.1012823694771985
2018-02-13 05:00:00,38.25424058,38.91562985,38.1833768,38.81878281,38.81878281,130196800,1.0017886676705778,39.498428344999994,40.1802252194,2.1234954866409295
2018-02-14 05:00:00,38.51170209,39.57464779,38.4739112,39.53449249,39.53449249,162579600,1.8437200452756652,39.368479729,40.1661212918,2.13322739081623
2018-02-15 05:00:00,40.10612781,40.88562218,39.91952334,40.86200333,40.86200333,204588800,3.3578547652680424,39.303024674,40.1844489286,2.2841828924519407
2018-02-16 05:00:00,40.71319204,41.29427075,40.57382888,40.72972488,40.72972488,160704400,-0.32371993348374595,39.240365791500004,40.200883636200004,2.283462042662661
2018-02-20 05:00:00,40.63996135,41.16198381,40.49114778,40.59272003,40.59272003,135722000,-0.33637558417997093,39.188030243,40.2175425718,2.2783199621452788
2018-02-21 05:00:00,40.8241987,41.12890819,40.39429452,40.40847015,40.40847015,149886400,-0.453898826843413,39.126011467,40.2290577694,2.2794325526308636
2018-02-22 05:00:00,40.58090757,41.08875799,40.55964952,40.74625397,40.74625397,123967600,0.8359233070346805,39.114052200500005,40.24709342920001,2.261826890810082
2018-02-23 05:00:00,41.02262987,41.49032511,40.99192139,41.45489502,41.45489502,135249600,1.7391563173433155,39.174106597999995,40.263775253,2.2531124691610347
2018-02-26 05:00:00,41.65568541,42.37376309,41.62261611,42.27455521,42.27455521,152648800,1.977233785309429,39.270439148,40.301414337000004,2.289101036646492
2018-02-27 05:00:00,42.30524208,42.63120966,42.08320395,42.13753128,42.13753128,155712400,-0.3241286142913524,39.401676941,40.3336309812,2.2281237004303525
2018-02-28 05:00:00,42.34304432,42.66429037,42.05723196,42.0737648,42.0737648,151128400,-0.151329415993251,39.541371917999996,40.3648073576,2.220587143317977
2018-03-01 05:00:00,42.17296298,42.46586489,40.7840496,41.33678055,41.33678055,195208000,-1.7516479770785742,39.6388069155,40.373010559,2.2707084987932094
2018-03-02 05:00:00,40.81712292,41.64385861,40.7344479,41.62260056,41.62260056,153816000,0.6914423576221296,39.746416283,40.375402679400004,2.272630656339032
2018-03-05 05:00:00,41.38639073,41.98400225,41.22340512,41.7666893,41.7666893,113605600,0.34617909035330463,39.946861649,40.3895222472,1.9948206435395688
2018-03-06 05:00:00,42.02415652,42.10446712,41.60370266,41.73125458,41.73125458,95154000,-0.08483966671498644,40.192702103,40.403826828,1.8715131042871944
2018-03-07 05:00:00,41.32260639,41.5375585,41.16434602,41.34386444,41.34386444,126814000,-0.9282973730333488,40.3422462465,40.4072785186,1.7049762516617013
2018-03-08 05:00:00,41.45016403,41.83754861,41.35332059,41.7950325,41.7950325,95096400,1.0912575931423918,40.555400467,40.4197535704,1.6025894858390457
2018-03-09 05:00:00,42.03596533,42.51783251,41.9013238,42.5131073,42.5131073,128740800,1.7180864735540036,40.8560958865,40.4674802398,1.4188372711049984
2018-03-12 04:00:00,42.58632423,43.08236696,42.56743059,42.9241066,42.9241066,128828400,0.9667590211642763,41.155019378999995,40.523285904,1.4157297073150716
2018-03-13 04:00:00,43.12961939,43.34457153,42.33831738,42.51074982,42.51074982,126774000,-0.962994486645885,41.358868981,40.568565902799996,1.2385755708314992
2018-03-14 04:00:00,42.59342555,42.64066687,42.00053563,42.14934921,42.14934921,117473600,-0.8501393448251404,41.525397301000005,40.6153221894,1.2689328701155875
2018-03-15 04:00:00,42.16352163,42.57452869,42.06195297,42.19895172,42.19895172,90975200,0.11768274227168529,41.6586202625,40.6488143158,1.2249408225504597
2018-03-16 04:00:00,42.1989427,42.30996176,41.95564653,42.05013275,42.05013275,157618800,-0.3526603480281776,41.7180267335,40.679471054000004,1.0038446749963932
2018-03-19 04:00:00,41.88479176,41.92022185,41.02026162,41.40764618,41.40764618,133787200,-1.5279061633878044,41.751922798500004,40.6935141754,1.067719194461895
2018-03-20 04:00:00,41.39346695,41.7619542,41.32260319,41.39346695,41.39346695,78597600,-0.03424302347051489,41.7919601445,40.698005066,1.0635284080970901
2018-03-21 04:00:00,41.34622099,41.35803222,40.45334696,40.45571136,40.45571136,148219600,-2.265467618676953,41.794322205,40.6867987824,1.1838045397279058
2018-03-22 04:00:00,40.15572685,40.78876834,39.82503407,39.88408661,39.88408661,165963200,-1.4129642781790075,41.751213837,40.664254226800004,1.208033052542848
2018-03-23 04:00:00,39.77543471,40.13683602,38.96051025,38.96051025,38.96051025,164115200,-2.3156512747327995,41.6264945985,40.6234262086,1.223294790314956
2018-03-26 04:00:00,39.69984853,40.8879855,39.31482476,40.81003571,40.81003571,150164800,4.7471797677495875,41.553268623499996,40.6149309542,1.5952562474374
2018-03-27 04:00:00,41.02499563,41.372225,39.4282156,39.76363373,39.76363373,163690400,-2.56408004010541,41.434573746,40.576991424800006,1.683277761739639
2018-03-28 04:00:00,39.50615501,40.16045826,39.01956259,39.32427216,39.32427216,166674000,-1.104933148170817,41.297099114,40.5344992068,1.693032615559795
2018-03-29 04:00:00,39.63843367,40.56910245,39.42348152,39.63134766,39.63134766,153594000,0.7808803142003384,41.2118274695,40.4844568638,1.6752380276055516
2018-04-02 04:00:00,39.36207036,39.90535458,38.84949462,39.37151718,39.37151718,150347200,-0.6556185831203876,41.0992733005,40.4284651188,1.664674216127676
2018-04-03 04:00:00,39.59827115,39.86046457,38.94633241,39.77542877,39.77542877,121112000,1.0258979560106463,40.999710274,40.384315643600004,1.6846189956787638
2018-04-04 04:00:00,38.94633995,40.63051627,38.92035668,40.53603363,40.53603363,138422000,1.9122480474017545,40.9399492265,40.3622476962,1.7515711149713875
2018-04-05 04:00:00,40.76514926,41.15489458,40.64704418,40.81711578,40.81711578,107732800,0.6934130570485308,40.9136117935,40.3456130984,1.7502433795527568
2018-04-06 04:00:00,40.38485479,40.74153087,39.73055158,39.77307129,39.77307129,140021200,-2.5578595401676507,40.812513732999996,40.3213657382,1.8140857576896823
2018-04-09 04:00:00,40.12739764,40.88563051,40.12031162,40.16755295,40.16755295,116070800,0.9918310233667738,40.6952360155,40.3196406558,1.7799411019614797
2018-04-10 04:00:00,40.86437883,41.10058911,40.51714942,40.9234314,40.9234314,113634400,1.881813539751609,40.595202255500006,40.3311511996,1.8245635050907667
2018-04-11 04:00:00,40.68248808,41.08168395,40.55729694,40.73209381,40.73209381,89726400,-0.46755021134419206,40.506269455,40.3555375674,1.8173321816529304
2018-04-12 04:00:00,40.96120027,41.33677352,40.87380007,41.13363266,41.13363266,91557200,0.9858045890619671,40.455483627499994,40.392612915399994,1.828983872845678
2018-04-13 04:00:00,41.28480622,41.53518838,41.06513253,41.272995,41.272995,100497200,0.3388038716442443,40.4091857915,40.430311203399995,1.8310750106485232
2018-04-16 04:00:00,41.34386756,41.61787223,41.29662624,41.53047562,41.53047562,86313600,0.6238476757017386,40.383202935,40.4715124516,1.8368545287933227
2018-04-17 04:00:00,41.68874392,42.26745825,41.66984667,42.10211182,42.10211182,106421600,1.376425845035878,40.417926216999994,40.5583990484,1.8283364810387903
2018-04-18 04:00:00,42.00052812,42.23910269,41.7808544,42.00761414,42.00761414,83018000,-0.2244487887068547,40.4486335765,40.662262421200005,1.8295602541946523
2018-04-19 04:00:00,41.04387552,41.42889922,40.78404651,40.81711578,40.81711578,139235200,-2.8340061304895636,40.4667037975,40.7115451054,1.8720008046136136
2018-04-20 04:00:00,40.2974633,40.44391247,39.07625334,39.14475632,39.14475632,261964400,-4.097201451013454,40.429737282999994,40.74380127,2.069088826389467
2018-04-23 04:00:00,39.4069531,39.42821116,38.75973577,39.0313797,39.0313797,146062000,-0.28963424647011626,40.4332807555,40.7944448858,2.002029237597752
2018-04-24 04:00:00,39.13295111,39.28885074,38.08181623,38.48809814,38.48809814,134768000,-1.3919096997742186,40.317183877000005,40.8252941136,1.6861212489694986
2018-04-25 04:00:00,38.41250743,39.07389681,38.36290529,38.65580368,38.65580368,113528400,0.43573350751178186,40.2617923745,40.8297350316,1.6035369530284813
2018-04-26 04:00:00,38.76680571,39.14710416,38.58964811,38.79042816,38.79042816,111852000,0.34826459983718916,40.235100174500005,40.8291679386,1.5898446986621615
2018-04-27 04:00:00,38.73846801,38.8164178,37.94244089,38.34163666,38.34163666,142623200,-1.156964543285921,40.1706146245,40.805310821999996,1.595188103881387
2018-04-30 04:00:00,38.29676296,39.50851891,38.22825998,39.03609848,39.03609848,169709600,1.811247198856547,40.1538436895,40.768792725000004,1.648755840684772
2018-05-01 04:00:00,39.30773975,39.96676461,39.03846026,39.94314575,39.94314575,214277600,2.3236114912065897,40.1622295385,40.7530611424,1.7166236315553658
2018-05-02 04:00:00,41.39111337,41.9863641,41.05333451,41.70763779,41.70763779,266157600,4.417508953961136,40.220809746499995,40.7753594976,1.9379421500410712
2018-05-03 04:00:00,41.54465119,41.92731056,41.20450793,41.7832222,41.7832222,136272800,0.18122438480110414,40.2691150675,40.8028545386,1.9339083288456556
2018-05-04 04:00:00,42.10445899,43.52171988,42.08556175,43.42251205,43.42251205,224805200,3.9233208060243996,40.4515871055,40.8563797002,2.000813851551084
2018-05-07 04:00:00,43.74140069,44.32956535,43.63983204,43.73667908,43.73667908,169805600,0.7235118724551182,40.630043412,40.9020153814,1.997949765760366
2018-05-08 04:00:00,43.69652861,43.98706616,43.3847294,43.94691086,43.94691086,113611200,0.480676138248759,40.781217385,40.9354624944,1.9692940216184909
2018-05-09 04:00:00,44.06501795,44.26579448,43.75085792,44.25634766,44.25634766,92844800,0.7041150195647772,40.95743007750001,40.977838822,1.9603044515478283
2018-05-10 04:00:00,44.3460971,44.96732738,44.32483545,44.88937759,44.88937759,111957200,1.430370926365776,41.145217324,41.0341510778,1.9693903028296742
2018-05-11 04:00:00,44.93207723,45.06723437,44.44834818,44.71866608,44.71866608,104848800,-0.3802937780942428,41.317500878,41.1017887884,1.9781914363914448
2018-05-14 04:00:00,44.8182469,44.94155086,44.54555915,44.61432266,44.61432266,83115200,-0.23333303326474875,41.47169323,41.161623230400004,1.9828289322818404
2018-05-15 04:00:00,44.28946733,44.35823446,43.89110572,44.20884705,44.20884705,94780800,-0.9088462758699123,41.5770299915,41.210466385400004,1.988068414488961
2018-05-16 04:00:00,44.12111136,44.68783047,44.10451115,44.62143326,44.62143326,76732400,0.9332661617104998,41.70772094749999,41.268269959,1.989977498294663
2018-05-17 04:00:00,44.5787587,44.79453973,44.18988031,44.33926773,44.33926773,69176000,-0.6323542508280267,41.883828545,41.328178024799996,1.8631115710440547
2018-05-18 04:00:00,44.38669582,44.53370973,44.13534805,44.17802811,44.17802811,73190800,-0.3636497133463257,42.135492134500005,41.37583793700001,1.5454778734920465
2018-05-21 04:00:00,44.57874618,44.87989085,44.32028517,44.49101257,44.49101257,73603200,0.7084618154995281,42.408473778,41.4153960424,1.5306778955697018
2018-05-22 04:00:00,44.66885793,44.78741844,44.28946286,44.37957001,44.37957001,60962800,-0.25048330789204654,42.7030473715,41.4445053106,1.4699167847193055
2018-05-23 04:00:00,44.18750395,44.6973127,44.0475998,44.66411591,44.66411591,80233600,0.6411641661599798,43.003462983000006,41.4875726324,1.4685078306824855
2018-05-24 04:00:00,44.76134017,44.77793676,44.15431088,44.61432266,44.61432266,92936000,-0.11148379182146506,43.294657708,41.53687210140001,1.478445653809844
2018-05-25 04:00:00,44.63328809,44.9699995,44.49575746,44.71628189,44.71628189,69844000,0.22853474830721865,43.613389969500005,41.587218704799994,1.4174627250935041
2018-05-29 04:00:00,44.48391647,44.75660426,44.31081547,44.5550499,44.5550499,90056400,-0.3605666284970166,43.889337540499994,41.637317047799996,1.417599231746666
2018-05-30 04:00:00,44.51236437,44.57875798,44.28947,44.46019745,44.46019745,74762000,-0.21288821404731317,44.1151901255,41.6983680732,1.3749530505845322
2018-05-31 04:00:00,44.3937848,44.63327565,44.13769373,44.31079102,44.31079102,109931200,-0.33604535870094265,44.245347787,41.7567145546,1.040703239434406
2018-06-01 04:00:00,44.5763867,45.11464887,44.51947635,45.10990906,45.10990906,93770000,1.8034388951425173,44.411682129999996,41.849798508599996,1.092224315234091
2018-06-04 04:00:00,45.44187346,45.8639486,45.37310995,45.48692703,45.48692703,105064800,0.8357763911661431,44.514902879,41.961855317,0.7218324490555551
2018-06-05 04:00:00,45.780961,45.98725515,45.61260347,45.83786774,45.83786774,86264000,0.7715199353180102,44.619962312,42.0994024668,0.7236201814994266
2018-06-06 04:00:00,45.91374443,46.02044817,45.5082659,45.99673462,45.99673462,83734400,0.34658435881249616,44.7224535,42.203136445,0.7218662863908758
2018-06-07 04:00:00,46.03468037,46.04890705,45.60786175,45.87343979,45.87343979,85388800,-0.2680512671575319,44.8033081065,42.3253325662,0.7210385142849651
2018-06-08 04:00:00,45.330419,45.52722985,44.99845106,45.45609283,45.45609283,106627200,-0.9097790833007768,44.831643868499995,42.4479689796,0.6972892343028619
2018-06-11 04:00:00,45.37311488,45.52012878,45.10279703,45.3446579,45.3446579,73234000,-0.24514850059100812,44.8629434595,42.56223518440001,0.6933903149143525
2018-06-12 04:00:00,45.38258658,45.67187448,45.32567624,45.59362411,45.59362411,67644400,0.5490530120418002,44.911908532,42.686677323000005,0.6973280268380962
2018-06-13 04:00:00,45.62683503,45.73591232,45.15733634,45.21898651,45.21898651,86553600,-0.821688574472923,44.962415505,42.795548477800004,0.6908620068348797
2018-06-14 04:00:00,45.42053563,45.42527907,45.10516422,45.24269485,45.24269485,86440400,0.05243005611095253,44.993478584500004,42.88968170220001,0.6635064920410686
2018-06-15 04:00:00,45.06011348,45.09094037,44.6404082,44.77793884,44.77793884,246876800,-1.0272509441377808,45.01541214,42.9688981634,0.6908582657666703
2018-06-18 04:00:00,44.55030244,44.86804377,44.38905825,44.75422668,44.75422668,73939600,-0.052955005554689016,45.0442220685,43.068521271200005,0.6844957792717428
2018-06-19 04:00:00,43.90058476,44.18275935,43.49984967,44.03100204,44.03100204,134314000,-1.6159918149657226,45.021221542,43.145790252999994,0.7627213626477742
2018-06-20 04:00:00,44.18751297,44.38906371,44.04049544,44.22307968,44.22307968,82514800,0.4362327249002984,45.0133970255,43.2117832186,0.7686171132279311
2018-06-21 04:00:00,44.40092373,44.66175838,43.8531746,43.97647858,43.97647858,102847600,-0.55762986608896,44.979015159,43.27667091400001,0.7614756911091359
2018-06-22 04:00:00,44.13296753,44.14008088,43.79625609,43.848423,43.848423,108801600,-0.2911910733531031,44.940720176,43.3309667208,0.7629901576306556
2018-06-25 04:00:00,43.48800035,43.84842537,42.85488757,43.19634247,43.19634247,126652400,-1.487124246178706,44.864723205000004,43.3694336702,0.8203203204033059
2018-06-26 04:00:00,43.3907761,44.23018291,43.28406875,43.73222733,43.73222733,98276800,1.2405792466623211,44.8235820765,43.4134687044,0.876879063005832
2018-06-27 04:00:00,43.92193437,44.40803328,43.63738981,43.66821671,43.66821671,101141200,-0.14636944859217627,44.7839830395,43.444790802200004,0.8765125284302245
2018-06-28 04:00:00,43.65399005,44.15431565,43.58285301,43.9859581,43.9859581,69460800,0.7276262094926267,44.7677413935,43.484357681400006,0.8926745487530707
2018-06-29 04:00:00,44.17326798,44.38667905,43.37180149,43.89346695,43.89346695,90950800,-0.21027426477724376,44.706919287999995,43.5458847048,0.7812495978739191
2018-07-02 04:00:00,43.58758851,44.41276866,43.49273793,44.38431168,44.38431168,70925200,1.1182637510933846,44.6517885205,43.650675812,0.8019777109644368
2018-07-03 04:00:00,44.52895869,44.56689893,43.52119427,43.61130142,43.61130142,55819200,-1.7416294874036176,44.5404602045,43.7422742464,0.8504331882601693
2018-07-05 04:00:00,43.92904532,44.20173671,43.6966677,43.96224213,43.96224213,66416800,0.8047013012068893,44.43873558,43.8517571262,0.873079860075582
2018-07-06 04:00:00,43.96698067,44.68071366,43.91481375,44.57164001,44.57164001,69940800,1.386184713231775,44.373645591,43.970073852800006,0.9439959325733803
2018-07-09 04:00:00,44.9344415,45.21424262,44.88701801,45.19053268,45.19053268,79026400,1.3885346598445647,44.3603675835,44.098075943199994,0.9843335071604404
2018-07-10 04:00:00,45.22134239,45.35649947,45.09566495,45.1359787,45.1359787,63756400,-0.12071993128803804,44.3499336235,44.233962784,0.9832593594223034
2018-07-11 04:00:00,44.69732213,45.00083682,44.48628452,44.55030823,44.55030823,75326000,-1.2975690056323153,44.297767829499996,44.344246979,1.013402945533007
2018-07-12 04:00:00,44.94154822,45.38733692,44.88938131,45.29722977,45.29722977,72164400,1.67657996021906,44.3016799925,44.4513286594,1.0733612385766056
2018-07-13 04:00:00,45.30908218,45.48929284,45.26639851,45.36836243,45.36836243,50055600,0.15703534269353447,44.3079633715,44.5245431522,1.0738124984457034
2018-07-16 04:00:00,45.41342374,45.68136806,45.15258914,45.26877975,45.26877975,60172400,-0.2194980701665128,44.332505417,44.594254303199996,1.0472380047301328
2018-07-17 04:00:00,44.99371126,45.49640664,44.86329399,45.39681625,45.39681625,62138000,0.2828362078834301,44.3646348955,44.63374038719999,1.0480276156353878
2018-07-18 04:00:00,45.47507058,45.47981402,45.03639523,45.14784241,45.14784241,65573600,-0.5484389888244623,44.420476914,44.6619636538,0.9824205053065934
2018-07-19 04:00:00,44.97949503,45.65766142,44.97949503,45.49879074,45.49879074,81147200,0.7773313435732732,44.484262467,44.6930012514,0.990942047892953
2018-07-20 04:00:00,45.47507142,45.62919865,45.09330642,45.39445114,45.39445114,82704800,-0.22932389697176703,44.555161095,44.715763321,0.9813285630300798
2018-07-23 04:00:00,45.21423281,45.51775103,44.94865843,45.43475723,45.43475723,63957600,0.08879078607140212,44.634477806499994,44.7266709138,0.9757270190614202
2018-07-24 04:00:00,45.63394123,45.92085927,45.53909427,45.76435852,45.76435852,74791600,0.7254386511442945,44.762878609,44.7475847626,0.8988804787323513
2018-07-25 04:00:00,45.77857994,46.20302856,45.62919256,46.19591522,46.19591522,66839600,0.9429973760287869,44.8860630035,44.7792166138,0.8847212154057044
2018-07-26 04:00:00,46.14613177,46.46624666,45.9090107,46.05128479,46.05128479,76304000,-0.3130805598530295,45.0052164075,44.81606536859999,0.889702485803177
2018-07-27 04:00:00,46.23623134,46.28365482,45.07670964,45.28537369,45.28537369,96096000,-1.6631698843857512,45.070187187,44.8293441772,0.9808900643816739
2018-07-30 04:00:00,45.50353059,45.57466763,44.83248116,45.03166199,45.03166199,84118000,-0.5602508698211772,45.127096939,44.84319206239999,0.9907325906972241
2018-07-31 04:00:00,45.12413103,45.56043284,44.89649326,45.12175751,45.12175751,157492000,0.2000714964062622,45.1639692305,44.862066650399996,0.9635628094905189
2018-08-01 04:00:00,47.21791623,47.84154214,46.78635418,47.77989197,47.77989197,271742800,5.891025985437071,45.372398758,44.927844238400006,1.5402152812479133
2018-08-02 04:00:00,47.56173165,49.41127621,47.50719483,49.17652512,49.17652512,249616000,2.9230563159852174,45.6331129075,45.023783340600005,1.6345054620720394
2018-08-03 04:00:00,49.0911717,49.4966503,48.72363335,49.31880951,49.31880951,133789600,0.28933396504287057,45.8704713825,45.1168772126,1.624202633250176
2018-08-06 04:00:00,49.32117652,49.61757782,49.10065568,49.57489777,49.57489777,101701600,0.5192506926755325,46.089689637000006,45.2160887148,1.611304326857815
2018-08-07 04:00:00,49.63417317,49.67685321,49.02714032,49.11013412,49.11013412,102349600,-0.9374979493780189,46.288397408,45.30396575940001,1.637366549027461
2018-08-08 04:00:00,48.85879651,49.27612828,48.49600157,49.14334106,49.14334106,90102000,0.06761728631987651,46.5180490495,45.3957315826,1.5890700954832675
2018-08-09 04:00:00,49.68397725,49.74325752,49.13148473,49.52985001,49.52985001,93970400,0.7864930256331171,46.7296800615,45.49712463379999,1.5667951984459063
2018-08-10 04:00:00,49.34186507,49.75590402,49.17767715,49.38231659,49.38231659,98444800,-0.2978676898278687,46.9303777695,45.598555145199995,1.574691560796507
2018-08-13 04:00:00,49.80587545,50.19611771,49.42277149,49.70117569,49.70117569,103563600,0.6456949005599455,47.1519975665,45.690380477800005,1.5675968943985936
2018-08-14 04:00:00,50.0081297,50.1033093,49.55601748,49.91056824,49.91056824,82992000,0.4213030116350547,47.377685166000006,45.77885330200001,1.5669881900154927
2018-08-15 04:00:00,49.78444795,50.14613696,49.57267026,50.02716064,50.02716064,115230400,0.23360262988660896,47.621651077500005,45.86263916,1.5494644657218912
2018-08-16 04:00:00,50.38646818,50.87665,50.31984173,50.76005554,50.76005554,114001600,1.4649939965091896,47.8847143175,45.957905578399995,1.5629171825750252
2018-08-17 04:00:00,50.78860754,51.86177254,50.72198109,51.77373123,51.77373123,141708000,1.9969948401675763,48.203678322,46.0759114072,1.5829008685873591
2018-08-20 04:00:00,51.89747047,52.15445612,51.18599079,51.26927567,51.26927567,121150800,-0.9743465421856667,48.495404244,46.192175064000004,1.6208854428145318
2018-08-21 04:00:00,51.58814108,51.68094247,50.92901114,51.16934204,51.16934204,104639200,-0.194919137620031,48.76565341999999,46.308668746799995,1.6307121004286946
2018-08-22 04:00:00,50.9456681,51.48343983,50.88379808,51.17172241,51.17172241,76072400,0.0046519456868177045,49.0144437795,46.420230712800006,1.6329753204310584
2018-08-23 04:00:00,51.0765414,51.64763001,51.06464667,51.27642441,51.27642441,75532800,0.2046090986758342,49.2757007605,46.5413794708,1.6230620446799793
2018-08-24 04:00:00,51.54054417,51.61192705,51.18599342,51.43584442,51.43584442,73905600,0.31090313303694384,49.583224297,46.66524246219999,1.5391795470952916
2018-08-27 04:00:00,51.67141707,52.04976455,51.47629779,51.8594017,51.8594017,82100400,0.8234671458709597,49.9246112825,46.80687171939999,1.5128011727227515
2018-08-28 04:00:00,52.11401033,52.4780776,52.09259546,52.27819824,52.27819824,91107200,0.8075614570771217,50.282433319,46.9573511506,1.5079260660649674
2018-08-29 04:00:00,52.38527881,53.18004349,52.20919616,53.0586853,53.0586853,109019200,1.4929494249532382,50.5463729855,47.1379048158,0.9276870576789622
2018-08-30 04:00:00,53.12291911,54.31506035,52.92065794,53.54647446,53.54647446,195175200,0.9193389493953319,50.764870452500006,47.3243727114,0.7459769355335918
2018-08-31 04:00:00,53.8986555,54.46022392,53.77730095,54.16516495,54.16516495,173360400,1.1554271242678604,51.0071882245,47.52814643879999,0.7623880769378977
2018-09-04 04:00:00,54.35076936,54.5339903,53.92721391,54.338871,54.338871,109560400,0.32069698331085306,51.24538688599999,47.737955398800004,0.7630398996640015
2018-09-05 04:00:00,54.48877988,54.65058594,53.56314419,53.98431778,53.98431778,133332000,-0.6524854371744326,51.48909606899999,47.953714905,0.7377582274304886
2018-09-06 04:00:00,53.83203151,54.09854097,52.65892659,53.08724213,53.08724213,137160000,-1.6617337902755658,51.686291122499995,48.140815201,0.8765344146460515
2018-09-07 04:00:00,52.78980262,53.62739342,52.51853671,52.65892792,52.65892792,150479200,-0.8068119435384213,51.842745018,48.320629425199996,0.9103882570808012
2018-09-10 04:00:00,52.57564048,52.78980005,51.50961356,51.95220566,51.95220566,158066000,-1.342074910969815,51.9712394715,48.479954376399995,0.9747907676787566
2018-09-11 04:00:00,51.87605137,53.37277544,51.53102078,53.26569748,53.26569748,142996000,2.5282695957051793,52.149465561,48.667398987,1.0973385715354929
2018-09-12 04:00:00,53.52507024,53.53934682,52.31151026,52.60419464,52.60419464,197114800,-1.2418927589343487,52.284146881000005,48.8317966462,1.1534463015663425
2018-09-13 04:00:00,53.18718716,54.33649911,52.96113283,53.8748703,53.8748703,166825600,2.415540564200147,52.476532364,49.0370680238,1.2490978223742741
2018-09-14 04:00:00,53.71780367,53.97717115,52.94921772,53.26331329,53.26331329,127997200,-1.135143354581769,52.6016952515,49.223089447,1.265276538591897
2018-09-17 04:00:00,52.86117847,53.05154131,51.69997203,51.84512329,51.84512329,148780400,-2.662601915653384,52.6052648545,49.368559112599996,1.3523804509077002
2018-09-18 04:00:00,51.82370454,52.78979532,51.6642767,51.93078613,51.93078613,126286800,0.16522834659076224,52.6383403775,49.5033641816,1.3323358093387636
2018-09-19 04:00:00,51.99266215,52.259168,51.23121428,51.96172714,51.96172714,108495200,0.059581247090201295,52.677959632500006,49.6398791504,1.3308613334886643
2018-09-20 04:00:00,52.40669544,52.89211727,52.14732428,52.35672379,52.35672379,106435200,0.7601684388506946,52.7372097015,49.7960074616,1.339149143683818
2018-09-21 04:00:00,52.5351853,52.67319827,51.70472925,51.7927742,51.7927742,384986800,-1.077129257097853,52.763027191000006,49.9259183502,1.3654519884020198
2018-09-24 04:00:00,51.59290215,52.649409,51.54769056,52.53757095,52.53757095,110773600,1.438032160864644,52.8181135175,50.0693025206,1.3992396535919678
2018-09-25 04:00:00,52.29009578,53.02061217,52.27819742,52.87070084,52.87070084,98217600,0.6340793530729361,52.868678474499994,50.221340942400005,1.394828905352894
2018-09-26 04:00:00,52.58754073,53.24191058,52.2924781,52.44952774,52.44952774,95938800,-0.7966096407054923,52.877244949499996,50.3623951722,1.39847232556349
2018-09-27 04:00:00,53.25856273,53.88199749,53.19193265,53.52744675,53.52744675,120724800,2.055154843992879,52.900683021999996,50.529987259,1.4346996793435844
2018-09-28 04:00:00,53.4893733,53.7392243,53.30615237,53.71543121,53.71543121,91717600,0.3511926523937836,52.909130859499996,50.6943200684,1.4222293579441596
2018-10-01 04:00:00,54.24131348,54.59110422,53.86059137,54.07712555,54.07712555,94403200,0.6733527626092473,52.90472888949999,50.8679735566,1.4060620389418221
2018-10-02 04:00:00,54.07473765,54.72910741,53.92720817,54.55778122,54.55778122,99152800,0.8888336151587461,52.915674400499995,51.0504340364,1.4185394378430471
2018-10-03 04:00:00,54.7410067,55.55480431,54.67675847,55.22167206,55.22167206,114619200,1.216858210056082,52.9775421145,51.239580307199994,1.4327424959308221
2018-10-04 04:00:00,54.91471025,55.28829764,53.95100132,54.25082397,54.25082397,128168000,-1.7580925274141457,53.0357212065,51.4006784822,1.4392077934955683
2018-10-05 04:00:00,54.24368116,54.35075911,52.48758965,53.37039185,53.37039185,134322000,-1.6228917011230415,53.071294403,51.5470606234,1.477866069043042
2018-10-08 04:00:00,52.87546419,53.49176073,52.397177,53.24666977,53.24666977,118655600,-0.23181782203834933,53.136017608500005,51.706286545000005,1.4421573990284735
2018-10-09 04:00:00,53.21573172,54.07950102,52.88497767,53.98431778,53.98431778,107564000,1.3853411174563401,53.1719486235,51.8853396608,1.3627040023934738
2018-10-10 04:00:00,53.6488072,53.86058492,51.40967184,51.48343658,51.48343658,167962400,-4.632606843698072,53.115910720500004,52.012573242200006,1.7035661826902908
2018-10-11 04:00:00,51.0455929,52.23059584,50.52209791,51.02893448,51.02893448,212497600,-0.8828122794284687,52.973613929500004,52.07755409239999,1.6046515534012458
2018-10-12 04:00:00,52.44952492,53.03489006,51.59765396,52.8516655,52.8516655,161351600,3.571955868908838,52.95303154,52.15105689999999,1.802340016140616
2018-10-15 04:00:00,52.62561448,52.78504233,51.69997872,51.72139359,51.72139359,123164000,-2.1385738733247783,52.946845055000004,52.199108581599994,1.7653810692666636
2018-10-16 04:00:00,52.09497153,53.06106234,51.57861472,52.86117935,52.86117935,116736000,2.2037027250951136,52.993364715999995,52.264834213200004,1.8328004974358851
2018-10-17 04:00:00,52.89687907,52.97778211,52.19253757,52.63275146,52.63275146,91541600,-0.4321278730607836,53.026915931999994,52.33528655999999,1.8367339154085423
2018-10-18 04:00:00,51.84035881,52.28771091,50.68390891,51.40252686,51.40252686,130325200,-2.337374668574854,52.9792060855,52.380470276,1.9056899864418426
2018-10-19 04:00:00,51.88795348,52.64940122,51.73804215,52.18539429,52.18539429,132314800,1.5230135128030176,52.99883709000001,52.4335811616,1.9223146367027075
2018-10-22 04:00:00,52.29960635,53.14909898,52.0973488,52.50424576,52.50424576,115168400,0.6109975297458048,52.997170830499996,52.49601974499999,1.8997707023875623
2018-10-23 04:00:00,51.35732689,53.12293532,51.0884392,52.99919891,52.99919891,155071200,0.9426916677604646,53.003595734,52.5619802094,1.9063136765925115
2018-10-24 04:00:00,52.968267,53.35612739,51.05036538,51.18124008,51.18124008,163702000,-3.4301628465878142,52.940181351,52.5873936462,2.0517859217762444
2018-10-25 04:00:00,51.8046817,52.67796764,51.57624552,52.30200195,52.30200195,119423200,2.1897903768024474,52.878909111,52.63289047240001,2.0594430647048902
2018-10-26 04:00:00,51.37397874,52.39479771,50.60539265,51.46916199,51.46916199,189033600,-1.5923672688402557,52.76659565,52.647072601400005,2.082979417109909
2018-10-29 04:00:00,52.15684493,52.27582126,49.03966359,50.50307465,50.50307465,183742000,-1.8770217012425872,52.587893105,52.62165946980001,2.1051236934946274
2018-10-30 04:00:00,50.24369449,51.20264326,49.79634603,50.7552948,50.7552948,146640000,0.49941543509568476,52.39776878400001,52.6113798524,2.0951302733279014
2018-10-31 04:00:00,51.60717808,52.45666725,51.54530806,52.07832336,52.07832336,153435600,2.606680869874478,52.240601348999995,52.629559478800005,2.171141906263401
2018-11-01 04:00:00,52.12353619,52.91115899,51.59052087,52.87784576,52.87784576,233292800,1.5352306841239338,52.1719524385,52.6636819458,2.1772286865832293
2018-11-02 04:00:00,49.86297846,50.83858215,48.88261108,49.37041473,49.37041473,365314800,-6.6330823042969556,51.9719535825,52.6255617522,2.606857914371523
2018-11-05 05:00:00,48.61373692,48.63515179,47.15508572,47.96888351,47.96888351,264654800,-2.838807872416682,51.70806426949999,52.55622253400001,2.6648568323352717
2018-11-06 05:00:00,48.04739603,48.71366414,47.99266794,48.48760986,48.48760986,127531600,1.0813809120486795,51.4332288735,52.488786697200005,2.6544673030891413
2018-11-07 05:00:00,49.01110608,49.98433152,48.57327409,49.95815659,49.95815659,133697600,3.0328299007642556,51.356964874000006,52.4423858642,2.5789154638184124
2018-11-08 05:00:00,50.13962431,50.17305377,49.36835669,49.78384018,49.78384018,101450400,-0.34892482408948045,51.294710159,52.376888961800006,2.573341866439949
2018-11-09 05:00:00,49.08183008,49.19166819,48.29384572,48.82394409,48.82394409,137463200,-1.9281278554032166,51.0933240885,52.2824383544,2.4522708190409044
2018-11-12 05:00:00,47.51779318,47.72076009,46.27373278,46.36447144,46.36447144,204542000,-5.0374313174419205,50.825477981,52.12642448420001,2.6409323841207
2018-11-13 05:00:00,45.75797753,47.08321998,45.71499471,45.90124512,45.90124512,187531600,-0.9990975969594751,50.4774812695,51.95767196659999,2.5635971857736433
2018-11-14 05:00:00,46.30000112,46.43849563,44.39690118,44.60464478,44.60464478,243204000,-2.8247607153363385,50.0760759355,51.7700785066,2.6072871681328147
2018-11-15 05:00:00,44.98430756,45.83915072,44.62851975,45.70543289,45.70543289,185915200,2.467877763469084,49.791221237,51.6224423218,2.6777635253171823
2018-11-16 05:00:00,45.48814276,46.55550262,45.23981015,46.21165466,46.21165466,147713200,1.1075746098244688,49.492534255500004,51.493496856600004,2.6623954966375276
2018-11-19 05:00:00,45.3687529,45.53590021,44.17245184,44.3801918,44.3801918,167701200,-3.9632055451701564,49.0863315575,51.34205657940001,2.7504584713905693
2018-11-20 05:00:00,42.59170422,43.33193266,41.90878499,42.25979614,42.25979614,271300800,-4.777797422678109,48.549361419,51.12193855260001,2.8550939520037923
2018-11-21 05:00:00,42.91645264,43.04539745,42.15712471,42.21204376,42.21204376,124496800,-0.11299718494098832,48.100901603,50.914095534999994,2.807737833018826
2018-11-23 05:00:00,41.77268864,42.1690692,41.09454595,41.13991165,41.13991165,94496000,-2.539872544659749,47.542797088,50.659396361999995,2.7300768734026155
2018-11-26 05:00:00,41.60554257,41.77507643,40.65518381,41.69627762,41.69627762,179994000,1.352375218336177,47.0541528695,50.428055648599994,2.7842381196187307
2018-11-27 05:00:00,40.95366117,41.7320959,40.8032304,41.60554123,41.60554123,165549600,-0.21761268674130863,46.6092761985,50.223264007400005,2.7817615951970858
2018-11-28 05:00:00,42.20010185,43.28895132,41.77029189,43.20537949,43.20537949,184250000,3.8452528502295413,46.231780433,50.048755874600005,2.966525590616158
2018-11-29 05:00:00,43.61608139,43.64951085,42.43171671,42.87346649,42.87346649,167080000,-0.7682214666736686,45.7715375895,49.8669906616,2.859000219375182
2018-11-30 05:00:00,43.05017008,43.05972343,42.27173909,42.64185333,42.64185333,158126000,-0.5402249432152062,45.259737968,49.672693252399995,2.8019702811613523
2018-12-03 05:00:00,44.04589683,44.16051161,43.26985238,44.13185883,44.13185883,163210000,3.4942325054894585,44.997810173000005,49.519474945,2.6473338497474135
2018-12-04 05:00:00,43.20776952,43.55161752,42.09026718,42.19055557,42.19055557,165377200,-4.398870365914287,44.708893776,49.312534637400006,2.7404206509773994
2018-12-06 05:00:00,41.01335473,41.7344802,40.69338648,41.72015381,41.72015381,172393600,-1.1149456404278446,44.3705209735,49.0895236968,2.713208699458998
2018-12-07 05:00:00,41.42644701,41.66522991,40.18716317,40.2325325,40.2325325,169126400,-3.5657138676306377,43.884239769,48.845183792,2.6336920234040835
2018-12-10 05:00:00,39.39917868,40.61458277,39.00041167,40.49758148,40.49758148,248104000,0.6587926822652967,43.419926833999995,48.5845864866,2.6572144126699953
2018-12-11 05:00:00,40.98948034,41.02051964,39.87675096,40.26596832,40.26596832,189126800,-0.5719184986747505,42.9920280455,48.315597228799994,2.649391556216039
2018-12-12 05:00:00,40.68861547,41.05156659,40.35909746,40.37820053,40.37820053,142510800,0.2787272098067506,42.6927145,48.041618728399996,2.476133628106909
2018-12-13 05:00:00,40.71010436,41.20677331,40.48564782,40.81994247,40.81994247,127594400,1.0940109618599703,42.4386493675,47.7668619534,2.5050897771381613
2018-12-14 05:00:00,40.35431468,40.37341776,39.4660419,39.51379776,39.51379776,162814800,-3.199771070133006,42.18410701649999,47.4527044674,2.5243038756041023
2018-12-17 05:00:00,39.50663328,40.19910594,38.85714345,39.14607239,39.14607239,177151600,-0.9306252267461179,41.8561389915,47.15060943580001,2.4210630058483944
2018-12-18 05:00:00,39.48992516,40.00330704,39.25352873,39.65468597,39.65468597,135366000,1.299271035246763,41.528290557000005,46.8762953182,2.429143123108583
2018-12-19 05:00:00,39.63796657,39.98420109,37.98797564,38.41778564,38.41778564,196189200,-3.1191782250797773,41.230170249000004,46.5797176356,2.376857752803319
2018-12-20 05:00:00,38.30077925,38.70909965,37.08298853,37.44832611,37.44832611,259092000,-2.5234654050196204,40.989596747499995,46.2489978022,2.2212481015849104
2018-12-21 05:00:00,37.45547738,37.76589581,35.72907842,35.99173737,35.99173737,382978400,-3.889596388691563,40.678581427999994,45.939163818,2.3370515521323116
2018-12-24 05:00:00,35.375685,36.18754904,35.00318426,35.06049347,35.06049347,148676800,-2.587382460665044,40.374610519,45.6197949978,2.3389708614661475
2018-12-26 05:00:00,35.4115216,37.54385215,35.034244,37.52952576,37.52952576,234330000,7.04220632864927,40.166272926,45.313352203,2.8915035133426175
2018-12-27 05:00:00,37.21191997,37.43398993,35.8341455,37.28594208,37.28594208,212468400,-0.649045451727015,39.9502929685,45.024643172800005,2.891007095063653
2018-12-28 05:00:00,37.60832057,37.85188024,36.90391148,37.30506516,37.30506516,169165600,0.051287640684982705,39.655277252,44.713520888999994,2.709126263333509
2018-12-31 05:00:00,37.85425197,38.0524422,37.3647463,37.66561508,37.66561508,140014000,0.9664905246877797,39.3948846815,44.4141781614,2.7343783932456818
2019-01-02 05:00:00,36.98509086,37.93067294,36.82749324,37.70860291,37.70860291,148158800,0.11413016861319125,39.1482221605,44.1402996824,2.7391714062792984
2019-01-03 05:00:00,34.37996114,34.7954447,33.90717202,33.95254135,33.95254135,365248800,-9.960755027081447,38.6392562865,43.7756426236,3.284500603332494
2019-01-04 05:00:00,34.51129537,35.47120374,34.33698486,35.40195465,35.40195465,234428400,4.268939061317134,38.2998262405,43.43359680140001,3.4163939346073846
2019-01-07 05:00:00,35.50701448,35.53805742,34.83842167,35.32315063,35.32315063,219111200,-0.2225979349984808,37.9799760815,43.080075835799995,3.4181235284970684
2019-01-08 05:00:00,35.71237256,36.25202428,35.46403992,35.99652481,35.99652481,164101200,1.9063253644993283,37.768175697000004,42.776381530399995,3.4017226203587905
2019-01-09 05:00:00,36.12546466,36.8991226,35.7290878,36.60780716,36.60780716,180396400,1.6981704573608924,37.573686981,42.4624976346,3.4281732913934833
2019-01-10 05:00:00,36.41439683,36.76540803,36.02279297,36.72481537,36.72481537,143122800,0.31962638321547665,37.3966293335,42.1676107022,3.432253926529521
2019-01-11 05:00:00,36.50513105,36.70093113,36.177996,36.36424637,36.36424637,108092800,-0.9818129686079979,37.1959316255,41.88483413659999,3.4306659731041322
2019-01-14 05:00:00,36.02039164,36.12067999,35.63117446,35.81742477,35.81742477,129756800,-1.5037341745960497,36.945805740500006,41.586076736,3.4176782743164456
2019-01-15 05:00:00,35.88190614,36.62690759,35.82937361,36.55049896,36.55049896,114843600,2.046697088658389,36.7976408005,41.275520248,3.4085668141515804
2019-01-16 05:00:00,36.55289572,37.22148873,36.53379264,36.99703217,36.99703217,122278800,1.2216884111176496,36.6901887895,40.9579039762,3.422644704435321
2019-01-17 05:00:00,36.82032103,37.64651144,36.59586453,37.21670151,37.21670151,119284800,0.5937485444525104,36.5682895665,40.7148297118,3.4097175726019286
2019-01-18 05:00:00,37.60830874,37.69904741,37.24535769,37.44593811,37.44593811,135004000,0.6159508787698664,36.51969719,40.5043708038,3.34660251452792
2019-01-22 05:00:00,37.34803412,37.42444275,36.44304489,36.60541916,36.60541916,121576000,-2.244619823733407,36.477551842500006,40.2667269898,3.3364245732331144
2019-01-23 05:00:00,36.80837897,37.04477533,36.22336165,36.75345993,36.75345993,92522400,0.40442309744610494,36.5156379705,40.0026330566,3.212871687625809
2019-01-24 05:00:00,36.79881996,36.88716844,36.23290585,36.46213531,36.46213531,101766000,-0.7926454286340645,36.585720062499995,39.7361989592,3.156819758376146
2019-01-25 05:00:00,37.12596633,37.75874324,36.84898092,37.67039108,37.67039108,134142000,3.313727404408562,36.5927633285,39.513127899000004,2.8271488736930332
2019-01-28 05:00:00,37.1999919,37.32893673,36.69138673,37.32177353,37.32177353,104768400,-0.925441812535599,36.594554901,39.3322739408,2.8314607982157494
2019-01-29 05:00:00,37.30982742,37.75874043,36.79883217,36.93493652,36.93493652,166348800,-1.0364914992291419,36.576048469,39.1529477688,2.8417519097687034
2019-01-30 05:00:00,38.98131172,39.67378073,38.26018628,39.45887756,39.45887756,244439200,6.833478754277267,36.665711593,39.0500324244,3.2248463655768744
2019-01-31 05:00:00,39.66422794,40.35431038,39.29411371,39.74302673,39.74302673,162958400,0.7201146803224034,36.767432784,38.9307843012,3.226018445676723
2019-02-01 05:00:00,39.86719197,40.34953078,39.62124225,39.76212692,39.76212692,130672400,0.04805922339474744,37.057912062499994,38.8017937464,2.1427138946806554
2019-02-04 05:00:00,39.9746456,40.98947291,39.94360265,40.89157104,40.89157104,125982000,2.8405022756262666,37.332392882,38.7320213312,2.0429833046732533
2019-02-05 05:00:00,41.27601026,41.80610857,41.1542323,41.59120178,41.59120178,144406400,1.710941209169059,37.6457954395,38.718649444,2.040644520469558
2019-02-06 05:00:00,41.70343947,41.92312298,41.27363308,41.60554123,41.60554123,112958400,0.034477123493203976,37.9262462605,38.7065193934,2.032044394076596
2019-02-07 05:00:00,41.16617166,41.53389938,40.67427946,40.81755066,40.81755066,126966800,-1.893955821038118,38.1367334355,38.7000721736,2.101018870338997
2019-02-08 05:00:00,40.52498734,40.9254646,40.38829559,40.86551285,40.86551285,95280000,0.11750384142230619,38.3437683095,38.6834568782,2.102752925166653
2019-02-11 05:00:00,41.01898679,41.05735679,40.58733348,40.63049698,40.63049698,83973600,-0.5750958537157014,38.55708084,38.6639559932,2.089018396922459
2019-02-12 05:00:00,40.79117161,41.00699644,40.69524661,40.98061752,40.98061752,89134000,0.8617185760054769,38.8152404775,38.6194607538,2.0312081626507528
2019-02-13 05:00:00,41.10052424,41.36191301,40.74800763,40.81035614,40.81035614,89960800,-0.4154680683298828,39.0282333365,38.578198546799996,2.0195359265325417
2019-02-14 05:00:00,40.69764902,41.06934696,40.61851227,40.95903778,40.95903778,87342800,0.3643233092353926,39.226333617,38.5445422358,2.0141032945337605
2019-02-15 05:00:00,41.06695256,41.17486499,40.70724203,40.86791229,40.86791229,98507200,-0.22247956724339435,39.408894156,38.479263304999996,2.020975007410056
2019-02-19 05:00:00,40.69765408,41.11251923,40.64489624,40.9902153,40.9902153,75891200,0.29926414917438304,39.586108015499995,38.4552564996,2.021159958051229
2019-02-20 05:00:00,41.0525608,41.56335088,41.00460013,41.2539978,41.2539978,104457600,0.64352552937188,39.8185369475,38.445933379399996,1.9173490183044501
2019-02-21 05:00:00,41.19883986,41.33552794,40.83912939,41.02138138,41.02138138,68998800,-0.5638639462961281,40.031933020000004,38.461710357,1.9351290985291796
2019-02-22 05:00:00,41.1460881,41.48661363,41.09812743,41.47941971,41.47941971,75652800,1.116584363059303,40.28279724,38.4813471216,1.9114155670944997
2019-02-25 05:00:00,41.76478966,42.1748576,41.71442858,41.78157425,41.78157425,87493600,0.7284444722527095,40.488356398499995,38.511659240200004,1.8073443172490258
2019-02-26 05:00:00,41.65687047,42.03816268,41.52737266,41.80554962,41.80554962,68280800,0.05738263919052855,40.712545203000005,38.540206222,1.7786995412617972
2019-02-27 05:00:00,41.53696277,41.96621559,41.4218528,41.93503952,41.93503952,111341600,0.30974332636939383,40.962550353,38.562508163,1.739203708217849
2019-02-28 05:00:00,41.80316427,41.94464955,41.46743223,41.52258682,41.52258682,112861600,-0.9835514756181052,41.065735816,38.602683944199995,0.9963466456491877
2019-03-01 05:00:00,41.79356274,42.00219365,41.46023116,41.95903015,41.95903015,103544800,1.0510986030132896,41.176535987,38.6589430994,1.0070838741254011
2019-03-04 05:00:00,42.13169302,42.62569486,41.71922468,42.17006302,42.17006302,109744800,0.5029498280717526,41.296932792,38.7092506404,1.0067908164051544
2019-03-05 05:00:00,42.1916445,42.20603234,41.8559125,42.09332275,42.09332275,78949600,-0.18197807758457696,41.3570203775,38.7827613826,0.8135525208017975
2019-03-06 05:00:00,41.88708576,42.08372925,41.71202769,41.85111618,41.85111618,83241600,-0.5754037794509781,41.3700160975,38.870817183999996,0.7396657542911321
2019-03-07 05:00:00,41.69524511,41.83193686,41.25160432,41.36671066,41.36671066,99185600,-1.157449464230742,41.358074569,38.9783166498,0.7861615758099276
2019-03-08 05:00:00,40.8439314,41.50340067,40.64728789,41.46503067,41.46503067,95997600,0.23767906229745783,41.3904485695,39.1064073938,0.6527400916804043
2019-03-11 04:00:00,42.08373111,42.95422802,42.05015827,42.90147018,42.90147018,128044000,3.464219094474874,41.492246436,39.213846282199995,0.9995218412700128
2019-03-12 04:00:00,43.16525865,43.80554288,43.01417907,43.38348389,43.38348389,129870400,1.1235365780651208,41.6298957815,39.3357971184,0.998060360551944
2019-03-13 04:00:00,43.70481916,43.95661721,43.38587546,43.57532501,43.57532501,124130000,0.4421985115036442,41.759631156,39.4612023154,0.9907455420844252
2019-03-14 04:00:00,44.10051636,44.1484807,43.77917579,44.0597496,44.0597496,94318000,1.1116947260607635,41.922100829,39.5890850058,0.9905748754700406
2019-03-15 04:00:00,44.32832889,44.92304927,44.06214295,44.63288116,44.63288116,156171600,1.3008053046220436,42.105792998000005,39.7275705708,1.0112939759756139
2019-03-18 04:00:00,44.5561406,45.17723984,44.55374018,45.08851242,45.08851242,104879200,1.020842141843037,42.316823004499994,39.9502899922,1.0069413497522601
2019-03-19 04:00:00,45.16765939,45.32113576,44.58492635,44.7312088,44.7312088,126585600,-0.792449342022461,42.5038726795,40.1368750752,1.0470388811097653
2019-03-20 04:00:00,44.65926371,45.441037,44.29955316,45.1220932,45.1220932,124140800,0.8738516362204907,42.69727744949999,40.332853926599995,1.050623374735693
2019-03-21 04:00:00,45.56813111,47.08131283,45.51777003,46.78395081,46.78395081,204136800,3.683024195340301,42.985405921,40.5486024466,1.2451682885025612
2019-03-22 04:00:00,46.84389095,47.40743877,45.75037179,45.8151207,45.8151207,169630800,-2.070859970622474,43.2021909705,40.7327487174,1.381113928321729
2019-03-25 04:00:00,45.92543599,46.03814556,44.74798643,45.26117325,45.26117325,175381200,-1.209093071318712,43.3761709205,40.903475875,1.4318077031403962
2019-03-26 04:00:00,45.96139944,46.2539642,44.26356585,44.79353714,44.79353714,199202000,-1.033194847639085,43.52557029649999,41.0720616904,1.4663110850691141
2019-03-27 04:00:00,45.26356442,45.50576814,44.73598983,45.19641876,45.19641876,119393600,0.89941908079465,43.688639258500004,41.2596415702,1.4712546081298314
2019-03-28 04:00:00,45.31153658,45.45781901,44.97101104,45.25638199,45.25638199,83121600,0.13267252504765015,43.875329017,41.43375923080001,1.437373909564826
2019-03-29 04:00:00,45.52255871,45.58251046,45.21320567,45.55133438,45.55133438,94256000,0.6517365662707553,44.0549442285,41.604845274999995,1.4312156911501035
2019-04-01 04:00:00,45.95660858,45.96619925,45.17483916,45.86068726,45.86068726,111448000,0.6791302257345588,44.239475440499994,41.777724989999996,1.4322870594322024
2019-04-02 04:00:00,45.82471878,46.63287086,45.81512811,46.52735519,46.52735519,91062800,1.4536806354872756,44.4611770625,41.9593533316,1.4421667135227083
2019-04-03 04:00:00,46.34270961,47.12208247,46.31872744,46.84630585,46.84630585,93087200,0.6855121222719918,44.710936546000006,42.1641710654,1.4195202143600907
2019-04-04 04:00:00,46.71200126,47.09089674,46.3163212,46.92782974,46.92782974,76457200,0.174024159473829,44.9889925,42.3676584616,1.3641438390310237
2019-04-05 04:00:00,47.11007931,47.26595604,46.98537866,47.24197388,47.24197388,74106400,0.6694197062606433,45.2778396605,42.583255233,1.3608305480745944
2019-04-08 04:00:00,47.10289791,48.01656214,47.08371291,47.98538971,47.98538971,103526800,1.573634141300606,45.532035637,42.7895552056,1.213717181082461
2019-04-09 04:00:00,48.03813901,48.64485041,47.7767466,47.84149551,47.84149551,143072800,-0.29987085833755867,45.754936218,42.9999496452,1.2211667707493634
2019-04-10 04:00:00,47.64484321,48.1388486,47.52493973,48.11006927,48.11006927,86781200,0.5613824508137633,45.981673431000004,43.22345230020001,1.2211744861531595
2019-04-11 04:00:00,48.16524171,48.2012113,47.58730591,47.70960617,47.70960617,83603200,-0.8323893647970926,46.16416625949999,43.3884668724,1.2472896943607323
2019-04-12 04:00:00,47.76954735,47.99496649,47.05252686,47.69041061,47.69041061,111042800,-0.040234161505336985,46.317042732000004,43.547414550000006,1.232618103918589
2019-04-15 04:00:00,47.62086796,47.92542384,47.48417624,47.77674103,47.77674103,70146400,0.18102259740639948,46.4514541625,43.7077068322,1.2224307903617162
2019-04-16 04:00:00,47.83189717,48.28992568,47.61606872,47.7815361,47.7815361,102785600,0.010036410807079399,46.6039705275,43.8455061334,1.197708759798712
2019-04-17 04:00:00,47.85109181,48.77195356,47.62807303,48.7120018,48.7120018,115627200,1.947333166628784,46.783465957500006,43.987922133800005,1.2461023978547054
2019-04-18 04:00:00,48.70958455,48.9565854,48.56570258,48.887043,48.887043,96783200,0.3593389586383111,46.888620567,44.1335521692,0.9763704591798258
2019-04-22 04:00:00,48.64006586,49.14605889,48.52255908,49.04773712,49.04773712,77758000,0.3287049290340738,47.050251388,44.2981558984,0.813256089943806
2019-04-23 04:00:00,49.02374536,49.81990639,48.89664793,49.75515747,49.75515747,93292000,1.4423098628775222,47.27495059900001,44.475948790800004,0.7610851475670475
2019-04-24 04:00:00,49.72637787,49.99496053,49.65203829,49.67841721,49.67841721,70162400,-0.15423578961893947,47.5191946025,44.6569071954,0.6914736627379213
2019-04-25 04:00:00,49.5992903,49.82230909,49.18921865,49.22758865,49.22758865,74172800,-0.9074938078124761,47.720753097,44.821846618,0.7546069834422354
2019-04-26 04:00:00,49.13646245,49.16044461,48.46979915,48.99258041,48.99258041,74596400,-0.47739132962791864,47.907563018,44.9854911034,0.779220510493406
2019-04-29 04:00:00,49.01656014,49.39305897,48.88706594,49.06692123,49.06692123,88818800,0.15173893552424822,48.0833423605,45.1476487724,0.778749077249576
2019-04-30 04:00:00,48.69521276,48.77674627,47.74797576,48.12207413,48.12207413,186139600,-1.925629479728408,48.196411704,45.2927320092,0.9286432378775039
2019-05-01 04:00:00,50.33070409,51.63285459,50.17482731,50.48418045,50.48418045,259309200,4.908571300602826,48.394252967,45.48261131220001,1.3779476214824127
2019-05-02 04:00:00,50.32110326,50.99496039,49.91103531,50.15563583,50.15563583,127985200,-0.6507872705299955,48.559719466000004,45.6606440728,1.3965549455653734
2019-05-03 04:00:00,50.57290247,50.80071841,50.41462896,50.77913666,50.77913666,83569600,1.2431321419457575,48.752284812,45.855799178400005,1.4098233078299525
2019-05-06 04:00:00,48.9901689,50.08129145,48.80072299,49.99496078,49.99496078,129772400,-1.5442875392911448,48.889934157,46.0261099998,1.4733900632345145
2019-05-07 04:00:00,49.37146934,49.74077053,48.16044318,48.64725113,48.64725113,155054800,-2.6956909835983645,48.923027228,46.16342353740001,1.5833664244411974
2019-05-08 04:00:00,48.41702667,49.24196325,48.38105709,48.65683365,48.65683365,105358000,0.019697968081278106,48.963794135,46.300449218000004,1.5809388618879343
2019-05-09 04:00:00,48.05731991,48.36427257,47.1604441,48.13405991,48.13405991,139634400,-1.074409699078327,48.964993667,46.4244296258,1.5978326151207136
2019-05-10 04:00:00,47.52501984,47.8692664,46.40562437,47.46724319,47.46724319,164834800,-1.3853323846914178,48.952875518,46.5433227532,1.617914469701961
2019-05-13 04:00:00,45.18752827,45.61361865,44.01757778,44.70847321,44.70847321,229722400,-5.811944816254233,48.803778648,46.5983116144,2.0735756443399564
2019-05-14 04:00:00,44.87458171,45.66658358,44.63385116,45.41622543,45.41622543,146118800,1.583038223371247,48.685752868,46.6632348626,2.114059731248637
2019-05-15 04:00:00,44.84086333,46.1600652,44.78068071,45.96025848,45.96025848,106178800,1.1978825735716958,48.594688987,46.7405735772,2.137760268046389
2019-05-16 04:00:00,45.71714052,46.33341015,45.45955706,45.75806427,45.75806427,132125600,-0.4399327085768845,48.4469921105,46.818712538999996,2.0790220498723193
2019-05-17 04:00:00,44.99975581,45.9554563,44.95883206,45.49806976,45.49806976,131516400,-0.5681938564224942,48.2775434485,46.90133972099999,2.074075836092467
2019-05-20 04:00:00,44.17886393,44.37867069,43.39889576,44.0753479,44.0753479,154449200,-3.1269938867841796,48.0289239875,46.9535460656,2.157859952832249
2019-05-21 04:00:00,44.58810172,45.25733219,44.46292084,44.92031097,44.92031097,113459200,1.9170876924603952,47.7871816625,46.9939228814,2.182942961656362
2019-05-22 04:00:00,44.45329164,44.70605938,43.94535018,44.00071716,44.00071716,118994400,-2.0471670612746906,47.503296660000004,47.0062675468,2.2086381483515267
2019-05-23 04:00:00,43.28334354,43.46148176,42.80428854,43.24964142,43.24964142,146118800,-1.7069624962449126,47.2043992985,46.999753875,2.22203883421414
2019-05-24 04:00:00,43.37963554,43.8466533,42.99928091,43.08353806,43.08353806,94858800,-0.38405719572784935,46.908947181,46.9802296442,2.2224557850280653
2019-05-28 04:00:00,43.07150014,43.47351963,42.82836366,42.90539551,42.90539551,111792800,-0.41348171023446456,46.600870895,46.945679931200004,2.215749337904747
2019-05-29 04:00:00,42.46966847,43.17501064,42.36856211,42.70077133,42.70077133,113924800,-0.476919458654812,46.329805755,46.897925109400006,2.1952754266197436
2019-05-30 04:00:00,42.8379917,43.14612644,42.52985695,42.92224884,42.92224884,84873600,0.518673323927521,45.951709174499996,46.86174591020001,1.8027383044221652
2019-05-31 04:00:00,42.42393606,42.8476241,42.12543259,42.14469147,42.14469147,108174400,-1.8115485348833449,45.551161956499996,46.8021978756,1.8165734158441804
2019-06-03 04:00:00,42.27227058,42.83076334,40.98917678,41.71858978,41.71858978,161584400,-1.011044748787182,45.0981346125,46.700890655,1.7485006760001467
2019-06-04 04:00:00,42.2337599,43.29056665,42.01228827,43.24482727,43.24482727,123872000,3.6584110298274686,44.760627937,46.649484786399995,2.022957769059666
2019-06-05 04:00:00,44.36181596,44.53273623,43.60592234,43.94294357,43.94294357,119093600,1.6143348096670396,44.525412559,46.623120192799995,2.0290616545246043
2019-06-06 04:00:00,44.07294866,44.64829451,43.84906734,44.58811188,44.58811188,90105200,1.468195477101486,44.3219764705,46.61901168760001,2.0734811286272494
2019-06-07 04:00:00,44.89864349,46.20099635,44.72050527,45.77490234,45.77490234,122737600,2.6616746257253743,44.204018592,46.630581359199994,2.176676385404817
2019-06-10 04:00:00,46.17451503,47.031515,46.12877565,46.35987854,46.35987854,104883600,1.2779409023202293,44.148650359499996,46.65265129019999,2.183616150310688
2019-06-11 04:00:00,46.90875433,47.18318701,46.60543517,46.89671707,46.89671707,107731600,1.1579808811121195,44.2580625525,46.679558944,1.7328653276434285
2019-06-12 04:00:00,46.68968277,47.17595944,46.55487426,46.74745941,46.74745941,73012800,-0.3182688881552487,44.3246242515,46.697294387,1.7080600911515083
2019-06-13 04:00:00,46.87022217,47.37334797,46.60542085,46.73781967,46.73781967,86698400,-0.020620885330802086,44.363502311000005,46.701503676600005,1.6906734211012966
2019-06-14 04:00:00,46.11192946,46.60301808,45.81101633,46.39839935,46.39839935,75046000,-0.7262219812488757,44.395519065,46.6925455466,1.6966641585550997
2019-06-17 04:00:00,46.43690744,46.93281531,46.26117522,46.67523193,46.67523193,58676400,0.5966425218933757,44.4543771735,46.6874935904,1.693117971275463
2019-06-18 04:00:00,47.19522031,48.21591539,46.99300755,47.77297211,47.77297211,106204000,2.3518687205374755,44.639258384,46.698113555,1.5756266382585882
2019-06-19 04:00:00,48.06906436,48.1172134,47.49853425,47.63334274,47.63334274,84496800,-0.29227691691128266,44.7749099725,46.6910726156,1.5418842746412513
2019-06-20 04:00:00,48.23517144,48.29294809,47.67186292,48.01610947,48.01610947,86056000,0.8035689035919225,44.975679588000006,46.6945648948,1.4415104153400347
2019-06-21 04:00:00,47.85722119,48.35071942,47.70074417,47.85240555,47.85240555,191202400,-0.3409354106506335,45.2058177945,46.689411620399994,1.3643583796698533
2019-06-24 04:00:00,47.79461754,48.18460333,47.70554845,47.80424881,47.80424881,72881600,-0.10063598568662568,45.441853332,46.6913044732,1.3559672218539218
2019-06-25 04:00:00,47.76815959,47.96796638,47.01226584,47.07967377,47.07967377,84281200,-1.515712636506128,45.650567245,46.6790897364,1.4173369816420656
2019-06-26 04:00:00,47.60927874,48.38443135,47.50817235,48.09796143,48.09796143,104270000,2.1629029652471266,45.920426750000004,46.6855141444,1.446661545353651
2019-06-27 04:00:00,48.21591401,48.52405246,48.04259142,48.08351517,48.08351517,83598800,-0.03003507751783152,46.178490066500004,46.69155372579999,1.4536060904317731
2019-06-28 04:00:00,47.82833196,48.02573273,47.43594376,47.64537811,47.64537811,124442400,-0.9112001451036966,46.4535243985,46.67022125199999,1.3881325106290368
2019-07-01 04:00:00,48.90921594,49.22698197,48.30257405,48.5192337,48.5192337,109012000,1.834082600798137,46.793556594500004,46.662865066,1.3571573976360083
2019-07-02 04:00:00,48.48552519,48.8995819,48.47348794,48.80328751,48.80328751,67740800,0.5854457878628816,47.0714796065,46.6579760738,1.1741434574802876
2019-07-03 04:00:00,48.93570266,49.21495096,48.79367253,49.20772934,49.20772934,45448000,0.8287184135231218,47.334718894999995,46.6470275112,1.1518074569710866
2019-07-05 04:00:00,48.95254642,49.36900913,48.84421476,49.16438675,49.16438675,69062000,-0.08808085758342798,47.5635326385,46.636746902,1.140709427880502
2019-07-08 04:00:00,48.34108871,48.48311881,47.76333701,48.15091324,48.15091324,101354400,-2.0613976436917425,47.6823331835,46.615213393800005,1.1575021624374395
2019-07-09 04:00:00,47.95351073,48.50959755,47.85962599,48.44460297,48.44460297,82312000,0.6099359497838686,47.786569405,46.604253844999995,1.1360118915994446
2019-07-10 04:00:00,48.59145467,49.04402553,48.52164077,48.92366028,48.92366028,71588400,0.9888765324316262,47.8879165655,46.601388625999995,1.1293220410503115
2019-07-11 04:00:00,48.94292184,49.20291124,48.55775521,48.56738281,48.56738281,80767200,-0.728231428231152,47.9789127355,46.610294799600005,1.1432001761900887
2019-07-12 04:00:00,48.73589121,49.10902423,48.67570858,48.94051361,48.94051361,70380800,0.768274464077523,48.0890474325,46.5794214628,1.1488799131643828
2019-07-15 04:00:00,49.13067846,49.55917838,49.1090136,49.40029907,49.40029907,67789600,0.9394782074907626,48.2391424185,46.56431472760001,1.1356950575480393
2019-07-16 04:00:00,49.25105405,49.61696546,48.98865868,49.22938919,49.22938919,67467200,-0.3459693224889704,48.3668502815,46.5333197782,1.1431475870448164
2019-07-17 04:00:00,49.12106343,49.37142155,48.93329391,48.9525528,48.9525528,56430000,-0.5623396807373671,48.425829316,46.5124716186,1.04579415529479
2019-07-18 04:00:00,49.10902296,49.56159748,49.03680307,49.50863647,49.50863647,74162400,1.1359645987655265,48.5195940025,46.529699325399996,1.064241943845946
2019-07-19 04:00:00,49.53993304,49.71085333,48.71422911,48.7695961,48.7695961,83717200,-1.4927504021400861,48.557268334,46.5319545744,1.1180527049367575
2019-07-22 04:00:00,49.0247647,49.88658033,49.0151371,49.88417435,49.88417435,89111600,2.2853956955366295,48.658856774,46.566956863200005,1.2155231748168958
2019-07-23 04:00:00,50.18267957,50.29100756,49.90102167,50.27415466,50.27415466,73420800,0.7817716040838807,48.782352066499996,46.623095092599996,1.2194663803942576
2019-07-24 04:00:00,49.9925077,50.34878784,49.87214243,50.23323822,50.23323822,59966400,-0.08138662952508202,48.940030289000006,46.7335903928,1.149771707556602
2019-07-25 04:00:00,50.28620161,50.37045877,49.76622277,49.83603668,49.83603668,55638400,-0.7907145827637629,49.02693405149999,46.82198661779999,1.0902328608157337
2019-07-26 04:00:00,49.94676517,50.48840882,49.86491768,50.00935745,50.00935745,70475600,0.3477820098594542,49.1232261655,46.902968597199994,1.089615031761712
2019-07-29 04:00:00,50.18268013,50.70747084,50.17786449,50.47636795,50.47636795,86693600,0.9338462316115903,49.2647756575,46.9973346708,1.068285827419901
2019-07-30 04:00:00,50.25490421,50.59192916,49.90584568,50.25971985,50.25971985,135742800,-0.42920699091225645,49.351799965000005,47.0925676726,1.0151607840072057
2019-07-31 04:00:00,52.09889907,53.29051442,50.86635997,51.28522873,51.28522873,277125600,2.040419013597017,49.475897026,47.2367652892,1.094669015670604
2019-08-01 04:00:00,51.49224923,52.48646731,49.76862175,50.17545319,50.17545319,216071600,-2.1639282254986236,49.5242832185,47.3418681336,1.2103957388652757
2019-08-02 04:00:00,49.47733225,49.6939882,48.5384849,49.11383057,49.11383057,163448400,-2.115820690208703,49.5217554095,47.444130401799995,1.3083294012899107
2019-08-05 04:00:00,47.66222258,47.82110188,46.35986997,46.54282379,46.54282379,209572000,-5.2347918094795,49.441350936999996,47.509994049199996,1.7043596435375996
2019-08-06 04:00:00,47.257796,47.68148396,46.71133683,47.4239006,47.4239006,143299200,1.8930454541722597,49.3903158185,47.59680130000001,1.7580006220356095
2019-08-07 04:00:00,47.04114039,48.04017034,46.65837984,47.91498947,47.91498947,133457600,1.0355303207598254,49.339882278,47.6969931792,1.759539921202874
2019-08-08 04:00:00,48.19424706,48.99588009,47.99925593,48.97180557,48.97180557,108038000,2.2056064536165154,49.360103416,47.822413864,1.8245537492129493
2019-08-09 04:00:00,48.6431696,48.99596946,48.15746049,48.56826019,48.56826019,98478800,-0.8240361475403968,49.341490745,47.935334090999994,1.8266462947304967
2019-08-12 04:00:00,48.23720759,48.82440727,48.12363406,48.44502258,48.44502258,89927600,-0.2537410430554665,49.2937269205,48.061340713199996,1.813021915184145
2019-08-13 04:00:00,48.57550403,51.26259663,48.44501359,50.49658203,50.49658203,188874000,4.234819886010266,49.357086562499994,48.2369005582,2.0515443676770033
2019-08-14 04:00:00,49.09262473,49.88522045,48.95488524,48.99354935,48.99354935,146189600,-2.976503794072727,49.35913639,48.3518749998,2.1634630458652677
2019-08-15 04:00:00,49.16511874,49.57108078,48.24928165,48.74948883,48.74948883,108909600,-0.4981482730644471,49.321179008,48.448005905,2.150176432499676
2019-08-16 04:00:00,49.3632743,50.05921356,49.25694984,49.89972687,49.89972687,110481600,2.3594873866495947,49.377685546500004,48.554238204799994,2.186846259211256
2019-08-19 04:00:00,50.89530059,51.405172,50.75273083,50.83005905,50.83005905,97654400,1.8644033511921343,49.4249797815,48.655341339,2.167019394108562
2019-08-20 04:00:00,50.95813026,51.55499408,50.82280957,50.83247375,50.83247375,107537200,0.0047505355003085725,49.452895736,48.7447932432,2.1614210708478994
2019-08-21 04:00:00,51.46800013,51.62748312,51.13211353,51.38342285,51.38342285,86141600,1.083852622852155,49.5104049675,48.834527358799996,2.1725867046388894
2019-08-22 04:00:00,51.51633142,51.81838786,50.92671665,51.33993149,51.33993149,89014800,-0.08464083859685001,49.585599708000004,48.9263768004,2.1624513217941943
2019-08-23 04:00:00,50.60773339,51.24084608,48.57066689,48.96696472,48.96696472,187272000,-4.622068438993154,49.5334800715,48.9709597014,2.412209684530374
2019-08-26 04:00:00,49.74508213,50.0664707,49.55176523,49.89731979,49.89731979,104174400,1.8999647523997076,49.5045276635,49.040938110199995,2.443002405563209
2019-08-27 04:00:00,50.22836449,50.39510024,49.18204047,49.33427811,49.33427811,103493200,-1.1284006483106457,49.4582555765,49.0941190338,2.4540080695991553
2019-08-28 04:00:00,49.31978196,49.71124597,49.13129902,49.66533279,49.66533279,63755200,0.6710439327030526,49.3772607795,49.131966247399994,2.4109277521375883
2019-08-29 04:00:00,50.38301078,50.58116156,49.93838462,50.50624847,50.50624847,83962000,1.6931642913894152,49.3938005435,49.189424362,2.3940848969858326
2019-08-30 04:00:00,50.78414135,50.85421681,50.06887014,50.44100571,50.44100571,84573600,-0.1291776007453005,49.460159300499996,49.23792228679999,2.3396352495295902
2019-09-03 04:00:00,49.88280174,50.01570729,49.34876807,49.70640182,49.70640182,80092000,-1.4563624964645805,49.618338202000004,49.2750022122,2.010514440827526
2019-09-04 04:00:00,50.35643442,50.61982676,50.09787602,50.54975128,50.54975128,76752400,1.696661655482501,49.774630736,49.3299122616,2.0030403172213798
2019-09-05 04:00:00,51.2287766,51.70481788,51.11036913,51.53808212,51.53808212,95654800,1.955164595223291,49.9557853685,49.4190804286,2.0302467545749487
2019-09-06 04:00:00,51.724143,51.81355052,51.35200742,51.53324127,51.53324127,77449200,-0.009392763177973329,50.0838571535,49.4877860254,1.9856172462252373
2019-09-09 04:00:00,51.91504895,52.30168271,51.00404929,51.75314713,51.75314713,109237600,0.42672623452471026,50.2431015005,49.5611786646,1.968838256587342
2019-09-10 04:00:00,51.67823063,52.38383401,51.15869504,52.36450195,52.36450195,127111600,1.1812901319108615,50.439075469,49.6555611414,1.9723382810163672
2019-09-11 04:00:00,52.69556689,54.05844558,52.61340473,54.02944565,54.02944565,177158400,3.1795274241121607,50.615718650000005,49.7657653804,1.8763637770162291
2019-09-12 04:00:00,54.32182609,54.71329002,53.85303395,53.9086113,53.9086113,128906800,-0.22364536327609263,50.8614717475,49.8678718562,1.7129223811201197
2019-09-13 04:00:00,53.16193115,53.35282919,52.44182966,52.85987473,52.85987473,159053200,-1.9453971169166362,51.0669910425,49.940914764,1.7860165268067294
2019-09-16 04:00:00,52.61339825,53.19334883,52.57231902,53.13776779,53.13776779,84632400,0.5257164558550853,51.2288930885,50.0203823848,1.7273615877991633
2019-09-17 04:00:00,53.15226635,53.36008131,52.94928163,53.33108139,53.33108139,73274800,0.36379699042681235,51.3539442055,50.1239857478,1.6893383437347196
2019-09-18 04:00:00,53.4180688,53.85061562,53.02660489,53.83128357,53.83128357,101360000,0.9379186901201431,51.50388469650001,50.231719359799996,1.694965546317171
2019-09-19 04:00:00,53.64763389,54.07051287,53.25133603,53.39390945,53.39390945,88242400,-0.8124906021073297,51.6044090265,50.3211243432,1.7018820186896202
2019-09-20 04:00:00,53.49539491,53.78053437,52.55056166,52.61338806,52.61338806,221652400,-1.4618172709958799,51.668081855000004,50.402044448199995,1.7416549084486028
2019-09-23 04:00:00,52.90819651,53.12326052,52.59405713,52.85261917,52.85261917,76662000,0.45469626424206044,51.8623645775,50.4802865594,1.3336982142816782
2019-09-24 04:00:00,53.41083115,53.76363471,52.48291459,52.60131836,52.60131836,124763200,-0.4754746575409863,51.997564506,50.5443069452,1.2975218322390332
2019-09-25 04:00:00,52.81154115,53.52439351,52.47082065,53.41082001,53.41082001,87613600,1.5389379491590471,52.201391601,50.6279355616,1.2829863152725465
2019-09-26 04:00:00,53.16193802,53.38908507,52.87921361,53.1353569,53.1353569,75334000,-0.515744019560882,52.3748928065,50.711591643599995,1.2974242242806737
2019-09-27 04:00:00,53.29241532,53.39390952,52.50465353,52.87678909,52.87678909,101408000,-0.48662100922106655,52.49341983750001,50.778954696,1.2695753352370007
2019-09-30 04:00:00,53.37941302,54.2686691,53.3528319,54.12126541,54.12126541,103909600,2.3535398828431253,52.677432822499995,50.8859880822,1.3506528425805686
2019-10-01 04:00:00,54.38707616,55.14825691,54.17684237,54.27108383,54.27108383,139223200,0.2768198763740015,52.905666923,50.9737262718,1.2817312329916482
2019-10-02 04:00:00,53.90137228,54.0270288,52.66173135,52.91062927,52.91062927,138449200,-2.5067761024665014,53.02371082250001,51.026455764000005,1.4049172149195874
2019-10-03 04:00:00,52.78254908,53.39391471,51.98512302,53.36008453,53.36008453,114426000,0.8494611880468295,53.114810942999995,51.0889926902,1.3546372644554097
2019-10-04 04:00:00,54.524809,54.97185399,54.10193001,54.85586166,54.85586166,138478800,2.80317608784717,53.2809419625,51.189389189799996,1.4743614467192776
2019-10-07 04:00:00,54.67704858,55.56146702,54.57313925,54.86794662,54.86794662,122306000,0.022030389523175486,53.436681937,51.286560973200004,1.4756421229476728
2019-10-08 04:00:00,54.56830565,55.10958839,54.20825308,54.22516632,54.22516632,111820000,-1.171504201627438,53.5297151555,51.3615369406,1.495583193340695
2019-10-09 04:00:00,54.8606987,55.04434769,54.52481209,54.8606987,54.8606987,74770400,1.1720247684433582,53.571277808000005,51.4535565176,1.3437059420583766
2019-10-10 04:00:00,55.07818891,55.68472073,54.92595494,55.60014343,55.60014343,113013600,1.3478587541212006,53.655854414500006,51.5398548116,1.3703946601125152
2019-10-11 04:00:00,56.2912406,57.42455701,56.13658784,57.0790062,57.0790062,166795600,2.659818264429248,53.866810988,51.6779258718,1.3842219211324505
2019-10-14 04:00:00,56.76243394,57.54295029,56.7068566,56.99682999,56.99682999,96427600,-0.14396923750225055,54.059764098,51.835585860200005,1.3889538608275305
2019-10-15 04:00:00,57.1224996,57.42697117,56.75761673,56.86394119,56.86394119,87360000,-0.2331512121346413,54.236407088,52.0420082082,1.3952739684637738
2019-10-16 04:00:00,56.39272756,56.8446065,56.35164833,56.63437271,56.63437271,73903200,-0.4037153865802945,54.376561544999994,52.226217650399995,1.3967809850912396
2019-10-17 04:00:00,56.80836158,57.06450487,56.42898058,56.85427475,56.85427475,67585200,0.3882837038312825,54.54957981,52.405003355999995,1.3737198019993977
2019-10-18 04:00:00,56.68753862,57.410059,56.61504434,57.12733459,57.12733459,97433600,0.48028022730164377,54.775277136499994,52.568113936399996,1.3079526754772692
2019-10-21 04:00:00,57.39555965,58.23406866,57.34723136,58.11807632,58.11807632,87247200,1.7342691324748527,55.03854999399999,52.759110258999996,1.340601241395243
2019-10-22 04:00:00,58.27513805,58.52644735,57.9030025,57.98516464,57.98516464,82293600,-0.22869249709536188,55.307742308,52.9499131002,1.3324113567175042
2019-10-23 04:00:00,58.50229019,58.77776551,58.28964129,58.7632637,58.7632637,75828800,1.3418933357020268,55.5753644925,53.1152467336,1.3250079799824308
2019-10-24 04:00:00,59.08465636,59.15473552,58.43221517,58.85992813,58.85992813,69275200,0.1644980620775005,55.861593054000004,53.3125743092,1.3065160805339524
2019-10-25 04:00:00,58.75843202,59.62110324,58.69077168,59.58485794,59.58485794,73477200,1.2316185782607292,56.196996496500006,53.5292816914,1.2931976726499697
2019-10-28 04:00:00,59.7878342,60.2300452,59.61868336,60.18171692,60.18171692,96572800,1.0016957338406574,56.50001907200001,53.7349214924,1.2309292787338153
2019-10-29 04:00:00,60.16239473,60.35087766,58.61586721,58.78984833,58.78984833,142839600,-2.3127764730444977,56.725957296999994,53.894117277999996,1.3863749392312275
2019-10-30 04:00:00,59.14506431,59.27555475,58.28722699,58.78259659,58.78259659,124522000,-0.012335020766329752,57.019555663000006,54.0531197348,1.2113338313821778
2019-10-31 04:00:00,59.74433541,60.21070868,57.33271467,60.1116333,60.1116333,139162000,2.260935697124511,57.357133101500004,54.2276839438,1.2703278101036313
2019-11-01 04:00:00,60.30012642,61.84423871,60.20830377,61.81766129,61.81766129,151125200,2.8380995430380196,57.705223083,54.4372385398,1.2735282282024882
2019-11-04 05:00:00,62.18254608,62.30820628,61.71134244,62.223629,62.223629,103272000,0.6567180018272278,58.07300720200001,54.70237182540001,1.2660741215290567
2019-11-05 05:00:00,62.11489201,62.39037106,61.93849574,62.13422775,62.13422775,79897600,-0.14367733196660737,58.4684602735,54.947109984600004,1.2082742060525418
2019-11-06 05:00:00,62.04721599,62.22120077,61.70891429,62.16078949,62.16078949,75864400,0.04274896616864865,58.833464813,55.2036402122,1.2109454961629305
2019-11-07 05:00:00,62.71099086,63.10121153,62.55829614,62.87822723,62.87822723,94940400,1.154164459438567,59.19736900299999,55.467898101,1.2056949478614796
2019-11-08 05:00:00,62.69884884,63.12299737,62.25288784,63.05028915,63.05028915,69986400,0.2736430837507742,59.4959331505,55.718778914599994,1.1077008508925361
2019-11-11 05:00:00,62.60432828,63.61501703,62.59948353,63.54957962,63.54957962,81821200,0.7918924349611833,59.823570632,55.980950392800004,1.0985939052404112
2019-11-12 05:00:00,63.39203645,63.69258107,63.23934917,63.4914093,63.4914093,87388800,-0.09153533406174308,60.1549440375,56.2566505424,1.0937171780964914
2019-11-13 05:00:00,63.29024493,64.17489627,63.27570329,64.09976196,64.09976196,102734400,0.9581653119802302,60.52821350000001,56.527650756,1.0728598566699847
2019-11-14 05:00:00,63.92526646,64.19914651,63.52535632,63.65623856,63.65623856,89182800,-0.6919267504874149,60.8683116905,56.7700138848,1.1119609186256296
2019-11-15 05:00:00,63.90829469,64.41727456,63.74591049,64.41242981,64.41242981,100206400,1.1879295212946728,61.232566451500006,57.027597655600005,1.1201014508490117
2019-11-18 05:00:00,64.42208884,64.81715401,64.0415727,64.73717499,64.73717499,86703200,0.5041653931669776,61.563521385,57.287278212800004,1.08831668722646
2019-11-19 05:00:00,64.93109914,64.95533769,64.32275381,64.54088593,64.54088593,76167200,-0.3032091839508255,61.891307449500005,57.530805892400004,1.0912333677425363
2019-11-20 05:00:00,64.35910421,64.48997904,63.11331553,63.78953171,63.78953171,106234400,-1.1641523186014413,62.14262085,57.7260076136,1.1375253109789814
2019-11-21 05:00:00,63.91070946,63.98826984,63.30235684,63.50352859,63.50352859,121395200,-0.4483543182292382,62.37480087299999,57.9179059594,1.1528459658792984
2019-11-22 05:00:00,63.64410405,63.78710183,63.21995544,63.44778442,63.44778442,65325200,-0.08778121663113314,62.567947197,58.129664153200004,1.1396260180779842
2019-11-25 05:00:00,63.67318718,64.57723231,63.62713617,64.56026459,64.56026459,84020400,1.753379066218952,62.7868745805,58.3581140892,1.1751088113609647
2019-11-26 05:00:00,64.69841779,64.75173962,63.62229158,64.05613708,64.05613708,105207600,-0.7808634509191448,63.050189018000005,58.572615203000005,1.0331970131521697
2019-11-27 05:00:00,64.36879725,64.95049276,64.30335983,64.91655731,64.91655731,65235600,1.3432284074911038,63.356887054000005,58.79432067780001,1.0466887167345706
2019-11-29 05:00:00,64.61598968,64.95530696,64.44632733,64.77352905,64.77352905,46617600,-0.22032631723982732,63.589981841500006,59.0219130698,0.9716784895980405
2019-12-02 05:00:00,64.77838909,65.01591495,63.852539,64.02462006,64.02462006,94487200,-1.1561960587663678,63.700329780000004,59.2501377098,0.8412987059208149
2019-12-03 05:00:00,62.6067544,62.90244685,62.11716841,62.88306046,62.88306046,114430400,-1.7830009751408138,63.733301353,59.45074653559999,0.9395134159143262
2019-12-04 05:00:00,63.27571089,63.81861881,63.18118278,63.43809509,63.43809509,67181600,0.8826457013062505,63.798494719999994,59.6674820702,0.9558669625703973
2019-12-05 05:00:00,63.93495914,64.44393901,63.67804683,64.3687973,64.3687973,74424400,1.4671030217404901,63.9088951105,59.886641616,1.002648018030265
2019-12-06 05:00:00,64.82929215,65.68243402,64.78565982,65.61214447,65.61214447,106075600,1.9315991942574495,64.04559097250001,60.1361773674,1.0560726273741339
2019-12-09 05:00:00,65.44005586,65.63394937,64.20639051,64.69355774,64.69355774,128042400,-1.4000254639139342,64.12775440200001,60.3725127404,1.1160650433892076
2019-12-10 05:00:00,65.10076146,65.45704663,64.43666081,65.07167816,65.07167816,90420400,0.5844792483351346,64.203859329,60.591520995399996,1.1105864904196583
2019-12-11 05:00:00,65.15165693,65.70668782,65.07652262,65.62670135,65.62670135,78756800,0.8529412575395634,64.3106239315,60.8186333458,1.1209591754254378
2019-12-12 05:00:00,64.9020079,66.06053923,64.79051948,65.79393005,65.79393005,137310400,0.2548180794706312,64.395332336,61.076299361400004,1.1059121181226261
2019-12-13 05:00:00,65.7939375,66.72463995,65.66548134,66.68828583,66.68828583,133587600,1.3593287090774675,64.5469346995,61.3428633874,1.120083525639218
2019-12-16 05:00:00,67.13666516,68.05525192,67.13182041,67.82984161,67.82984161,128186000,1.7117785616952652,64.71780528949999,61.6023429864,1.149191102219183
2019-12-17 05:00:00,67.75955197,68.29276287,67.57292187,67.9631424,67.9631424,114158400,0.1965223371247493,64.87910366000001,61.864246902,1.147880619179978
2019-12-18 05:00:00,67.81530001,68.32427982,67.65048975,67.80075836,67.80075836,116028400,-0.23892956426921907,65.0420972815,62.1357587428,1.1463400029475035
2019-12-19 05:00:00,67.74257653,68.14975733,67.60927567,67.86860657,67.86860657,98369200,0.10006998688678603,65.24605102449999,62.3959169002,1.0979213606396168
2019-12-20 05:00:00,68.40425866,68.50605018,67.51475529,67.7280426,67.7280426,275978000,-0.2071119138935429,65.457276725,62.638474883600004,1.09037983086219
2019-12-23 05:00:00,67.99223319,68.89385224,67.953453,68.83325958,68.83325958,98572000,1.6318454477230127,65.72655048300001,62.873559951199994,1.1231602343688503
2019-12-24 05:00:00,69.00050346,69.04898055,68.57151006,68.89870453,68.89870453,48478800,0.09507751107433737,65.94347248,63.111597442000004,1.0794518880926254
2019-12-26 05:00:00,69.03199765,70.28263086,69.00291436,70.26566315,70.26566315,93121200,1.9840120787826931,66.25394878350001,63.379631881200005,1.1062434067212668
2019-12-27 05:00:00,70.55891406,71.24967161,69.8318024,70.23898315,70.23898315,146266000,-0.03797018174160893,66.5200700755,63.65172409000001,1.0918462095546138
2019-12-30 05:00:00,70.15660088,70.93946068,69.12895177,70.65588379,70.65588379,144114400,0.5935459502733442,66.8141878125,63.9277562708,1.0826202567350716
2019-12-31 05:00:00,70.27051536,71.17940522,70.17114251,71.1721344,71.1721344,100805600,0.7306548051035255,67.17156352949999,64.208652267,1.0162791319517062
2020-01-02 05:00:00,71.79987337,72.85661317,71.54538716,72.79602051,72.79602051,135480400,2.281631882603774,67.667211532,64.50221115080001,0.9310820089165317
2020-01-03 05:00:00,72.02042388,72.85175328,71.86288447,72.08828735,72.08828735,146322800,-0.9722140785192845,68.099721145,64.784273605,1.0054023783758315
2020-01-06 05:00:00,71.20606216,72.70148465,70.95399466,72.66270447,72.66270447,118387200,0.7968244788659096,68.5144165035,65.06226242039999,0.9876037607860273
2020-01-07 05:00:00,72.67240923,72.92932151,72.1004181,72.32097626,72.32097626,108872000,-0.47029382197174563,68.849858093,65.33148338299999,0.9645167439438812
2020-01-08 05:00:00,72.0228575,73.7873154,72.0228575,73.48435211,73.48435211,132079200,1.6086285199159667,69.2893978115,65.6094732664,0.8851986323369813
2020-01-09 05:00:00,74.46596521,75.23912827,74.21390502,75.04523468,75.04523468,170108400,2.124101968897385,69.7880756375,65.90674362160001,0.9448013881273062
2020-01-10 05:00:00,75.28031907,75.78202805,74.71074661,75.21487427,75.21487427,140644800,0.22604978280547083,70.2674842835,66.2352441404,0.9505319942546022
2020-01-13 05:00:00,75.53237897,76.84844959,75.41361235,76.82178497,76.82178497,121532000,2.1364267581325036,70.8188770295,66.596027908,0.9973228980968556
2020-01-14 05:00:00,76.75878911,76.96965039,75.66085034,75.78445435,75.78445435,161954400,-1.3503078851982986,71.27368545549999,66.909484329,1.09418155568397
2020-01-15 05:00:00,75.58327477,76.467926,75.02581794,75.45966339,75.45966339,121923600,-0.42857201095622965,71.6551765445,67.18232437099999,1.0892187526026629
2020-01-16 05:00:00,76.0050048,76.51641067,75.64144885,76.40491486,76.40491486,108829200,1.2526579466895171,72.07726516749999,67.4659500882,1.0972618190572412
2020-01-17 05:00:00,76.65454881,77.2532045,76.34674081,77.25078583,77.25078583,137816400,1.1070897357191134,72.549766541,67.7682812498,1.0847701860568961
2020-01-21 05:00:00,76.87754829,77.32108333,76.58912662,76.72727966,76.72727966,110843200,-0.6776709963210559,72.9927001955,68.0596110532,1.1192940861739782
2020-01-22 05:00:00,77.21443963,77.55618314,76.90663156,77.00115967,77.00115967,101832400,0.3569525874156598,73.45635604900001,68.342069702,1.1043302448957228
2020-01-23 05:00:00,77.05446623,77.45195018,76.50428022,77.37197113,77.37197113,104472000,0.4815660719775794,73.8832916265,68.6285033416,1.0801614562996162
2020-01-24 05:00:00,77.61919406,78.36569234,76.95751958,77.14899445,77.14899445,146537600,-0.28818792741541754,74.29580612250001,68.9004916382,1.0927659628289563
2020-01-27 05:00:00,75.14944475,75.5638965,73.89396653,74.88041687,74.88041687,161940000,-2.940514774266123,74.52654380850001,69.1282717896,1.2942666165003949
2020-01-28 05:00:00,75.76506027,77.17080697,75.66568743,76.99872589,76.99872589,162234000,2.8289225788868055,74.8645309455,69.3862510682,1.4057327669026223
2020-01-29 05:00:00,78.63715351,79.46121217,77.8930739,78.61048889,78.61048889,216229200,2.0932333377860823,75.2622612005,69.68533607479999,1.451916765057102
2020-01-30 05:00:00,77.68948346,78.54989624,77.25563797,78.4965744,78.4965744,126743200,-0.14491003886186737,75.6284832005,69.96701896660001,1.459201232723616
2020-01-31 05:00:00,77.78399672,78.20814528,74.72043611,75.01612854,75.01612854,199588400,-4.433882480354456,75.739488602,70.1725980376,1.76790918291138
2020-02-03 05:00:00,73.75337983,75.98076652,73.24925218,74.81011963,74.81011963,173788400,-0.2746194905141608,75.875580216,70.3779827116,1.75108719106355
2020-02-04 05:00:00,76.42187506,77.47134393,76.01469422,77.27986908,77.27986908,136616400,3.301357439628516,76.10643844650001,70.64778945900001,1.8807547440258459
2020-02-05 05:00:00,78.41173571,78.71228029,77.30410767,77.91003418,77.91003418,118826800,0.8154324114442391,76.3858913425,70.9359195708,1.8740874935288931
2020-02-06 05:00:00,78.18151062,78.82379143,77.62163495,78.82136536,78.82136536,105425600,1.1697224748926427,76.65274200500001,71.2433911896,1.8615907221061494
2020-02-07 05:00:00,78.31845427,78.5686882,77.25678206,77.74996185,77.74996185,117684000,-1.359280577171662,76.7879783635,71.5071851348,1.8515426266650046
2020-02-10 05:00:00,76.32872997,78.11923981,76.2485611,78.11923981,78.11923981,109348800,0.47495580861174336,76.9331966405,71.78844718939999,1.852608624257655
2020-02-11 05:00:00,78.6172854,78.69016619,77.42927653,77.64792633,77.64792633,94323200,-0.6033257378672774,76.9745037085,72.0430745698,1.8029838676034733
2020-02-12 05:00:00,78.09980748,79.4967462,78.09980748,79.49188995,79.49188995,113730400,2.374775099805282,77.1598754885,72.3374417878,1.8406575927157824
2020-02-13 05:00:00,78.76060277,79.25378246,78.55652918,78.92580414,78.92580414,94747600,-0.7121302693344767,77.333182526,72.6354654694,1.8472824815730995
2020-02-14 05:00:00,78.89423513,79.19549303,78.43507131,78.94525909,78.94525909,80113600,0.024649669663778795,77.4601997375,72.956709442,1.8322378810530693
2020-02-18 05:00:00,76.6153989,77.68193473,76.43318951,77.49972534,77.49972534,152531200,-1.8310583392373792,77.472646713,73.23794204699999,1.8713394965627137
2020-02-19 05:00:00,77.7426686,78.85293286,77.7426686,78.62213135,78.62213135,93984000,1.4482709520271086,77.5673892975,73.52300872800001,1.8891536539082574
2020-02-20 05:00:00,78.38162742,78.87237541,77.30780341,77.81555939,77.81555939,100566000,-1.0258841195863844,77.6081092835,73.7670770264,1.905991047203259
2020-02-21 05:00:00,77.40740945,77.85200453,75.43469024,76.05419922,76.05419922,129554000,-2.263506403870119,77.542220688,73.99428985600001,1.9724694741275306
2020-02-24 05:00:00,72.21807573,73.89925662,70.26722112,72.44158173,72.44158173,222195200,-4.750056574193728,77.306850052,74.1416879274,2.2337847693307142
2020-02-25 05:00:00,73.11457407,73.49842534,69.51411393,69.987854,69.987854,230673600,-3.3871813279083063,77.06222190849999,74.2289109804,2.2637076130123015
2020-02-26 05:00:00,69.61126393,72.3687004,69.60397585,71.09809113,71.09809113,198054800,1.58632829347789,76.7671901705,74.334994202,2.188755004489731
2020-02-27 05:00:00,68.2920878,69.48252112,66.3145048,66.45055389,66.45055389,320605600,-6.5367960885225,76.15919342049999,74.3302395632,2.5044854492549864
2020-02-28 05:00:00,62.50023068,67.63853219,62.28400538,66.41165161,66.41165161,426510000,-0.05854319899933902,75.554947281,74.3018757632,2.5057601050382194
2020-03-02 05:00:00,68.57874838,73.23359136,67.47091599,72.59464264,72.59464264,341397200,9.310099779342007,75.43387298600001,74.394505768,3.235640676975402
2020-03-03 05:00:00,73.77535934,73.85552819,69.43391137,70.28908539,70.28908539,319475600,-3.175933052571611,75.207821274,74.4442723086,3.307423263500011
2020-03-04 05:00:00,72.01886735,73.70976837,71.21471719,73.54942322,73.54942322,219178400,4.6384695602595505,75.021298981,74.5578886416,3.3955389810534458
2020-03-05 05:00:00,71.79533413,72.77440532,70.79683053,71.16368103,71.16368103,187572800,-3.2437265794237335,74.68398132349999,74.6266014102,3.452914635273052
2020-03-06 05:00:00,68.51073405,70.65351836,68.3236684,70.21864319,70.21864319,226176800,-1.3279777357239508,74.253845215,74.6543090824,3.438442906336343
2020-03-09 04:00:00,64.07696194,67.56080421,63.89475257,64.6648941,64.6648941,286744800,-7.9092230178422485,73.5995918275,74.5696328738,3.8139242685999246
2020-03-10 04:00:00,67.33001496,69.58940835,65.44232101,69.32216644,69.32216644,285290000,7.202164953363788,73.159738159,74.5507629396,4.21258620071342
2020-03-11 04:00:00,67.39076056,68.32124001,66.04726274,66.9145813,66.9145813,255598800,-3.47303793813748,72.62307090750001,74.4842749026,4.264413594010854
2020-03-12 04:00:00,62.17955231,65.59536986,60.25056195,60.30643845,60.30643845,418474000,-9.875490097402718,71.66379833250001,74.2772859958,4.6670236206552485
2020-03-13 04:00:00,64.35391881,68.00539402,61.45314156,67.53164673,67.53164673,370732000,11.980824047486106,71.094090462,74.20447624239999,5.529864306948443
2020-03-16 04:00:00,58.78074955,62.94240957,58.30700587,58.84391785,58.84391785,322423600,-12.864677970514538,70.0890234,73.9254341892,6.163873889362322
2020-03-17 04:00:00,60.13152785,62.58527879,57.91829094,61.43128967,61.43128967,324056000,4.397008075831232,69.28560161649999,73.7122942356,6.2904772588375915
2020-03-18 04:00:00,58.25113092,60.73646608,57.60732216,59.9274559,59.9274559,300233600,-2.447993161267459,68.35086784399999,73.45758926420001,6.272064543646713
2020-03-19 04:00:00,60.10237728,61.4264315,58.94109634,59.46828842,59.46828842,271857200,-0.7662055281742686,67.4335042955,73.2005355074,6.2726282880486455
2020-03-20 04:00:00,60.05134655,61.18104684,55.39164746,55.69290161,55.69290161,401693200,-6.348571499714273,66.415439415,72.8447064974,6.376504655146993
2020-03-23 04:00:00,55.41109647,55.51313329,51.65272343,54.50976563,54.50976563,336752800,-2.124392778607831,65.51884860999999,72.4339971164,6.329730514266255
2020-03-24 04:00:00,57.42267859,60.17525538,56.92221075,59.97846985,59.97846985,287531200,10.032521983529218,65.0183794025,72.129269028,6.783089610211894
2020-03-25 04:00:00,60.91867716,62.74077119,59.35167703,59.64807129,59.64807129,303602000,-0.5508619356684119,64.4458784105,71.7857947544,6.76446757750136
2020-03-26 04:00:00,59.8910049,62.84522326,59.85213267,62.78691864,62.78691864,252087200,5.262278028638012,64.262696648,71.5258440402,6.739163297002598
2020-03-27 04:00:00,61.40455419,62.16254394,60.0197638,60.187397,60.187397,204216800,-4.140228086211439,63.9514839175,71.2203987124,6.800413652113451
2020-03-30 04:00:00,60.9162379,62.07751865,60.59068767,61.90502548,61.90502548,167976400,2.853800904531556,63.4170030595,70.9304009248,6.466701799608
2020-03-31 04:00:00,62.09696014,63.77085318,61.22235361,61.77869797,61.77869797,197002000,-0.20406664728829238,62.9914836885,70.62095916759999,6.438334425829119
2020-04-01 04:00:00,59.88615798,60.42549811,58.09564807,58.52809143,58.52809143,176218400,-5.261694802273931,62.240417099,70.256975403,6.407396158072016
2020-04-02 04:00:00,58.38960208,59.55817098,57.5538678,59.5047226,59.5047226,165934000,1.6686537116421318,61.657469177500005,69.9070466616,6.408611887834012
2020-04-03 04:00:00,58.98724977,59.69179121,58.05676677,58.64955521,58.64955521,129880000,-1.437142049629514,61.0790147785,69.53259834320001,6.409225954222973
2020-04-06 04:00:00,60.95511717,63.92148416,60.58584211,63.76600266,63.76600266,201820400,8.723761726205925,61.0340702065,69.26493850739999,6.503025546064791
2020-04-07 04:00:00,65.78974415,66.00840138,62.92298561,63.02745056,63.02745056,202887200,-1.1582223586100504,60.7193344125,69.02787918119999,6.28979524783882
2020-04-08 04:00:00,63.8315883,64.95642874,63.46474512,64.64060211,64.64060211,168895200,2.5594428073278053,60.605635453000005,68.7807167056,6.273574655189813
2020-04-09 04:00:00,65.27955255,65.61238718,64.30776916,65.10705566,65.10705566,161834800,0.7216107752310519,60.8456663135,68.510648041,5.825808946811051
2020-04-13 04:00:00,65.18481071,66.4942926,64.58230224,66.38496399,66.38496399,131022800,1.9627800966356856,60.7883321765,68.2684158328,5.18637259953563
2020-04-14 04:00:00,68.0248221,70.02912489,67.55107484,69.73758698,69.73758698,194994800,5.050274623188811,61.333015633,68.1628450016,4.31311485559373
2020-04-15 04:00:00,68.60789453,69.56266977,68.17788312,69.10107422,69.10107422,131154400,-0.9127255294659742,61.7165048605,68.0486640934,4.252085626970357
2020-04-16 04:00:00,69.81777207,70.01698942,68.59575487,69.65013885,69.65013885,157125200,0.7945819022319833,62.202639008000006,67.89606948880001,4.188112350188494
2020-04-17 04:00:00,69.1642493,69.71330926,67.26197929,68.70507813,68.70507813,215250000,-1.356868393378663,62.6644784935,67.7119703678,4.202066607475422
2020-04-20 04:00:00,67.52680121,68.43298447,67.25955929,67.2789917,67.2789917,130015200,-2.075663791985849,63.24378299800001,67.4811228946,3.9181543523030284
2020-04-21 04:00:00,67.12107375,67.3567315,64.48511,65.19937134,65.19937134,180991600,-3.091039724960687,63.778263283499996,67.2301110844,3.9646743827818143
2020-04-22 04:00:00,66.47242175,67.5146617,66.12987457,67.07736206,67.07736206,116862400,2.880381637741114,64.133207894,67.0092735294,3.3845335212666274
2020-04-23 04:00:00,67.02147935,68.45000233,66.77853347,66.8174057,66.8174057,124814400,-0.3875470829748373,64.4916746145,66.7926631168,3.3817699178712495
2020-04-24 04:00:00,67.34459633,68.75611121,67.29600419,68.7463913,68.7463913,126161200,2.886950757503004,64.7896482475,66.5777531438,3.249369479599803
2020-04-27 04:00:00,68.46214844,69.12782522,68.01270448,68.79499054,68.79499054,117087600,0.07069351435178284,65.2200279245,66.37513687180001,3.063736895002277
2020-04-28 04:00:00,69.25899565,69.44120503,67.58753453,67.67984772,67.67984772,112004800,-1.6209651476754239,65.50876903650001,66.1498286444,3.062669046553664
2020-04-29 04:00:00,69.17396407,70.37411698,68.96989048,69.90280151,69.90280151,137280800,3.284513581053905,65.91497421350002,65.9978901678,3.119829251317927
2020-04-30 04:00:00,70.4445986,71.55486327,70.05345922,71.37751007,71.37751007,183064000,2.1096558766518614,66.5574451455,65.85299774219999,2.802034280130516
2020-05-01 04:00:00,69.54323881,72.64079792,69.44606197,70.22834778,70.22834778,240616800,-1.6099781133763535,67.0936264045,65.70125351,2.8582718021593583
2020-05-04 04:00:00,70.25265616,71.35076876,69.56025899,71.22200775,71.22200775,133568000,1.4148986860872625,67.72224903150001,65.60460968059999,2.807822808423515
2020-05-05 04:00:00,71.68359763,73.12669649,71.53782865,72.29096222,72.29096222,147751200,1.5008766303699073,68.1484970095,65.60159729040001,2.1515900887794785
2020-05-06 04:00:00,72.99550015,73.67088924,72.60921718,73.0368042,73.0368042,142333600,1.0317223026167666,68.64896469150001,65.66257629440001,2.109982911470358
2020-05-07 04:00:00,73.66603686,74.13978421,73.36235457,73.79236603,73.79236603,115215200,1.0344946472890637,69.10655288749999,65.7164617924,2.0687102850551127
2020-05-08 04:00:00,74.45498205,75.60235253,74.12611582,75.54875946,75.54875946,133838400,2.3801831063201773,69.6286380775,65.8984259038,2.103234700079597
2020-05-11 04:00:00,75.05424012,77.23448699,74.84473724,76.7375412,76.7375412,145946400,1.5735291333663914,70.146266938,66.1049436956,2.0933683795736266
2020-05-12 04:00:00,77.42450325,77.87760966,75.73877106,75.86057281,75.86057281,162301200,-1.1428153369083982,70.4524162295,66.170262299,1.8695379638408702
2020-05-13 04:00:00,76.04082628,76.96652398,73.86301053,74.9446106,74.9446106,200622400,-1.2074285443297472,70.7445930485,66.2633728032,1.8818670556437471
2020-05-14 04:00:00,74.1797115,75.46593781,73.45377032,75.40503693,75.40503693,158929200,0.6143554904266768,71.0323379525,66.3004850774,1.8804276083522082
2020-05-15 04:00:00,73.16630293,75.00550614,73.13219488,74.95922089,74.95922089,166348400,-0.5912284618517671,71.34504509050001,66.37639587460001,1.8500154939718745
2020-05-18 04:00:00,76.28930455,77.10050086,75.59503315,76.72534943,76.72534943,135178400,2.356119125880096,71.817362977,66.5065299994,1.795846536379268
2020-05-19 04:00:00,76.74240439,77.59257816,76.25032804,76.28199768,76.28199768,101729600,-0.577842594779554,72.371494294,66.738872071,1.595225703791023
2020-05-20 04:00:00,77.14434775,77.83618073,77.1053703,77.76554108,77.76554108,111504800,1.9448145632255276,72.905903245,66.90773956379999,1.5439023944103931
2020-05-21 04:00:00,77.62668985,78.16992832,76.94703403,77.18576813,77.18576813,102688800,-0.7455396592734753,73.4243213665,67.11316330039999,1.5598178379847394
2020-05-22 04:00:00,76.92268239,77.76555593,76.82037307,77.68273163,77.68273163,81803200,0.6438537984917003,73.87113838299999,67.460689164,1.4753236174294104
2020-05-26 04:00:00,78.80573295,78.98599716,77.10050844,77.15653992,77.15653992,125522000,-0.6773599472611691,74.289215852,67.6531870278,1.499354646598934
2020-05-27 04:00:00,77.01281454,77.63886989,76.2698194,77.4927063,77.4927063,112945200,0.4356939545870686,74.779858781,68.02616279680001,1.4077693967644318
2020-05-28 04:00:00,77.16626626,78.79110463,76.88856218,77.52680206,77.52680206,133560800,0.043998669846434524,75.16105880849999,68.3480730446,1.2733367574769763
2020-05-29 04:00:00,77.77040626,78.23325136,77.09318892,77.45128632,77.45128632,153532400,-0.0974059783112935,75.46474762099999,68.698549653,1.2235863087888557
2020-06-01 04:00:00,77.4050099,78.52558745,77.27346193,78.40378571,78.40378571,80791200,1.2298044813156883,75.8735195175,69.0772595988,1.1378459458669952
2020-06-02 04:00:00,78.13582198,78.79111599,77.69246183,78.76675415,78.76675415,87642800,0.46294759457476964,76.25075683749999,69.5387366496,1.1198936345076553
2020-06-03 04:00:00,79.08833049,79.46348205,78.51342224,79.20038605,79.20038605,104491200,0.5505265574029083,76.596228029,70.032549058,1.0955636574172485
2020-06-04 04:00:00,79.02254105,79.32216859,78.14312857,78.51828003,78.51828003,87560400,-0.8612407767424113,76.87030182049999,70.40334526160001,1.125222705078057
2020-06-05 04:00:00,78.76919529,80.81546325,78.73996406,80.75456238,80.75456238,137250400,2.84810409645444,77.21841163799999,70.8254750834,1.248091663187269
2020-06-08 04:00:00,80.45005995,81.26613321,79.73630345,81.23202515,81.23202515,95654400,0.5912517583257282,77.50257492249999,71.1943772136,1.1644742318809382
2020-06-09 04:00:00,80.91046941,84.19180139,80.87879977,83.79716492,83.79716492,147712400,3.1577936968373077,77.8555561085,71.666572572,1.2970158018829603
2020-06-10 04:00:00,84.74964695,86.42320163,84.30872526,85.95304871,85.95304871,166651600,2.5727407270379477,78.3601799035,72.1475330366,1.32286519475854
2020-06-11 04:00:00,85.09311611,85.51942213,81.72408385,81.82639313,81.82639313,201662400,-4.801057835566802,78.70426903,72.5484869398,1.7585546749441552
2020-06-12 04:00:00,83.97498022,84.72527556,81.41714403,82.53284454,82.53284454,200146000,0.863353965605751,79.0606594105,73.02858200200001,1.760622302197607
2020-06-15 04:00:00,81.18087757,84.20886771,81.01765993,83.55357361,83.55357361,138808800,1.2367549860774485,79.4903770465,73.5095590222,1.7501867708013714
2020-06-16 04:00:00,85.61688846,86.04076363,83.97500316,85.76792145,85.76792145,165428800,2.6502132037294235,79.94250564749998,74.051926347,1.7672341003310592
2020-06-17 04:00:00,86.5157952,86.57669609,85.52676543,85.6485672,85.6485672,114406400,-0.13915954587937485,80.4108341235,74.4895776378,1.7548702308080844
2020-06-18 04:00:00,85.60471568,86.10166895,85.07122337,85.68267059,85.68267059,96820400,0.03981781729094358,80.806690599,74.9426820384,1.7292913075838467
2020-06-19 04:00:00,86.39156401,86.85927865,84.07976134,85.19303131,85.19303131,264476000,-0.5714566045017189,81.207053758,75.3537306224,1.7231178356430772
2020-06-22 04:00:00,85.5876628,87.56572226,85.54137753,87.42199707,87.42199707,135445200,2.6163709938777258,81.69401703000001,75.80002945060001,1.7865287570716966
2020-06-23 04:00:00,88.67167022,90.71306866,88.25023351,89.28798676,89.28798676,212155600,2.1344624379901367,82.300589372,76.258089906,1.7907212783127762
2020-06-24 04:00:00,88.9152778,89.83853715,87.33672444,87.71187592,87.71187592,192623200,-1.7651992134579908,82.81154785300001,76.61757568479999,1.8765054778128964
2020-06-25 04:00:00,87.86778995,88.91528208,87.10530977,88.87630463,88.87630463,137522400,1.3275610603312726,83.3790229815,77.01308029299999,1.8770655596094095
2020-06-26 04:00:00,88.77154541,88.99322547,85.99689819,86.14550018,86.14550018,205256800,-3.072590001765474,83.81373367450001,77.34298751959999,2.053390785389302
2020-06-29 04:00:00,86.05292961,88.22587593,85.57303046,88.130867,88.130867,130646000,2.3046668901470113,84.300087739,77.731503297,2.0858317093779055
2020-06-30 04:00:00,87.71674544,89.15401204,87.69726043,88.86655426,88.86655426,140223200,0.8347668473521308,84.8050777445,78.16325454819999,2.08613443437213
2020-07-01 04:00:00,88.94452065,89.49019018,88.64976245,88.6984787,88.6984787,110737200,-0.18913252730410335,85.279982377,78.6332366954,2.0940818762354554
2020-07-02 04:00:00,89.60956097,90.24780103,88.58399218,88.6984787,88.6984787,114041600,0.0,85.78899231049999,79.0656590282,2.071424699704633
2020-07-06 04:00:00,90.13328451,91.54131228,90.10161487,91.07115936,91.07115936,118655600,2.6749958903184767,86.30482215949999,79.5507341014,2.062017525080062
2020-07-07 04:00:00,91.45118361,92.2331487,90.67652633,90.78858185,90.78858185,112424400,-0.31028210465947614,86.7826499945,79.9915779124,2.0725820842729483
2020-07-08 04:00:00,91.77032125,92.93474582,91.68262012,92.90307617,92.90307617,117092000,2.329031114830671,87.237945557,80.473739625,2.0260559098365323
2020-07-09 04:00:00,93.79952759,93.85312066,92.25021285,93.30258179,93.30258179,125642800,0.4300241030436469,87.60542221099999,80.98619430640001,1.9685675096731186
2020-07-10 04:00:00,92.89576608,93.52426732,92.28188788,93.46579742,93.46579742,90257200,0.174931525868538,88.18739242550001,81.4574542246,1.540614810586763
2020-07-13 04:00:00,94.77637812,97.39755419,92.82024229,93.03461456,93.03461456,191649200,-0.46132689379670966,88.7124809265,81.8905963144,1.5605931084305436
2020-07-14 04:00:00,92.41341152,94.766622,91.47554408,94.5741806,94.5741806,170989200,1.6548314272932352,89.263511276,82.3775129708,1.572156067416321
2020-07-15 04:00:00,96.4572348,96.70814609,94.02119992,95.22460175,95.22460175,153198000,0.6877364898892901,89.736345291,82.85756485079999,1.4991856796898089
2020-07-16 04:00:00,94.09185679,94.91279944,93.45117836,94.05287933,94.05287933,110577600,-1.2304828778136767,90.1565608975,83.292803193,1.5441995223891576
2020-07-17 04:00:00,94.50598611,94.66188849,93.38783944,93.86286926,93.86286926,92186800,-0.20202472412707007,90.56557083099999,83.70932449419999,1.548771587156201
2020-07-20 04:00:00,93.95056146,95.97977527,93.60464124,95.84091949,95.84091949,90318000,2.1073830851269015,91.09796524,84.1502955634,1.5698077128114156
2020-07-21 04:00:00,96.63506517,96.71058165,94.26723904,94.51815033,94.51815033,103433200,-1.380171608368197,91.452772903,84.5296833808,1.5542236583736126
2020-07-22 04:00:00,94.21854463,95.46823206,94.13085092,94.78370667,94.78370667,89001600,0.2809580372371334,91.7275588985,84.89060669019999,1.4998204320933317
2020-07-23 04:00:00,94.51570968,94.59366457,89.65582482,90.46945953,90.46945953,197004400,-4.551675906725761,91.865438079,85.18278442460002,1.8017503002238509
2020-07-24 04:00:00,88.65949991,90.59127395,86.86413581,90.2453537,90.2453537,185438800,-0.2477143459950537,91.93389053249999,85.4887992866,1.7828376406440305
2020-07-27 04:00:00,91.31233191,92.47675631,91.08822087,92.38418579,92.38418579,121214000,2.370019067253115,92.245824813,85.8283822638,1.6872375277048117
2020-07-28 04:00:00,91.95301619,92.13084943,90.8616698,90.86654663,90.86654663,103625600,-1.6427477787700262,92.3826087945,86.1465287786,1.6791134124930627
2020-07-29 04:00:00,91.35131194,92.79344792,91.3147729,92.60830688,92.60830688,90329200,1.9168333282129524,92.5696964255,86.4641879276,1.718745768605154
2020-07-30 04:00:00,91.77760055,93.83361428,91.36834853,93.72886658,93.72886658,158130000,1.2099991218411876,92.8212158195,86.81312530559998,1.7296321288475898
2020-07-31 04:00:00,100.2525895,103.6922699,98.24529157,103.5412369,103.5412369,374336800,10.46888827106951,93.5633537295,87.328639222,2.8550592525386977
2020-08-03 04:00:00,105.4315971,108.7811454,105.1319695,106.1502304,106.1502304,308151200,2.5197627323302774,94.31730728149999,87.9079284674,2.8499400452197263
2020-08-04 04:00:00,106.3402465,107.9553391,105.6143054,106.8591232,106.8591232,173071600,0.6678203121450732,95.120834349,88.49145629879999,2.8381405340482275
2020-08-05 04:00:00,106.5789659,107.5679955,106.1112439,107.2464371,107.2464371,121776800,0.36245281488516135,95.8380023955,89.0932542424,2.8183857229530926
2020-08-06 04:00:00,107.5801642,111.4851276,106.9882096,110.9881744,110.9881744,202428800,3.4889152508731813,96.72228202599999,89.76316360439999,2.882000841894667
2020-08-07 04:00:00,110.5074112,110.9662126,107.6643154,108.4647751,108.4647751,198045600,-2.273574922410837,97.47223091000001,90.38192306519998,2.9656484013509585
2020-08-10 04:00:00,109.9168414,111.0638452,107.3787985,110.0413055,110.0413055,212403600,1.4534952924085465,98.322565457,91.03372344879999,2.9541031324430174
2020-08-11 04:00:00,109.3018645,109.8021491,106.5075721,106.7686996,106.7686996,187902400,-2.9739795298957095,98.93229140700001,91.6010217266,3.0695223291959275
2020-08-12 04:00:00,107.8644363,110.5757547,107.6692051,110.31707,110.31707,165598000,3.323418205235873,99.6869148195,92.2320280436,3.1271929018858784
2020-08-13 04:00:00,111.7032283,113.2773068,111.2127001,112.2694092,112.2694092,210082000,1.7697525867936825,100.597741313,92.89340850660001,3.097321405300777
2020-08-14 04:00:00,112.0937123,112.2596596,110.3512436,112.1693649,112.1693649,165565200,-0.08911091695670281,101.51306609500001,93.56643020400001,3.0952450954317055
2020-08-17 04:00:00,113.2968257,113.3212315,111.2468685,111.8764954,111.8764954,119561600,-0.26109579942893424,102.3148448905,94.18886886439999,3.093499971177111
2020-08-18 04:00:00,111.6275956,113.2358364,111.2908154,112.8087616,112.8087616,105633600,0.8332994313656306,103.229375454,94.8204035934,3.0499080073045968
2020-08-19 04:00:00,113.21872,114.3706018,112.8550988,112.9502716,112.9502716,145538000,0.12544238407807828,104.1377037005,95.403465727,3.051850916823377
2020-08-20 04:00:00,112.9917712,115.5713044,112.9746864,115.456604,115.456604,126907200,2.2189697859920976,105.387060924,95.9935368328,2.7755564621101514
2020-08-21 04:00:00,116.4205664,121.892007,116.4083673,121.4063644,121.4063644,338054800,5.153243897594639,106.945111459,96.7851362582,2.881649084166977
2020-08-24 04:00:00,125.630743,125.7161669,120.9841751,122.8584213,122.8584213,345937600,1.196030296414996,108.4688232345,97.5916477934,2.875632894889223
2020-08-25 04:00:00,121.7260758,122.1970765,120.1202705,121.8505325,121.8505325,211495600,-0.8203660679790947,110.018022528,98.35758697119999,2.8343124277351577
2020-08-26 04:00:00,123.1732311,123.9663698,122.10188,123.5075684,123.5075684,163022400,1.3598922105654276,111.56298560399998,99.11237991019999,2.832887173853396
2020-08-27 04:00:00,124.1128121,124.4471495,120.8816813,122.0311279,122.0311279,155552400,-1.1954251218178724,112.97809867000001,99.8400311242,2.895618236333367
2020-08-28 04:00:00,123.0097306,123.4294844,121.6089277,121.8334503,121.8334503,187630000,-0.16198948858523465,113.89270934000001,100.5630467184,1.9619702571185529
2020-08-31 04:00:00,124.5398792,127.8783817,122.9975274,125.9650803,125.9650803,225702700,3.391211518533188,114.883451835,101.37848769819999,2.010437301474653
2020-09-01 04:00:00,129.5964743,131.5878717,127.4196168,130.9826355,130.9826355,151948100,3.983290597719713,116.08962745000001,102.24970046680001,2.1255532536747412
2020-09-02 04:00:00,134.3113126,134.6920186,123.9736693,128.2688141,128.2688141,200119000,-2.071894025983312,117.1407463,103.02931701360001,2.233600886945691
2020-09-03 04:00:00,123.8858353,125.7698377,117.6285771,117.9995193,117.9995193,257599600,-8.006072927433404,117.491313545,103.6350698812,2.913815817976421
2020-09-04 04:00:00,117.2088376,120.7523352,108.2475886,118.0776291,118.0776291,332607200,0.06619501542324269,117.971956245,104.2190963706,2.849288375878355
2020-09-08 04:00:00,111.2346544,116.1545559,109.9949209,110.1315842,110.1315842,231366600,-6.729509188629191,117.97647018,104.698818051,3.2580389955324964
2020-09-09 04:00:00,114.4658004,116.300999,112.5134586,114.5243683,114.5243683,176940500,3.9886687655583453,118.36425361500001,105.226688077,3.2891270914148665
2020-09-10 04:00:00,117.4919177,117.628581,109.8192146,110.7856216,110.7856216,182274400,-3.2645861797781284,118.387681195,105.66506942379999,3.3111472831156212
2020-09-11 04:00:00,111.8398975,112.4841738,107.3787968,109.3311386,109.3311386,180860300,-1.312880659957405,118.24076766499999,106.07772262179998,3.2997989826654335
2020-09-14 04:00:00,111.9863124,113.1674781,110.1120663,112.6110611,112.6110611,140150100,2.999989336981068,118.262852475,106.5559742698,3.370872867597121
2020-09-15 04:00:00,115.5102989,115.9983843,110.9027713,112.7867813,112.7867813,184642000,0.15604168745373403,118.30836676999999,106.99028670860001,3.3699767103268163
2020-09-16 04:00:00,112.4841662,113.2358144,109.3701789,109.4580307,109.4580307,154679000,-2.9513658973438606,118.14083022499999,107.36367568559999,3.432053297628476
2020-09-17 04:00:00,107.1054646,109.5263641,106.11953,107.7106857,107.7106857,178011000,-1.596360713622813,117.87885093,107.6598278762,3.447824261598591
2020-09-18 04:00:00,107.7692636,108.2378214,103.5619621,104.2940903,104.2940903,287104900,-3.172011558366683,117.32072524499999,107.8796580464,3.4611220855527107
2020-09-21 04:00:00,102.0488918,107.564258,100.6432035,107.4568787,107.4568787,195713800,3.032567224952354,116.62325096,108.159479672,3.3096159014699014
2020-09-22 04:00:00,109.9949163,110.1706274,106.5587987,109.1456451,109.1456451,183055400,1.5715758920512801,115.93761214999999,108.48170028279999,3.3211212368551117
2020-09-23 04:00:00,108.9602135,109.4385352,104.225778,104.5674438,104.5674438,150718700,-4.194579908163454,115.07345771499999,108.68156554679999,3.4205090387615615
2020-09-24 04:00:00,102.6638883,107.6228381,102.4979411,105.6412125,105.6412125,167743300,1.026867121332442,114.18013992000002,108.8898977618,3.4107226968076874
2020-09-25 04:00:00,105.846198,109.7606449,105.1043061,109.604454,109.604454,149981400,3.751605463634755,113.55880622499998,109.2009292552,3.551078774015797
2020-09-28 04:00:00,112.2694307,112.5720414,110.0925661,112.2206192,112.2206192,137672400,2.386915042704385,113.07816467,109.568084254,3.6081710015595267
2020-09-29 04:00:00,111.8203907,112.5622753,110.8637399,111.3713455,111.3713455,99382200,-0.7567893548033444,112.34847792999999,109.87869277419999,3.499553884782241
2020-09-30 04:00:00,111.0784995,114.4658141,110.9125522,113.0503616,113.0503616,142675200,1.5075835642122115,111.45186423499999,110.2493369996,3.372054515173248
2020-10-01 04:00:00,114.8367322,114.9148277,113.0698655,114.0069885,114.0069885,116120400,0.8461953473309469,110.73877295499999,110.63380263620002,3.37171748018463
2020-10-02 04:00:00,110.1999209,112.6208277,109.5458882,110.3268204,110.3268204,144712000,-3.2280197454737647,110.35513800999999,111.03094985359999,2.958227762251631
2020-10-05 04:00:00,111.195621,113.870327,110.8441989,113.7238998,113.7238998,106243800,3.0791056858917587,110.137451545,111.5005207756,3.0527200771693597
2020-10-06 04:00:00,112.9429685,113.3529659,109.5751819,110.463501,110.463501,161498200,-2.8669424859100734,110.15404738499998,111.86210707979998,2.717916142120195
2020-10-07 04:00:00,111.888708,112.7965472,111.4103789,112.3377457,112.3377457,96849000,1.6967094859685838,110.044716255,112.2915310612,2.5883443375305633
2020-10-08 04:00:00,113.4798748,113.626302,111.8594275,112.2303772,112.2303772,83477200,-0.09557651289061608,110.116954035,112.6839724676,2.4767207913501474
2020-10-09 04:00:00,112.5329701,114.211985,112.181548,114.1827011,114.1827011,100506900,1.7395681532111906,110.35953216,113.09304915800001,2.4795085341927323
2020-10-12 04:00:00,117.1990757,122.1970734,116.4376636,121.4356613,121.4356613,240226800,6.352065707088106,110.80076217000001,113.450937646,2.771515502343448
2020-10-13 04:00:00,122.2849253,122.4020685,116.7988496,118.2142944,118.2142944,262330500,-2.6527355024993815,111.07213782499998,113.69221892600001,2.855188958635248
2020-10-14 04:00:00,118.1166645,120.0982899,116.7695515,118.3021393,118.3021393,150712000,0.0743098797365116,111.51434325500001,113.92107924800001,2.753660026384411
2020-10-15 04:00:00,115.8910022,118.3119016,115.3345851,117.83358,117.83358,112559200,-0.396070014263894,112.02048797,114.132822106,2.7201606263407663
2020-10-16 04:00:00,118.3900247,118.6535951,115.978881,116.183876,116.183876,115393800,-1.4000287524150612,112.61497725500001,114.23673613800001,2.621855422499669
2020-10-19 04:00:00,117.101449,117.5504866,112.903919,113.2162933,113.2162933,120639300,-2.55421216968178,112.90294798500001,114.33176650200001,2.643619676408429
2020-10-20 04:00:00,113.4310651,116.1448267,112.8746479,114.7098541,114.7098541,124423700,1.3192101211460416,113.18115843500001,114.425137474,2.6377984893972837
2020-10-21 04:00:00,113.889852,115.8812414,113.6750932,114.0850906,114.0850906,89946000,-0.5446467567253199,113.657040775,114.571465294,2.429867572578893
2020-10-22 04:00:00,114.6512707,115.2272154,111.8594213,112.9917831,112.9917831,101988000,-0.9583263634626027,114.024569305,114.624959556,2.4461681150807264
2020-10-23 04:00:00,113.6165276,113.7727185,111.5568065,112.2986984,112.2986984,82572600,-0.61339389554248,114.15928152500001,114.62554533999999,2.319556366406585
2020-10-26 04:00:00,111.2932303,113.7727049,110.1901526,112.3084488,112.3084488,111850700,0.008682558336747803,114.16367300499999,114.628327018,2.2588352614532323
2020-10-27 04:00:00,112.7379602,114.4853067,111.8106009,113.8215103,113.8215103,92276800,1.3472374662519604,114.28618124500001,114.66722731600001,2.2693407505615646
2020-10-28 04:00:00,112.3084653,112.6794076,108.4525858,108.5502014,108.5502014,143937800,-4.631206251003328,114.061173235,114.58205611199999,2.4790981488893205
2020-10-29 04:00:00,109.6923205,114.1436571,109.5263658,112.5720215,112.5720215,146129200,3.7050323703959442,113.98942488500002,114.57449111,2.6194567590002675
2020-10-30 04:00:00,108.4135258,109.321365,105.153119,106.2659531,106.2659531,190272600,-5.601807905705947,113.78638152,114.390678092,2.8181827254443625
2020-11-02 05:00:00,106.5099872,108.042575,104.7626408,106.1780853,106.1780853,122866900,-0.08268669073838719,113.409090795,114.08611251,2.7142963602860655
2020-11-03 05:00:00,107.0468918,108.8332787,106.1390527,107.8083038,107.8083038,107624400,1.535362495371717,113.276330935,113.78511016,2.6740388594468523
2020-11-04 05:00:00,111.4201499,112.8355947,109.672803,112.2108459,112.2108459,138235500,4.0836762520328085,113.269985945,113.59231642800002,2.8077919745750433
2020-11-05 05:00:00,115.1393676,116.7695788,114.0851085,116.193634,116.193634,126387100,3.549378910795653,113.468148785,113.44603774,2.915328226842128
2020-11-06 05:00:00,115.6997907,116.5603004,113.5582861,116.0615997,116.0615997,114457900,-0.11363298956637014,113.56209371499999,113.32664717600001,2.8936572450565454
2020-11-09 05:00:00,117.8315449,119.288547,113.4800925,113.7441101,113.7441101,154515300,-1.9967755105825935,113.17751615499999,113.164860372,2.5263934343918337
2020-11-10 05:00:00,112.9911429,114.9859605,111.6025832,113.4018402,113.4018402,138023400,-0.30091219641974476,112.93689344499998,112.91359557,2.464916987553275
2020-11-11 05:00:00,114.5948329,116.9807941,113.8614416,116.843895,116.843895,112295000,3.0352724381980556,112.86398123,112.63082075999999,2.5676816751528735
2020-11-12 05:00:00,116.971023,117.8608672,115.9442722,116.5700989,116.5700989,103162300,-0.23432640618493705,112.800807175,112.396846456,2.566724184592133
2020-11-13 05:00:00,116.7949946,117.019897,115.2597627,116.6189804,116.6189804,81581900,0.041933137623839656,112.822562395,112.36923567800001,2.5461603467519267
2020-11-16 05:00:00,116.2865036,118.310663,115.5335586,117.6359482,117.6359482,91183000,0.8720431241225235,113.04354513999999,112.36040206,2.476039861487151
2020-11-17 05:00:00,116.9025618,117.9977545,116.3256235,116.7461014,116.7461014,74271000,-0.7564412185356084,113.14535750499999,112.492692404,2.4710814551581315
2020-11-18 05:00:00,115.9833793,117.1665829,115.3868872,115.4162216,115.4162216,76322100,-1.1391213788317534,113.21191405500001,112.51052947,2.4830084402716066
2020-11-19 05:00:00,114.9859599,116.4234079,114.2232342,116.0127106,116.0127106,74113000,0.5168155669376118,113.36296043,112.61507125,2.47219320953933
2020-11-20 05:00:00,116.0127153,116.1398338,114.6926126,114.7415009,114.7415009,73604300,-1.0957503651328304,113.485100555,112.723278496,2.482479614270559
2020-11-23 05:00:00,114.5850477,115.0153062,111.2310048,111.3287888,111.3287888,127959300,-2.9742613380787764,113.43611755500001,112.69763305000001,2.578359402854714
2020-11-24 05:00:00,111.3874758,113.2845096,110.0967,112.6195679,112.6195679,113874200,1.1594297521002161,113.37602043499999,112.694288782,2.5734858745243305
2020-11-25 05:00:00,112.9911516,114.1645747,112.619562,113.4605179,113.4605179,76499200,0.7467174805240839,113.62153626,112.77433852600001,2.3365216755725653
2020-11-27 05:00:00,113.9885562,114.888181,113.6463085,114.00811,114.00811,46691300,0.48262788689421576,113.693340685,112.900287012,2.192197650197607
2020-11-30 05:00:00,114.3796952,118.291115,114.2232348,116.4136353,116.4136353,169410200,2.109959808999551,114.200724795,113.142677912,1.7781532585428017
2020-12-01 05:00:00,118.330234,120.7357564,117.352379,120.0023651,120.0023651,127728200,3.0827400851728415,114.89193878500001,113.39358764,1.8649433481918278
2020-12-02 05:00:00,119.3178617,120.6379718,118.2128882,120.354393,120.354393,89004200,0.29335080163348515,115.51924324500001,113.61776259800001,1.8538632506306685
2020-12-03 05:00:00,120.7846414,121.0388857,119.5036537,120.2174911,120.2174911,78967600,-0.11374898463406558,115.91957550499998,113.930763544,1.662661098470907
2020-12-04 05:00:00,119.8850181,120.1392625,118.828933,119.5427704,119.5427704,78260400,-0.5612500259540076,116.08703232500002,114.20879470199999,1.4928219910816467
2020-12-07 05:00:00,119.6014385,121.8113928,119.5427696,121.009552,121.009552,86712000,1.2269931465466621,116.33442994000002,114.43689666200002,1.5102291782888648
2020-12-08 05:00:00,121.6158219,122.212314,120.3641613,121.6255951,121.6255951,82225500,0.5090863405559976,116.72850419000001,114.62499618,1.4177769871714039
2020-12-09 05:00:00,121.7722846,123.1608369,118.3204576,119.0831833,119.0831833,115089200,-2.0903591862466375,117.01257134500001,114.77923293600001,1.5138937780318493
2020-12-10 05:00:00,117.8315134,121.1268871,117.4892657,120.5108337,120.5108337,81312200,1.198868186453672,117.19591828,114.928442378,1.3867819032744737
2020-12-11 05:00:00,119.7187955,120.0414894,117.8804306,119.6992416,119.6992416,86939800,-0.6734598667040959,117.35237541500001,115.04228744,1.3968563196908035
2020-12-14 05:00:00,119.8850241,120.6184154,118.8485002,119.0831833,119.0831833,79184500,-0.5146718490152802,117.47558555999998,115.217414698,1.4044748981064021
2020-12-15 05:00:00,121.5864807,125.0676494,121.381132,125.0480881,125.0480881,157243700,5.009023637681009,117.84619255499999,115.443898464,1.7771876130419744
2020-12-16 05:00:00,124.5885087,125.5272412,123.757326,124.9796448,124.9796448,98208600,-0.054733583727617496,118.257869725,115.73422134,1.7616594911007029
2020-12-17 05:00:00,126.0455131,126.7104623,125.2045571,125.8499451,125.8499451,94359800,0.6963536353401523,118.77955590000002,116.00446532800001,1.727147990003479
2020-12-18 05:00:00,126.1041795,126.2410786,123.3270676,123.8551102,123.8551102,192541500,-1.5850900041433524,119.17167588,116.236959988,1.785677886640202
2020-12-21 05:00:00,122.2514291,125.4685729,120.716197,125.3903427,125.3903427,121251600,1.2395390852431687,119.70411797,116.46111282,1.7628815320972602
2020-12-22 05:00:00,128.695463,131.4334592,126.7788611,128.9594879,128.9594879,168904800,2.846427502426785,120.585652925,116.611589352,1.642553194488134
2020-12-23 05:00:00,129.2333137,129.4973238,127.8838691,128.0598907,128.0598907,88223700,-0.6975812440396578,121.35766906500001,116.80850127800001,1.670463572048969
2020-12-24 05:00:00,128.4119161,130.5045251,128.1967869,129.0475159,129.0475159,54930100,0.7712213360494324,122.13701896500001,117.02340881,1.6705414058418446
2020-12-28 05:00:00,131.022804,134.2986095,130.5534228,133.6630096,133.6630096,124486200,3.5765846927085176,123.119763945,117.339997402,1.7921977575783277
2020-12-29 05:00:00,134.9928875,135.7164906,131.3650388,131.8833008,131.8833008,121047300,-1.3314893965996721,123.89324722,117.65398589799999,1.826057288363143
2020-12-30 05:00:00,132.5775847,132.9785089,130.445853,130.7587738,130.7587738,96452100,-0.852668224997899,124.43106765499999,118.004835508,1.7599771035575453
2020-12-31 05:00:00,131.1108202,131.7562082,128.8030815,129.7516022,129.7516022,99116600,-0.7702516402765425,124.90092811499999,118.30567047000001,1.7807351600503132
2021-01-04 05:00:00,130.5632046,130.651208,123.9529027,126.54422,126.54422,143301900,-2.4719403426372577,125.21726456000002,118.55485305799999,1.8906280316540514
2021-01-05 05:00:00,126.0357321,128.8226248,125.5859122,128.1087799,128.1087799,97664900,1.2363740516951438,125.64556503499998,118.85719299400002,1.8915831672261658
2021-01-06 05:00:00,124.8916404,128.1478993,123.5813108,123.7964401,123.7964401,155088000,-3.3661547657905744,125.78490944,119.08714782800001,2.053145082489042
2021-01-07 05:00:00,125.5174759,128.7150661,125.0285484,128.0207825,128.0207825,109578200,3.412329463260555,126.10466880999999,119.401394502,2.179804819982476
2021-01-08 05:00:00,129.4973071,129.69289,127.3460295,129.1257324,129.1257324,105158200,0.8631019733065681,126.606796265,119.707478944,2.109765430641488
2021-01-11 05:00:00,126.3290973,127.2873911,125.6543749,126.1237411,126.1237411,100384500,-2.3248590689116555,126.887441635,120.05894973800001,2.187576318696413
2021-01-12 05:00:00,125.6543715,126.8180214,124.0506899,125.947731,125.947731,91951100,-0.13955350393582977,127.199866105,120.32646392800001,2.1789495752319583
2021-01-13 05:00:00,125.9085589,128.5389903,125.6445489,127.991394,127.991394,88636800,1.6226278820378193,127.64527663999999,120.76097274600001,2.1904547961372334
2021-01-14 05:00:00,127.9034433,128.0990113,125.9086106,126.0552979,126.0552979,90221800,-1.5126767820030196,127.69563713000002,121.15851699800001,1.9363990016061712
2021-01-15 05:00:00,125.9281597,127.3362732,124.1875791,124.3244781,124.3244781,111598500,-1.3730639083278096,127.66287879500001,121.488840484,1.9626941010199295
2021-01-19 05:00:00,124.9503108,125.8597237,124.1289162,124.9992065,124.9992065,90757300,0.5427156504588693,127.620341865,121.744607696,1.9600909777913813
2021-01-20 05:00:00,125.8108047,129.5559904,125.7032401,129.1061707,129.1061707,104319500,3.2855922169394036,127.88289489000002,122.00285843000002,2.055118674900723
2021-01-21 05:00:00,130.8369826,136.5769858,130.6316265,133.8389893,133.8389893,120150900,3.6658345409356974,128.30532722,122.358406222,2.1854638905285784
2021-01-22 05:00:00,133.2621016,136.7530518,132.0300095,135.9903259,135.9903259,114459400,1.6074064898814688,128.65686912,122.803330538,2.1277465038919825
2021-01-25 05:00:00,139.9017226,141.876979,133.5163157,139.7550354,139.7550354,157611700,2.768365672399642,129.24162635500002,123.33039444200001,2.1837281529566215
2021-01-26 05:00:00,140.4199741,141.1044696,138.2393469,139.9897156,139.9897156,98390600,0.16792253626376485,129.78873633999999,123.79331085400001,2.183376540564169
2021-01-27 05:00:00,140.2537189,141.1044628,137.3006079,138.9140625,138.9140625,140843800,-0.768380088058418,130.05128898499999,124.240190126,2.066899606801618
2021-01-28 05:00:00,136.4303491,138.8456524,133.6727905,134.0541534,134.0541534,142621100,-3.498500448793662,130.15983161499997,124.58889358600001,2.2043576948138655
2021-01-29 05:00:00,132.8220443,133.7118959,127.326504,129.0377502,129.0377502,177523800,-3.7420721945344737,130.073780435,124.816929626,2.3596208189982324
2021-02-01 05:00:00,130.7881013,132.3820096,128.0305431,131.1694641,131.1694641,106239800,1.6520079563507428,130.14467353,125.10539688,2.3822091382390513
2021-02-02 05:00:00,132.7242746,133.2914324,131.6290817,132.0006714,132.0006714,83305400,0.6336896363061228,130.4174961,125.437085876,2.307048738946343
2021-02-03 05:00:00,132.753565,132.7633531,130.6511831,130.973877,130.973877,89880900,-0.7778705889218696,130.56075095499997,125.736309204,2.30507323334707
2021-02-04 05:00:00,133.2816452,134.3572768,131.6095066,134.3475037,134.3475037,84183100,2.5758012034720723,131.088304135,126.12842926000002,2.210941725505493
2021-02-05 05:00:00,134.509067,134.5776113,133.0498807,133.9312592,133.9312592,75693800,-0.3098267467101512,131.38382797,126.580478668,2.100874804808418
2021-02-08 05:00:00,133.2163981,134.1271701,132.1293564,134.0782013,134.0782013,71297200,0.10971456617201447,131.63145141500002,127.00965133599999,2.0959934094561703
2021-02-09 05:00:00,133.7941914,135.0281395,133.0401286,133.1968079,133.1968079,76774200,-0.6573726313853667,131.985104755,127.40437713599998,2.021735840654965
2021-02-10 05:00:00,133.6570505,134.1565113,131.6200713,132.5895996,132.5895996,73046600,-0.45587301195376684,132.317198185,127.77600692799999,2.026526248860978
2021-02-11 05:00:00,133.0890541,133.5689244,131.0031209,132.3349915,132.3349915,64280000,-0.19202720331619183,132.53437806000002,128.09443405200003,2.003592422654622
2021-02-12 05:00:00,131.5711309,132.7267168,130.9247786,132.5700226,132.5700226,60145100,0.17760313983168352,132.860114295,128.345787202,1.9634120447787342
2021-02-16 05:00:00,132.6875342,133.1967678,130.043369,130.4351044,130.4351044,80576300,-1.6104079626218515,133.16564561,128.54740142999998,1.9745550556404734
2021-02-17 05:00:00,128.5352666,129.4852046,126.7920847,128.1337433,128.1337433,97918500,-1.764372490508781,133.32237245,128.70572647400002,2.023865306162443
2021-02-18 05:00:00,126.5276616,127.3111176,124.774692,127.0271225,127.0271225,96856700,-0.8636451035454851,133.21842004,128.855413516,1.8932598812563128
2021-02-19 05:00:00,127.5461416,128.0064214,126.135924,127.1837845,127.1837845,87668800,0.12332956688048125,132.8856598,128.978898166,1.6795907506416372
2021-02-22 05:00:00,125.3622726,127.03691,123.0021242,123.3938522,123.3938522,103916400,-2.9798864021065574,132.255836115,129.014263308,1.7264221941381699
2021-02-23 05:00:00,121.2001742,124.089154,115.9412436,123.2567368,123.2567368,158273000,-0.11112012272520566,131.430921185,129.097734378,1.553501154561595
2021-02-24 05:00:00,122.3557703,122.9629416,119.7018243,122.7572861,122.7572861,111039900,-0.40521168494864757,130.56929971,129.142663426,1.5435616641841468
2021-02-25 05:00:00,122.1011677,123.8443496,118.0467984,118.4874878,118.4874878,148199500,-3.478244294617072,129.547970975,129.11842835,1.6689674325735793
2021-02-26 05:00:00,120.0543693,122.267626,118.6931204,118.7518845,118.7518845,164560400,0.22314313933831098,128.78285753,129.111802374,1.5532231881604723
2021-03-01 05:00:00,121.190389,125.2839314,120.2502463,125.1468277,125.1468277,116307900,5.385129867139082,128.588311405,129.113777166,1.8846599137903925
2021-03-02 05:00:00,125.7539868,126.0575724,122.4243105,122.5320358,122.5320358,102260900,-2.0893792899554287,128.15643999000002,129.064824986,1.8834976016234124
2021-03-03 05:00:00,122.228459,123.1098452,119.3198886,119.5353394,119.5353394,112966300,-2.4456431988866045,127.53317339,128.938532872,1.9265164029386106
2021-03-04 05:00:00,119.231751,121.0434846,116.1664939,117.645256,117.645256,178155000,-1.5811921474328416,126.86674234000002,128.814335788,1.9414292034764709
2021-03-05 05:00:00,118.4776753,119.4178179,115.1382035,118.9085693,118.9085693,153766600,1.073832760413218,126.09479561999999,128.68470032,1.8419799105981718
2021-03-08 05:00:00,118.4286985,118.4972504,113.8063253,113.9532242,113.9532242,154376600,-4.167357431992924,125.09589387000001,128.384575046,2.0055190313686557
2021-03-09 05:00:00,116.5680143,119.5353414,116.3329805,118.5854034,118.5854034,129525800,4.064983007299605,124.32125397499999,128.1950853,2.2753043812386866
2021-03-10 05:00:00,119.1729895,119.6430571,116.9793158,117.4983597,117.4983597,111943300,-0.9166758039632517,123.536331565,127.964102176,2.2764608600179854
2021-03-11 05:00:00,120.0054137,120.6615538,118.7518901,119.4374084,119.4374084,103026500,1.6502772506363783,122.87872200500001,127.679590152,2.3315584312787574
2021-03-12 05:00:00,117.9096601,118.6637302,116.6953103,118.5266266,118.5266266,88105100,-0.7625599150223983,122.18830375999998,127.41245666799999,2.3311422367128998
2021-03-15 04:00:00,118.8987849,121.4352103,117.9292565,121.425415,121.425415,92403800,2.4456853984233806,121.63107338,127.225789492,2.4205180243278797
2021-03-16 04:00:00,123.100041,124.5886057,122.1403153,122.9727325,122.9727325,115227900,1.274294594751857,121.257954785,127.090212098,2.4311760554395683
2021-03-17 04:00:00,121.4841831,123.2567431,119.8095458,122.1794968,122.1794968,111932600,-0.6450500723808927,120.96024245999999,127.002917634,2.407643029655817
2021-03-18 04:00:00,120.338379,120.6321769,117.8313318,118.0369873,118.0369873,121229700,-3.3905111810871302,120.51073569999998,126.801481782,2.5079448953820074
2021-03-19 04:00:00,117.4200209,118.9183736,117.2045702,117.5081558,117.5081558,185549500,-0.4480218549258175,120.026954265,126.675716096,2.5056831504367976
2021-03-22 04:00:00,117.8411243,121.3079047,117.7725725,120.8378296,120.8378296,111912300,2.833568255183194,119.899153135,126.532057038,2.5235308095941535
2021-03-23 04:00:00,120.7790776,121.6702515,119.6136889,120.0054169,120.0054169,95467100,-0.68886763586824,119.73658714000001,126.349650728,2.5272760569794968
2021-03-24 04:00:00,120.2796156,120.3579627,117.5864961,117.6060791,117.6060791,88530500,-1.999357913984301,119.47902679,126.17929748799999,2.562193693620104
2021-03-25 04:00:00,117.0674561,119.1436091,116.5386245,118.0957336,118.0957336,98844700,0.4163513516879158,119.45943908000001,126.02225754,2.4438412961890736
2021-03-26 04:00:00,117.8607216,118.9673539,116.4602989,118.7029343,118.7029343,94071200,0.5141597257498187,119.45699157000001,125.83648834600001,2.446032315613578
2021-03-29 04:00:00,119.1338052,120.0445695,118.2328362,118.8791809,118.8791809,80819200,0.1484770372689903,119.14360923,125.69296600599999,2.0976669794213136
2021-03-30 04:00:00,117.6256842,117.9096868,116.4015388,117.4200287,117.4200287,85671900,-1.2274245069264222,118.888008875,125.55487701800001,2.0661951218460777
2021-03-31 04:00:00,119.1338236,120.9651402,118.6441655,119.6234818,119.6234818,118323800,1.8765564311261196,118.89241599500001,125.447362524,2.0440516946826
2021-04-01 04:00:00,121.1022468,121.6114879,119.9564411,120.4558945,120.4558945,75089100,0.6958606182285498,119.03294792000001,125.274357,2.013145181533196
2021-04-05 04:00:00,121.307903,123.550538,120.524447,123.2959137,123.2959137,88651200,2.357725383044662,119.25231514,125.063495488,2.064395006760522
2021-04-06 04:00:00,123.8835128,124.5004794,123.0510955,123.5995102,123.5995102,80171300,0.2462340323286849,119.73462944,124.815679174,1.7905155395610268
2021-04-07 04:00:00,123.2273553,125.2741225,122.5516248,125.2545395,125.2545395,83466700,1.3390257755244717,120.06808624499999,124.525669256,1.5913019484514515
2021-04-08 04:00:00,126.2828112,127.6930288,125.8617124,127.6636505,127.6636505,88844600,1.923372206402152,120.576350785,124.279147954,1.6049911101796068
2021-04-09 04:00:00,127.1152302,130.2882048,126.7920541,130.2490387,130.2490387,106686700,2.025156095626457,121.1169323,124.105847478,1.622114599528527
2021-04-12 04:00:00,129.7789443,130.1021203,127.9280379,128.5254211,128.5254211,91420000,-1.3233246227405848,121.61687202499999,123.995272832,1.6487451729622735
2021-04-13 04:00:00,129.7006604,131.8747439,129.2011995,131.6494904,131.6494904,91266500,2.4307014699989304,122.128075795,124.047507636,1.64777874424512
2021-04-14 04:00:00,132.1489162,132.2076728,128.9367606,129.2991028,129.2991028,87222800,-1.785337408339871,122.44439431,124.01010040999999,1.7051220061208647
2021-04-15 04:00:00,131.052105,132.207691,130.8758203,131.7180328,131.7180328,89347100,1.8708018444193009,122.92132111000001,124.004447638,1.7271133624648543
2021-04-16 04:00:00,131.5221592,131.8845014,130.5232526,131.3850555,131.3850555,84922400,-0.25279553066632765,123.58872452,124.01267120800001,1.492073742277422
2021-04-19 04:00:00,130.7485025,132.6679689,130.5820206,132.0509949,132.0509949,94264200,0.5068608430888188,124.315866475,123.96674103199999,1.4737014186663482
2021-04-20 04:00:00,132.2272785,132.7267244,129.0836669,130.356781,130.356781,94812300,-1.2829997239195312,124.791814045,123.89525146800001,1.4315192101972294
2021-04-21 04:00:00,129.6223189,130.9835681,128.5842459,130.738739,130.738739,68847100,0.2930096900751078,125.32848014999999,123.828462222,1.4092516077474424
2021-04-22 04:00:00,130.2882221,131.3752637,128.6919469,129.2109833,129.2109833,84566500,-1.1685562455975629,125.90872535999999,123.74874573000001,1.3443551605254789
2021-04-23 04:00:00,129.4264367,132.3252043,129.4264367,131.5417633,131.5417633,78657500,1.8038559420203715,126.581026845,123.727789004,1.3763084740940685
2021-04-26 04:00:00,132.0412123,132.2664509,130.7974765,131.9334869,131.9334869,66905100,0.29779409228885,127.24255447499999,123.719758912,1.3774513255578757
2021-04-27 04:00:00,132.2174924,132.6092279,131.3361137,131.610321,131.610321,66015800,-0.24494607668857915,127.87911148,123.70056488,1.3861001357547191
2021-04-28 04:00:00,131.5319283,132.2272493,130.3273739,130.8170319,130.8170319,107760100,-0.6027559951016337,128.54896164,123.70820343000001,1.3512747872956816
2021-04-29 04:00:00,133.6472925,134.2348882,129.7104369,130.7191315,130.7191315,151101000,-0.07483765575327928,129.103744125,123.75991119400001,1.3205743983838911
2021-04-30 04:00:00,129.0542792,130.7974607,128.3589731,128.7409058,128.7409058,109839500,-1.5133406084479661,129.51799469,123.79418686,1.3897512991307388
2021-05-03 04:00:00,129.3089106,131.2969363,129.1032626,129.7985687,129.7985687,75135100,0.8215437769585776,129.84312744000002,123.846482544,1.3128204362394802
2021-05-04 04:00:00,128.4765018,128.7702997,124.0793665,125.2055817,125.2055817,137564700,-3.5385498052876496,129.923431015,123.88271713399999,1.5644141851019782
2021-05-05 04:00:00,126.5276555,127.7518008,125.3231007,125.4504166,125.4504166,84000900,0.19554631405063194,129.93322487,123.92659072999999,1.5364802220631801
2021-05-06 04:00:00,125.2447621,127.0662911,124.5004797,127.0565033,127.0565033,78128300,1.2802561709468252,129.90286751000002,124.012575074,1.5008451791461404
2021-05-07 04:00:00,128.3612096,128.7634,127.0172572,127.7333832,127.7333832,78973300,0.532739279312433,129.777084735,124.197492982,1.42958014292358
2021-05-10 04:00:00,126.9485842,127.0761014,124.398031,124.4372711,124.4372711,88071200,-2.580462536437378,129.57267723500001,124.31120071400001,1.5120276272202666
2021-05-11 04:00:00,121.1509874,123.8682978,120.434869,123.515152,123.515152,126142800,-0.7410312777262451,129.165960315,124.2785672,1.3883156808347854
2021-05-12 04:00:00,121.0528822,122.2692947,119.9247541,120.4348602,120.4348602,112172300,-2.493857433782698,128.722748185,124.236623688,1.4361808074195284
2021-05-13 04:00:00,122.2104361,123.7505738,121.896523,122.5930176,122.5930176,105861300,1.791970693880529,128.26649742499998,124.297777252,1.4298750657412271
2021-05-14 04:00:00,123.8486758,125.4574818,123.4562825,125.0258484,125.0258484,81918000,1.9844774585269676,127.94853707,124.4453891,1.5222869004071276
2021-05-17 04:00:00,124.4078432,124.5157516,122.7892252,123.8683014,123.8683014,74244600,-0.9258461468676704,127.539402395,124.54458374200001,1.519163562542761
2021-05-18 04:00:00,124.1527856,124.5746072,122.406643,122.4753113,122.4753113,63342900,-1.124573506099591,127.14532890999999,124.715025484,1.51421872246804
2021-05-19 04:00:00,120.8174692,122.5439882,120.5231723,122.318367,122.318367,92612000,-0.12814362203625862,126.72431031,124.789684756,1.5084498057279294
2021-05-20 04:00:00,122.8480948,125.2907322,122.7205626,124.8885269,124.8885269,76857100,2.101205209843915,126.50818749,124.93748810000001,1.586953475133034
2021-05-21 04:00:00,125.3888296,125.5654063,122.8284719,123.0442886,123.0442886,79295400,-1.4767075453429812,126.08331375499999,125.00962570400002,1.542423825744413
2021-05-24 04:00:00,123.6132386,125.5065295,123.5445703,124.6825027,124.6825027,63092900,1.331401984309566,125.720764545,125.132743226,1.5811135375353262
2021-05-25 04:00:00,125.38882,125.8793173,123.9173505,124.4863205,124.4863205,72009500,-0.1573454139527808,125.36456452,125.19396133599999,1.5813087817145048
2021-05-26 04:00:00,124.5451795,124.967001,124.0154496,124.4372711,124.4372711,56575900,-0.03940143768648152,125.04557648,125.22325210800001,1.5800098354118208
2021-05-27 04:00:00,124.0350652,125.2122377,122.7009323,122.8971252,122.8971252,94625600,-1.2376885850882369,124.654476165,125.23760467599999,1.5950238614374483
2021-05-28 04:00:00,123.1816154,123.407244,122.1810194,122.2398758,122.2398758,71311100,-0.5347963989641102,124.32942466499999,125.321662446,1.5705335128633156
2021-06-01 04:00:00,122.700932,122.9657932,121.5826158,121.9161453,121.9161453,67637100,-0.26483215716748276,123.935303495,125.409822236,1.5502892161388748
2021-06-02 04:00:00,121.9161496,122.8578892,121.6905285,122.6813126,122.6813126,59278900,0.6276176942087153,123.80909004,125.44669189599999,1.3607203997275328
2021-06-03 04:00:00,122.3085553,122.47532,120.7880337,121.190239,121.190239,76229200,-1.2154040158191104,123.59608116000001,125.470388338,1.3813934132131922
2021-06-04 04:00:00,121.7101465,123.7603979,121.4943298,123.4955292,123.4955292,75169300,1.9022078172483692,123.418032455,125.58817734,1.4220095012727823
2021-06-07 04:00:00,123.7701941,123.9173426,122.4556851,123.5053329,123.5053329,71057600,0.007938506003823953,123.20662994,125.69636932600001,1.4139083308486753
2021-06-08 04:00:00,124.1920244,126.0166547,123.8094429,124.329361,124.329361,74403800,0.6672004201366821,123.20123443499999,125.80889786,1.303298926249192
2021-06-09 04:00:00,124.7904171,125.320147,124.1135388,124.711937,124.711937,56877900,0.30771170777592616,123.261073685,125.92555298200001,1.292812884775057
2021-06-10 04:00:00,124.6040294,125.7517813,123.5445771,123.7113419,123.7113419,71186400,-0.8023250412669047,123.42489777,126.051379246,1.1663549262035728
2021-06-11 04:00:00,124.1233618,125.016057,123.7015403,124.9277649,124.9277649,53522400,0.9832752448706517,123.541635135,126.15746490800001,1.1191605213002431
2021-06-14 04:00:00,125.3888428,128.0571016,124.6531079,127.9982452,127.9982452,96906500,2.4578045580642582,123.69025497500002,126.30831192199999,1.1651606533088517
2021-06-15 04:00:00,127.4685065,128.1159567,126.9289647,127.1742096,127.1742096,62746300,-0.6437866384124469,123.85555038499999,126.38587783999999,1.1534330653537155
2021-06-16 04:00:00,127.8902857,128.4003992,126.0166263,127.674469,127.674469,91815000,0.3933654485240856,124.11550827,126.46737701600001,1.1152874388686809
2021-06-17 04:00:00,127.3311549,130.0288488,127.1839989,129.2832947,129.2832947,96721700,1.2600997776618827,124.463754655,126.54795211999999,1.1358848706020794
2021-06-18 04:00:00,128.2238368,129.0086084,127.7627752,127.9785919,127.9785919,108953300,-1.0091812735957495,124.618257905,126.55425094799999,1.0857191888891975
2021-06-21 04:00:00,127.8216557,129.8915235,126.7523915,129.7836151,129.7836151,79663300,1.4104102672190644,124.95522423,126.544942476,1.0525776829729445
2021-06-22 04:00:00,129.6168675,131.5297751,129.1165582,131.4316711,131.4316711,74783600,1.2698490473779467,125.29268265,126.60306747599999,1.0494029082298504
2021-06-23 04:00:00,131.2256429,131.7651847,130.6959056,131.1569672,131.1569672,60214200,-0.20900890759502078,125.626214985,126.59321701200001,1.0505709102088565
2021-06-24 04:00:00,131.8927252,132.0791137,130.4016318,130.8725128,130.8725128,68711000,-0.21688089170758262,125.94797706999998,126.624685212,1.0540351212976093
2021-06-25 04:00:00,130.9215502,131.3433642,130.2839044,130.5782013,130.5782013,70783700,-0.2248841209687713,126.33203087500002,126.60188858199999,1.0014270174721527
2021-06-28 04:00:00,130.8724632,132.6774617,130.8136068,132.2164001,132.2164001,62111300,1.2545729560451413,126.83085709000002,126.61851547399999,1.0020695954224217
2021-06-29 04:00:00,132.2360561,133.8939141,131.7946183,133.7369537,133.7369537,64556100,1.1500491609588215,127.42189751000001,126.65223465000001,1.0027715353537343
2021-06-30 04:00:00,133.579983,134.796403,133.2856861,134.3549652,134.3549652,63261400,0.4621097482049308,128.00558013999998,126.73219833399999,1.0020722606655
2021-07-01 04:00:00,134.0018335,134.7179445,133.1777992,134.6590881,134.6590881,52485800,0.2263577676844708,128.679022595,126.81060531600001,0.9240005979466066
2021-07-02 04:00:00,135.277067,137.3371299,135.1299261,137.2978973,137.2978973,78852600,1.959622062820121,129.36914099999998,126.97234359599999,0.9285584734653127
2021-07-06 04:00:00,137.4058334,140.4272377,137.4058334,139.3187408,139.3187408,108181800,1.4718677705488847,130.159811395,127.127883146,0.9424028479992403
2021-07-07 04:00:00,140.8098285,142.1341572,139.9465765,141.8202515,141.8202515,104911600,1.7955306555570205,131.03435592,127.325618438,0.9791639514441987
2021-07-08 04:00:00,138.8871488,141.319975,137.9944535,140.5155792,140.5155792,105575500,-0.9199478115436976,131.82453802999999,127.503723602,1.0393597137888364
2021-07-09 04:00:00,140.0348477,142.8796828,139.9367438,142.3499603,142.3499603,99890800,1.3054645687287536,132.75646894999997,127.73438216999999,0.9952414924748674
2021-07-12 04:00:00,143.4290381,143.5369465,141.2610666,141.7515564,141.7515564,76299700,-0.42037517870666674,133.59765852499999,127.955030668,1.0239472617851062
2021-07-13 04:00:00,141.2905103,144.6552786,140.8981244,142.8698883,142.8698883,100827100,0.7889380042108707,134.34124068,128.237610318,0.9317472496063839
2021-07-14 04:00:00,145.2830937,146.725135,144.8710691,146.3131104,146.3131104,127050800,2.4100404507700457,135.29818572,128.567901152,0.9741777720094734
2021-07-15 04:00:00,146.4014074,147.1469465,144.2922922,145.6558533,145.6558533,106820300,-0.44921271798757934,136.197254935,128.976906584,1.0061888808727668
2021-07-16 04:00:00,145.6362411,146.9115026,143.1053119,143.6056061,143.6056061,93251400,-1.4075968480148915,136.91337050500002,129.340010374,1.0960623984604827
2021-07-19 04:00:00,141.015816,141.3297367,138.9753767,139.7405396,139.7405396,121434600,-2.6914454142608735,137.50146789000001,129.5936911,1.2711549314245243
2021-07-20 04:00:00,140.7313404,144.3021056,140.2408506,143.370163,143.370163,96350000,2.59740187807318,138.180795285,129.906426696,1.3440602591796829
2021-07-21 04:00:00,142.7619926,143.3505865,141.8791168,142.6344604,142.6344604,74993500,-0.5131490294811192,138.74093475,130.270370482,1.3499608788349682
2021-07-22 04:00:00,143.1641543,145.3811626,143.0366221,144.0077972,144.0077972,77338200,0.9628366077514938,139.38347625,130.680223386,1.3467198142114334
2021-07-23 04:00:00,144.7435452,145.8912896,144.1255233,145.7343292,145.7343292,71447400,1.1989156376041032,140.12656707000002,131.186212766,1.3455328509663245
2021-07-26 04:00:00,145.4498519,146.9801777,144.8906864,146.1561584,146.1561584,72434100,0.2894508125268924,140.905464925,131.65747558200002,1.3348592387750933
2021-07-27 04:00:00,146.2836713,146.3719709,142.781582,143.9783783,143.9783783,104818600,-1.4900364951026313,141.493563835,132.03652618,1.4006240296964132
2021-07-28 04:00:00,142.0556779,144.1745978,139.8288496,142.2224426,142.2224426,118931200,-1.2195829128879732,141.91783827999998,132.403609004,1.43683044861018
2021-07-29 04:00:00,141.9379605,143.7625835,141.8300522,142.8698883,142.8698883,56699500,0.45523455241234245,142.343584435,132.81150054399998,1.436794942520745
2021-07-30 04:00:00,141.6338477,143.546755,141.368979,143.0856934,143.0856934,70440600,0.15105009359763777,142.7649147,133.226847072,1.4371450481703214
2021-08-02 04:00:00,143.5761861,144.1549605,142.487298,142.7521667,142.7521667,62880000,-0.23309577084524857,143.03762817,133.584119868,1.3877675795344477
2021-08-03 04:00:00,143.036638,145.2242184,142.418616,144.5571594,144.5571594,64786600,1.2644240306301402,143.2995491,134.014377284,1.378538213548044
2021-08-04 04:00:00,144.468889,144.9789876,143.4977136,144.1549683,144.1549683,56368300,-0.27822288544497864,143.41628494,134.403826596,1.3288100503226303
2021-08-05 04:00:00,144.184383,145.0280261,143.3897919,144.2628632,144.2628632,46397700,0.07484646646063187,143.60364914,134.79935745,1.3074610293624451
2021-08-06 04:00:00,143.7815011,144.5281573,143.0741362,143.5751801,143.5751801,54126800,-0.4766875443520169,143.66491013,135.18211563,1.2843612354070872
2021-08-09 04:00:00,143.6341015,144.1253262,142.9660431,143.5260315,143.5260315,48908700,-0.0342319612385622,143.753633885,135.59469375600003,1.2798015562394491
2021-08-10 04:00:00,143.8699012,145.1176162,142.7499094,143.0446472,143.0446472,69023100,-0.3353985998003295,143.76237183,136.010789184,1.271224112505779
2021-08-11 04:00:00,143.4867624,144.1450018,142.9758844,143.3000946,143.3000946,48493500,0.17857878990943377,143.61172104,136.43846817,1.1411055181054894
2021-08-12 04:00:00,143.6242907,146.4340968,143.2804274,146.2769012,146.2769012,72282600,2.0773235414179636,143.64277343499998,136.910379942,1.2360547729502283
2021-08-13 04:00:00,146.3554464,146.8171987,145.667735,146.4831696,146.4831696,59375000,0.14101228444671765,143.78665160999998,137.416238554,1.1889640945928055
2021-08-16 04:00:00,145.9330368,148.5365368,143.8993742,148.4677582,148.4677582,103296000,1.354823632926072,144.22301253999998,137.915683134,1.0201815025354908
2021-08-17 04:00:00,147.5933685,149.0179172,146.4733768,147.5540771,147.5540771,92229700,-0.6154070830443725,144.432208245,138.396658018,0.8847126536825919
2021-08-18 04:00:00,147.1709341,148.0747858,143.5849846,143.7913055,143.7913055,86326000,-2.550096665543111,144.4900505,138.78589690799998,1.0638874274933368
2021-08-19 04:00:00,142.4846167,145.4024922,141.9639198,144.1253052,144.1253052,86960300,0.23228087319926427,144.4959259,139.17416427199998,1.0430821447540621
2021-08-20 04:00:00,144.8523505,145.8937446,144.2039303,145.5891876,145.5891876,60549600,1.015701162241145,144.48866882,139.61172118599998,1.0328384853945947
2021-08-23 04:00:00,145.7070964,147.5541064,145.2944693,147.0825348,147.0825348,60131800,1.025726720931286,144.53498764,140.05481658399998,1.056544393376012
2021-08-24 04:00:00,146.8270345,148.2122915,146.5322967,146.9940491,146.9940491,48606400,-0.060160575910861436,144.68577118000002,140.43473266200002,0.9943275657063029
2021-08-25 04:00:00,147.1807437,147.6818025,145.2060258,145.7561951,145.7561951,58991300,-0.8421116416474028,144.86245880500002,140.806372372,0.9711052825656131
2021-08-26 04:00:00,145.7463734,146.5028486,144.9211045,144.9505768,144.9505768,48597200,-0.5527163352798126,144.96649323,141.15189452799999,0.9793097848210502
2021-08-27 04:00:00,144.8916507,146.1393658,144.2530645,145.9920044,145.9920044,55802400,0.718470821566286,145.11180878,141.486068722,0.9897352787292363
2021-08-30 04:00:00,146.3849461,150.7961489,146.0017915,150.4326324,150.4326324,90956700,3.0416926038176806,145.495832065,141.93514953200003,1.1828584573105143
2021-08-31 04:00:00,149.9807179,150.1182603,148.6347522,149.1652832,149.1652832,86453100,-0.8424696023600187,145.726238255,142.322782894,1.1833592239699857
2021-09-01 04:00:00,150.1477498,152.2600101,149.6663442,149.8333588,149.8333588,80313700,0.4478760645023838,146.01015778000001,142.690816648,1.1802233769531205
2021-09-02 04:00:00,151.169494,152.004582,149.7252921,150.9533539,150.9533539,71115500,0.7474938217830296,146.344682315,143.086744382,1.1860403877973875
2021-09-03 04:00:00,151.0614184,151.9161596,150.4031791,151.5919495,151.5919495,57808700,0.4230416771150658,146.745520785,143.501133116,1.1746908957862192
2021-09-07 04:00:00,152.2501731,154.4999755,151.6803507,153.9399872,153.9399872,82278300,1.5489197861394244,147.26621857,143.968368834,1.2054415150246212
2021-09-08 04:00:00,154.2249014,154.283846,151.2775532,152.3877258,152.3877258,74420200,-1.008354897407704,147.7333725,144.371795348,1.2348409571335646
2021-09-09 04:00:00,152.7610584,153.3701722,151.2480779,151.3659821,151.3659821,57305700,-0.6704894994896016,148.136666875,144.72437591599999,1.2545447016205804
2021-09-10 04:00:00,152.2796684,152.7512399,146.0902337,146.3554993,146.3554993,140893200,-3.310177577872042,148.14059677999998,144.964386598,1.416612906150733
2021-09-13 04:00:00,147.9863707,148.7624992,146.1393609,146.9253235,146.9253235,102404300,0.3893425274249296,148.162704475,145.209711306,1.418887345115969
2021-09-14 04:00:00,147.711274,148.4186387,144.3316456,145.520401,145.520401,109296300,-0.9562153524882322,148.015336615,145.37416138,1.3988221307070248
2021-09-15 04:00:00,145.9526611,146.8172213,143.8010948,146.4144135,146.4144135,83281300,0.6143554401008,147.958353435,145.516074834,1.4015777355059276
2021-09-16 04:00:00,145.8347864,146.3554833,144.6361969,146.1786346,146.1786346,68034100,-0.16103530681423894,148.07771989,145.60324249599998,1.2711783212851526
2021-09-17 04:00:00,146.2081213,146.2081213,143.2018137,143.4965515,143.4965515,129868800,-1.8347982982186095,148.04628220499998,145.662861942,1.3411149718647464
2021-09-20 04:00:00,141.2762273,142.2979681,138.7906315,140.4313202,140.4313202,123478900,-2.1361010198213903,147.788388835,145.62448914,1.3978173731809458
2021-09-21 04:00:00,141.4039291,142.0621834,140.2741184,140.9127045,140.9127045,75834000,0.34278984154989534,147.47989732000002,145.607712102,1.3752059392717986
2021-09-22 04:00:00,141.9147843,143.8600295,141.1779474,143.2902222,143.2902222,76404300,1.6872273571330032,147.294705975,145.61611878,1.4389255304801998
2021-09-23 04:00:00,144.0762488,144.49871,143.0839799,144.2530975,144.2530975,64838200,0.671975578805406,147.21955109499999,145.57491852200002,1.438634351449605
2021-09-24 04:00:00,143.1035804,144.8818113,143.0053294,144.3414612,144.3414612,53477900,0.06125601566371319,147.189095315,145.54863067999997,1.433704051882534
2021-09-27 04:00:00,142.9169002,143.3983058,141.2958649,142.8186493,142.8186493,74150700,-1.055006570766237,147.03042756,145.532891544,1.4410207928837637
2021-09-28 04:00:00,140.7359125,142.209587,139.2032935,139.4194336,139.4194336,108972300,-2.380092317537419,146.47976762,145.526469424,1.3241441255050719
2021-09-29 04:00:00,139.9695598,141.9148053,139.5372797,140.3232422,140.3232422,74602000,0.6482658670046604,146.03766557,145.465531008,1.3380930907028352
2021-09-30 04:00:00,141.1387115,141.8460764,138.8004767,139.0166168,139.0166168,89056700,-0.9311539410824743,145.49682847,145.393174136,1.3332392418949572
2021-10-01 04:00:00,139.4095862,140.4116889,136.6685585,140.1464233,140.1464233,94639600,0.8127132755830324,144.95648194,145.315946658,1.3361811478078593
2021-10-04 04:00:00,139.2720105,139.7141247,135.8432719,136.697998,136.697998,98322000,-2.4605874476141487,144.211784365,145.13522003399999,1.4009999073993444
2021-10-05 04:00:00,137.0418447,139.74358,136.9141215,138.6334076,138.6334076,80861100,1.415828781925521,143.446455385,144.984765018,1.3910042485222063
2021-10-06 04:00:00,137.0222018,139.6551586,135.9415016,139.5077972,139.5077972,83221100,0.6307207008305449,142.802458955,144.89535339600002,1.4084593656379318
2021-10-07 04:00:00,140.5492026,141.6888474,140.2151734,140.7751617,140.7751617,61732700,0.9084542408644758,142.27291793499998,144.866407778,1.4382685827653756
2021-10-08 04:00:00,141.5021862,141.6495476,140.0579844,140.3920135,140.3920135,58773200,-0.27217031426078897,141.974743645,144.81685028200002,1.258622420816249
2021-10-11 04:00:00,139.773088,142.268503,139.3211547,140.3036041,140.3036041,64452200,-0.06297324028334828,141.643657675,144.761208496,1.251515048879002
2021-10-12 04:00:00,140.7162272,140.7358804,138.5646605,139.026413,139.026413,73035900,-0.9103052684873991,141.318958275,144.686693422,1.2501404336256958
2021-10-13 04:00:00,138.7611761,138.9183566,136.7569707,138.4369659,138.4369659,78762700,-0.4239820961215446,140.920085895,144.564289552,1.235113866141034
2021-10-14 04:00:00,139.6158726,141.3548121,139.026397,141.236908,141.236908,69907100,2.0225393425788774,140.672999565,144.505928346,1.3377273791685371
2021-10-15 04:00:00,141.2467605,142.3569182,140.9913141,142.2979736,142.2979736,67940300,0.7512665173893485,140.61307066999998,144.466630554,1.2918521949999562
2021-10-18 04:00:00,140.9323522,144.2628548,140.6474484,143.977951,143.977951,85589200,1.18060528727022,140.79040221,144.474685972,1.2186046677541216
2021-10-19 04:00:00,144.4298985,146.5519931,143.9779801,146.1491852,146.1491852,76378900,1.508032434771911,141.05222624499999,144.527149046,1.2564863090025742
2021-10-20 04:00:00,146.090242,147.121817,145.5204195,146.6404114,146.6404114,58418800,0.33611285572874294,141.219735705,144.59906433,1.2071091161209186
2021-10-21 04:00:00,146.1983127,147.0137476,145.2748078,146.8565521,146.8565521,61421000,0.14739504474683418,141.349908435,144.67019348,1.200222605063381
2021-10-22 04:00:00,147.0628633,147.5442539,146.0312883,146.0804138,146.0804138,58883400,-0.5285009683949848,141.436856065,144.666263732,1.2083473586776348
2021-10-25 04:00:00,146.0705566,146.7484491,145.0291628,146.0312653,146.0312653,50720600,-0.03364482528595003,141.597486865,144.657225646,1.1796816014268254
2021-10-26 04:00:00,146.7091904,148.1926838,146.3947994,146.6993713,146.6993713,60893400,0.45750887566951004,141.96148375,144.62185790799998,1.023768729208385
2021-10-27 04:00:00,146.7386384,147.1021399,145.8839122,146.2375946,146.2375946,56094900,-0.3147775589683155,142.25720137000002,144.595528258,1.027178528696655
2021-10-28 04:00:00,147.1905977,150.4817947,147.0923468,149.892334,149.892334,100077900,2.4991790995993357,142.80098722999998,144.717548828,1.109414737527231
2021-10-29 04:00:00,144.6362076,147.3084713,143.840426,147.170929,147.170929,124953200,-1.8155731700061462,143.152212515,144.778461304,1.207210652496174
2021-11-01 04:00:00,146.3751602,147.0726909,145.2060428,146.3456879,146.3456879,74588300,-0.560736488929825,143.63459701000002,144.79359131,1.046615030986445
2021-11-02 04:00:00,146.050953,148.9098848,146.0411189,147.387085,147.387085,69122000,0.7116008096607729,144.07228088,144.799682314,1.0202694638110628
2021-11-03 04:00:00,147.750568,149.3028398,147.1905796,148.8312683,148.8312683,54511500,0.9798574278065075,144.538454435,144.836426698,1.0289679177596247
2021-11-04 04:00:00,148.9196913,149.7547643,147.9961864,148.3105774,148.3105774,60394600,-0.34985316321463067,144.91522522,144.88751434399998,1.0301409707111295
2021-11-05 04:00:00,149.4420273,149.7470287,147.6415191,148.8418579,148.8418579,65463900,0.35822158426848105,145.33771744,144.965339966,1.022420403993929
2021-11-08 05:00:00,148.9697487,149.1271736,147.7398948,148.0153809,148.0153809,55020900,-0.5552718916981614,145.72330628000003,145.005807496,1.037374832466396
2021-11-09 05:00:00,147.7792861,148.9894585,147.641543,148.3794556,148.3794556,56787900,0.24597085639765925,146.19095841,144.96474396,0.9994865134846566
2021-11-10 05:00:00,147.6021871,147.7104149,145.467162,145.536026,145.536026,65187100,-1.9163229764538992,146.545911415,144.892158816,1.1085551680108754
2021-11-11 05:00:00,146.5592452,147.0216565,145.2998609,145.4868011,145.4868011,41000000,-0.03382317172793137,146.75840607,144.805227662,1.0285821537378115
2021-11-12 05:00:00,146.0377918,147.9760431,145.1031056,147.5726624,147.5726624,63804000,1.4337117073364603,147.02214051,144.737613832,1.0602919715345753
2021-11-15 05:00:00,147.946521,149.4321943,147.0216683,147.582489,147.582489,59222800,0.00665882138344287,147.20236741,144.657424622,1.0346029992080306
2021-11-16 05:00:00,147.523477,149.0484993,146.933141,148.566391,148.566391,59256200,0.6666793646501024,147.32322770000002,144.54995269800003,0.9917894746036681
2021-11-17 05:00:00,148.5663758,152.501909,148.5565424,151.0162506,151.0162506,88807000,1.6489998737332145,147.54201966,144.522523194,1.0508547870991534
2021-11-18 05:00:00,151.2326951,156.1127474,150.5833285,155.3256378,155.3256378,137827700,2.8535917047857184,147.965473945,144.601716308,1.2120459322343335
2021-11-19 05:00:00,155.1091929,158.4248897,154.0072484,157.9624634,157.9624634,117305600,1.6976113134621107,148.559576425,144.83385559,1.2351444675719936
2021-11-22 05:00:00,159.0742325,163.0294473,158.4051991,158.424881,158.424881,117467900,0.29273891407293195,149.17925721,145.06384674,1.2312777329326248
2021-11-23 05:00:00,158.5232897,159.1923382,156.4964923,158.8086243,158.8086243,96041900,0.24222413649783725,149.78471986,145.329611206,1.2318302160398988
2021-11-24 05:00:00,158.1592545,159.5268518,157.0671433,159.3300781,159.3300781,69463600,0.32835357796121567,150.439344035,145.587924498,1.2204059060328907
2021-11-26 05:00:00,156.998273,157.8640801,153.8400009,154.2827454,154.2827454,76959800,-3.1678467494581586,150.65886460500002,145.75000671400002,1.3655825075783705
2021-11-29 05:00:00,156.8014516,158.5921262,156.2307976,157.6574402,157.6574402,88748200,2.187344275764991,151.18319016499998,146.033224488,1.3551245047476348
2021-11-30 05:00:00,157.411507,162.8523808,157.3426279,162.6359253,162.6359253,174048100,3.157786333258006,151.997702035,146.47731659,1.473052984197339
2021-12-01 05:00:00,164.7807405,167.5552981,161.8782883,162.1144257,162.1144257,152052500,-0.32065461492474245,152.73406907,146.901351014,1.4847399927457798
2021-12-02 05:00:00,156.1816293,161.5536233,155.2567766,161.1207123,161.1207123,136739200,-0.6129703730616165,153.34854127,147.257960816,1.4996020585298744
2021-12-03 05:00:00,161.3765477,162.3014004,157.1458463,159.2316742,159.2316742,118023100,-1.1724365371987178,153.89459611,147.55753235,1.5324075567599071
2021-12-06 05:00:00,161.6421651,165.1743172,161.6323317,162.6555786,162.6555786,107497000,2.150265904822102,154.585282145,147.923814698,1.5834086001947048
2021-12-07 05:00:00,166.3549664,168.8146743,165.6268875,168.4211121,168.4211121,120405400,3.544626965533393,155.605568705,148.43586395399998,1.7061466294818624
2021-12-08 05:00:00,169.3558479,173.1241229,167.9488869,172.2583008,172.2583008,116998900,2.278329986160932,156.799510965,149.092641298,1.7402696504999575
2021-12-09 05:00:00,172.0910235,173.9013651,171.1169736,171.7466583,171.7466583,108923700,-0.297020519547575,158.11004258,149.72110962,1.6440515933375928
2021-12-10 05:00:00,172.3862056,176.7349681,171.8745821,176.5578613,176.5578613,115402700,2.8013371832807277,159.66359559,150.47193451,1.6860529005405198
2021-12-13 05:00:00,178.2009199,179.1946516,172.7010165,172.9076385,172.9076385,153237000,-2.0674371410728143,160.930344395,151.12715881399998,1.814018650034895
2021-12-14 05:00:00,172.4255259,174.8754004,169.4345277,171.5203552,171.5203552,139380400,-0.8023262083936111,162.12723770500003,151.823605958,1.8417039655177538
2021-12-15 05:00:00,172.2878198,176.6070673,169.5329433,176.4102936,176.4102936,131063300,2.850937659438779,163.519432835,152.579143678,1.8990948628190074
2021-12-16 05:00:00,176.3905833,178.2206067,167.9980606,169.4837189,169.4837189,150185800,-3.9264005283646153,164.44280625000002,153.178662112,2.170094427914157
2021-12-17 05:00:00,167.1912696,170.6742246,166.9551472,168.3817749,168.3817749,195432700,-0.650176906166533,165.095613105,153.730794376,2.1195041606033764
2021-12-20 05:00:00,165.567881,167.8308156,164.7611045,167.0141907,167.0141907,107499100,-0.8121925314139244,165.54819947000001,154.26323792,2.1145286343169545
2021-12-21 05:00:00,168.7950348,170.408603,166.3943569,170.2019958,170.2019958,91185900,1.9087031387207798,166.13705521,154.861205754,2.144883473698306
2021-12-22 05:00:00,170.2511625,173.0257207,169.375507,172.8092651,172.8092651,92135300,1.5318676421772093,166.83708725000002,155.536862796,2.159824531327062
2021-12-23 05:00:00,173.0159022,173.9997856,172.445248,173.4389648,173.4389648,68356600,0.3643900109381315,167.542531585,156.23690277400001,2.159736684789535
2021-12-27 05:00:00,174.2359182,177.512252,174.2162514,177.4237061,177.4237061,74919600,2.297489093408145,168.69957962,156.960638736,2.0194467437733845
2021-12-28 05:00:00,177.2564404,178.4075822,175.6527057,176.4004517,176.4004517,79144300,-0.5767292446384187,169.63673019499998,157.64268829800002,2.008334065681878
2021-12-29 05:00:00,176.4397555,177.7188065,175.2689322,176.4889526,176.4889526,62348900,0.05017044976196594,170.32938156,158.29290833,1.9167174323602323
2021-12-30 05:00:00,176.5775236,177.6598011,175.2197599,175.3279877,175.3279877,59773000,-0.6578116550055468,170.99005966,158.87648438,1.9251034984604276
2021-12-31 05:00:00,175.2197536,176.3413798,174.4031287,174.7081451,174.7081451,64062300,-0.3535331740991632,171.66943129999999,159.437839054,1.91871019420821
2022-01-03 05:00:00,174.9639591,179.9325725,174.8458979,179.0765839,179.0765839,104487900,2.500420800357994,172.661676785,160.08223969,1.9336703375288542
2022-01-04 05:00:00,179.686619,179.9916204,176.2331789,176.803833,176.803833,99310400,-1.2691502431547153,173.369089505,160.696708074,1.9411668775923996
2022-01-05 05:00:00,176.7152756,177.2662478,171.8253745,172.1008606,172.1008606,94537600,-2.6599945941217173,173.55307693,161.21809997999998,1.913778396232427
2022-01-06 05:00:00,169.9166205,172.4747227,168.8737067,169.2279053,169.2279053,96904000,-1.6693439474875005,173.401557155,161.66867066,1.8833946582830086
2022-01-07 05:00:00,170.1035539,171.3334078,168.2735307,169.3951569,169.3951569,86709100,0.0988321634682432,173.283982085,162.131821906,1.8829836503205521
2022-01-10 05:00:00,166.3549785,169.7198574,165.4596412,169.414856,169.414856,106765600,0.01162908099647808,172.92683182000002,162.52227234600002,1.7597854034903595
2022-01-11 05:00:00,169.5427881,172.3566801,168.0669631,172.2583008,172.2583008,76138300,1.6783916517923325,172.894364935,163.02401978199998,1.748925796658546
2022-01-12 05:00:00,173.2815374,174.3244514,172.002501,172.7010498,172.7010498,74805200,0.2570262204745877,172.95339966499998,163.55112702,1.7394992830984608
2022-01-13 05:00:00,172.9469932,173.7734515,169.0212937,169.414856,169.414856,84505800,-1.9028221332792472,172.60362778500001,163.99168244,1.6593838124634017
2022-01-14 05:00:00,168.5785868,170.9792648,168.3326159,170.2807159,170.2807159,80440800,0.5110885316928826,172.643477635,164.420671392,1.4115052489898148
2022-01-18 05:00:00,168.7458016,169.7592001,166.6796559,167.0633698,167.0633698,90956700,-1.889436559504143,172.57755738,164.79572724000002,1.4690960589057571
2022-01-19 05:00:00,167.2601785,168.3227743,163.2656143,163.5509338,163.5509338,94815000,-2.102457291628279,172.404394535,165.089908758,1.5322684783774037
2022-01-20 05:00:00,164.2888201,166.9453019,161.533944,161.8586273,161.8586273,91420500,-1.0347275070098028,171.98722611,165.36677368600002,1.4699197236689996
2022-01-21 05:00:00,161.7700804,163.649301,159.6842527,159.7924805,159.7924805,122848900,-1.2765132353250719,171.33638688,165.59503418399999,1.425131239694373
2022-01-24 05:00:00,157.441039,159.6842921,152.2067716,159.0152435,159.0152435,162294600,-0.4864039894543204,170.61520081499998,165.864618534,1.4143629957009722
2022-01-25 05:00:00,156.4177549,160.1368324,154.4893521,157.2048645,157.2048645,115798400,-1.13849399601742,169.60425873499997,166.098979802,1.26748476837582
2022-01-26 05:00:00,160.8649261,161.7405817,155.276476,157.116333,157.116333,108275300,-0.05631600541217141,168.6400528,166.289853214,1.273219154867885
2022-01-27 05:00:00,159.831839,161.1994362,155.7290474,156.6539001,156.6539001,121954600,-0.2943251609621056,167.64830017499997,166.471281436,1.2667087123964331
2022-01-28 05:00:00,163.0393178,167.604536,160.1762136,167.5848541,167.5848541,179935700,6.977773290688738,167.261143495,166.851650698,2.112463200395511
2022-01-31 05:00:00,167.4175835,172.179575,166.7780504,171.9631195,171.9631195,115541600,2.6125662868002664,167.123892215,167.270588076,2.203630466990176
2022-02-01 05:00:00,171.2055471,172.0221722,169.5329483,171.7958832,171.7958832,86213900,-0.09725125973887305,166.75985717999998,167.59999298399998,2.119950259407362
2022-02-02 05:00:00,171.9335981,173.045391,170.5364857,173.0060272,173.0060272,84914300,0.7044080320546486,166.56996689,167.90086426000002,2.1128232276186507
2022-02-03 05:00:00,171.6679406,173.3995847,169.3459756,170.1134033,170.1134033,89418100,-1.6719786858385377,166.470594025,168.13463470599999,2.0604174683952587
2022-02-04 05:00:00,169.1282897,171.5123342,168.1431529,169.8277435,169.8277435,82465400,-0.1679231585862917,166.50058593499998,168.35501709,2.024913524264254
2022-02-07 05:00:00,170.290758,171.3645536,168.409143,169.1085968,169.1085968,77251200,-0.4234565478990815,166.48625793000002,168.550587464,2.0274357207639326
2022-02-08 05:00:00,169.1775456,172.7437512,168.8820015,172.2314758,172.2314758,74829200,1.8466707542333705,166.62708891999998,168.909562072,2.0685925372137017
2022-02-09 05:00:00,173.4333653,174.0244385,172.3004488,173.6599426,173.6599426,71285000,0.8293877721043064,166.69717101,169.22961211999998,2.043100876281393
2022-02-10 05:00:00,171.5517176,172.8717972,169.0002169,169.5617371,169.5617371,90865900,-2.359902599668373,166.540205375,169.36812835600003,2.1124296645047673
2022-02-11 05:00:00,169.7686414,170.5074941,165.5423957,166.1334839,166.1334839,98670700,-2.021831846401867,166.37613677,169.44850952000002,2.118021491257832
2022-02-14 05:00:00,164.8823374,167.0594963,164.084379,166.3699036,166.3699036,86185500,0.14230707407683063,166.180596155,169.55349334599998,2.1142345327536933
2022-02-15 05:00:00,168.4288453,170.379412,167.7195456,170.2217865,170.2217865,62527400,2.3152522281079335,166.33851699000002,169.77329559199998,2.1353963274399534
2022-02-16 05:00:00,169.295774,170.7636183,167.5225247,169.9853668,169.9853668,61177400,-0.13888921322066095,166.66023864,169.91989135599997,2.0722937507091386
2022-02-17 05:00:00,168.4879416,169.3548668,165.9659939,166.3699036,166.3699036,69589300,-2.1269261396211103,166.885802455,169.87886718599998,2.1207303903261243
2022-02-18 05:00:00,167.2959184,168.005203,163.7198674,164.8133698,164.8133698,82772700,-0.935586164515867,167.13684692,169.729968566,2.1099321929217805
2022-02-22 05:00:00,162.5278644,164.2124549,159.7399255,161.8776855,161.8776855,91162800,-1.7812173269452725,167.27996902,169.53258910999998,2.1507788431074224
2022-02-23 05:00:00,163.0795415,163.6804755,157.3756059,157.6908569,157.6908569,90009200,-2.586414913870272,167.30426863999998,169.155249022,2.218348142966649
2022-02-24 05:00:00,150.3121593,160.4295174,149.7407782,160.3211517,160.3211517,141147500,1.6680071703003119,167.464509575,168.903519286,2.2477892086412066
2022-02-25 05:00:00,161.404813,162.6657869,158.4789554,162.3998108,162.3998108,91974200,1.2965594857312857,167.75180511000002,168.72110839799998,2.2603007124537204
2022-02-28 05:00:00,160.6364073,162.9613308,160.0157663,162.6657867,162.6657867,95056600,0.16377845435273652,167.50585174,168.44621826000002,1.6037353249620436
2022-03-01 05:00:00,162.2520123,164.1237811,159.5625933,160.7743073,160.7743073,83474400,-1.1628010034392844,166.94641113,168.27203002800002,1.4805708329120528
2022-03-02 05:00:00,161.9466511,164.8725089,160.5280516,164.0843964,164.0843964,79724800,2.058842084651924,166.56083679,168.18608245800002,1.5736278895097087
2022-03-03 05:00:00,165.9660045,166.3994671,163.0894068,163.7592926,163.7592926,76678400,-0.19813206321426247,166.09850006,168.12098449599998,1.5586662142245522
2022-03-04 05:00:00,162.045154,163.0893966,159.6906777,160.7447662,160.7447662,83737200,-1.8408276880893304,165.630068205,167.93183990400001,1.5671354653206377
2022-03-07 05:00:00,160.9319498,162.5672805,156.6761516,156.9322968,156.9322968,96418800,-2.3717533641229083,164.98529587000002,167.61430053799998,1.6354843200195357
2022-03-08 05:00:00,156.4594079,160.4590603,153.4842911,155.0999146,155.0999146,131148300,-1.1676259363840424,164.28486175999998,167.24751953400002,1.6449306922730902
2022-03-09 05:00:00,159.079863,160.9811846,157.040638,160.5280151,160.5280151,91454900,3.4997443512454485,163.69968872500002,166.90960571399998,1.799054322819481
2022-03-10 05:00:00,157.8189019,158.0060803,153.6616237,156.1638794,156.1638794,105342000,-2.718613132593317,162.824885565,166.50487426799998,1.8522437732623167
2022-03-11 05:00:00,156.5677777,156.9125816,152.2036291,152.4302063,152.4302063,96970100,-2.390868563425308,161.968309025,166.023699342,1.8538808146884116
2022-03-14 04:00:00,149.1989826,151.8292963,147.8690568,148.3813171,148.3813171,108732100,-2.656224968974552,161.08070068499998,165.48476592999998,1.8861681761899514
2022-03-15 04:00:00,148.6571406,153.2577428,148.1448803,152.7848663,152.7848663,92964300,2.967724836296126,160.40144881999998,165.046300354,2.0400147284719363
2022-03-16 04:00:00,154.715731,157.6218815,152.1642304,157.2179718,157.2179718,102300200,2.9015344303115587,159.751258085,164.609128112,2.0848842361971123
2022-03-17 04:00:00,156.2525465,158.6070228,155.2871166,158.232666,158.232666,75615400,0.6454059853226113,159.16362304499998,164.237704772,2.096919691543316
2022-03-18 04:00:00,158.1243137,162.0353083,157.3854611,161.5427399,161.5427399,123511700,2.0919030081942624,158.92226485999998,164.026542358,2.119436828575987
2022-03-21 04:00:00,161.079735,163.8775353,160.5871665,162.9219513,162.9219513,95811400,0.8537749210232315,158.82769393499999,163.900423278,2.1212218528493483
2022-03-22 04:00:00,163.0499758,166.901864,162.4589028,166.310791,166.310791,81532000,2.080038738156209,159.04934921,163.83873596,2.129754298570116
2022-03-23 04:00:00,165.4931403,170.0740205,165.1581824,167.6801453,167.6801453,98062700,0.8233706855498069,159.54881362999998,163.804041746,2.0328827713687816
2022-03-24 04:00:00,168.5175014,171.5517246,167.6801441,171.4827728,171.4827728,90131400,2.267786381742831,160.106894685,163.788531186,2.0579725525373207
2022-03-25 04:00:00,171.2955966,172.6747821,170.1823872,172.1231079,172.1231079,80546200,0.37341074531540563,160.59305953999998,163.776972348,2.0461130092820503
2022-03-28 04:00:00,169.6109789,173.118063,169.4435075,172.9900055,172.9900055,90371900,0.5036497484716795,161.10927048000002,163.848475338,2.046237094650154
2022-03-29 04:00:00,174.0638298,176.3493394,173.7190259,176.3000946,176.3000946,100589400,1.9134568441874444,161.885559845,163.968862912,2.043894013282996
2022-03-30 04:00:00,175.8961826,176.9404252,174.0736735,175.1277771,175.1277771,92633200,-0.6649556840339854,162.43772887999998,164.13015105799997,2.0239324383309056
2022-03-31 04:00:00,175.1967277,175.3839061,171.8078546,172.01474,172.01474,103049300,-1.7775804338693968,162.85050125,164.299427182,2.076401134623004
2022-04-01 04:00:00,171.4433706,172.280743,169.3844382,171.7192078,171.7192078,78751300,-0.17180632310928035,163.39922332999998,164.496638792,2.0200160672155567
2022-04-04 04:00:00,171.9753218,175.8370559,171.8472492,175.787796,175.787796,76468400,2.369326211158995,164.34199829,164.816545102,1.9611161404135249
2022-04-05 04:00:00,174.8617744,175.6498868,171.8275514,172.4580383,172.4580383,73401800,-1.8941916195365338,165.209904475,165.085400998,2.0016441846698547
2022-04-06 04:00:00,169.7981833,171.0493113,167.6013324,169.276062,169.276062,89058800,-1.845072767477951,165.64730681999998,165.326824948,1.943153474246928
2022-04-07 04:00:00,168.6160215,170.7833195,167.3254947,169.5814514,169.5814514,77594700,0.18040908820291524,166.31818542,165.576127316,1.8110507451458504
2022-04-08 04:00:00,169.2268038,169.2268038,166.685149,167.5619202,167.5619202,76575500,-1.1908915646891227,167.074771115,165.79428771799996,1.7308296304426016
2022-04-11 04:00:00,166.2024187,166.5176546,163.0401233,163.2864075,163.2864075,72246700,-2.5516016377091,167.820025635,165.70831878599998,1.720954712717475
2022-04-12 04:00:00,165.5226949,167.345189,164.1632013,165.168045,165.168045,79265200,1.152354031672842,168.43918457,165.572417296,1.6290225049837457
2022-04-13 04:00:00,164.9020681,168.4978119,164.291288,167.8673248,167.8673248,70618900,1.634262729210123,168.97165221999998,165.493846128,1.5494251480105605
2022-04-14 04:00:00,168.0840486,168.7243965,162.586983,162.8332672,162.8332672,75329400,-2.9988311340504614,169.20168228,165.29039092800002,1.7168148558481153
2022-04-18 04:00:00,161.4836151,164.1237894,161.1388262,162.6165314,162.6165314,69023900,-0.13310289950381193,169.255371855,165.14045349,1.6558723234668837
2022-04-19 04:00:00,162.5672954,165.3256817,161.4737929,164.911911,164.911911,67723800,1.4115290617986886,169.35486984,165.04213684,1.6747781063981613
2022-04-20 04:00:00,166.2516887,166.3699154,163.6312361,164.7444305,164.7444305,67929800,-0.10155755214067419,169.276551815,164.95485351399998,1.6069217662998718
2022-04-21 04:00:00,166.3994838,168.9805378,163.444073,163.9464874,163.9464874,87227800,-0.48435209468279394,169.08986892000001,164.789153746,1.5967295375470556
2022-04-22 04:00:00,163.985871,165.3749024,159.0995861,159.3852692,159.3852692,84882400,-2.7821384113411507,168.48499374,164.50366027799998,1.6018050348237867
2022-04-25 04:00:00,158.7252558,160.7447895,156.1048031,160.4591064,160.4591064,96046400,0.6737367922329929,167.901793665,164.321607664,1.610357014018655
2022-04-26 04:00:00,159.8384444,159.9271031,154.3906392,154.4694519,154.4694519,95623200,-3.7328230440650145,166.975765985,164.088327024,1.7650395566437675
2022-04-27 04:00:00,153.5926803,157.4150008,153.070559,154.2428741,154.2428741,88063200,-0.1466812999030287,165.87290496,163.845786434,1.6713536431209253
2022-04-28 04:00:00,156.883044,162.0747194,156.567793,161.2077942,161.2077942,130216800,4.5155538890467195,165.176905815,163.665506588,2.031901297895034
2022-04-29 04:00:00,159.434534,163.729731,154.9127598,155.3068085,155.3068085,131747600,-3.660484115723983,164.34150924,163.37193542199998,2.1401355559894513
2022-05-02 04:00:00,154.3807922,155.8781892,150.9919192,155.6122131,155.6122131,123055300,0.19664598284498958,163.536159505,163.156781612,2.1445802382679466
2022-05-03 04:00:00,155.7993853,158.3213483,153.9965981,157.1096191,157.1096191,88966500,0.9622676589258194,162.60225066,163.00270659799997,2.0682765680616657
2022-05-04 04:00:00,157.2967893,164.0055684,156.8928796,163.5524139,163.5524139,108256500,4.100827713100852,162.15696943999998,163.03620116599998,2.284743555898172
2022-05-05 04:00:00,161.4146658,161.641243,152.6469395,154.4398956,154.4398956,130525300,-5.571619569963437,161.41516112,162.97118194,2.558130270086252
2022-05-06 04:00:00,153.9169863,157.3009777,152.1115355,155.1699524,155.1699524,116124600,0.47271257026153535,160.69458617,162.868157954,2.562610195039256
2022-05-09 04:00:00,152.8514808,153.7394156,149.4576439,150.019989,150.019989,131577900,-3.3189179479312547,159.81748961,162.620561518,2.6396845910276694
2022-05-10 04:00:00,153.4335782,154.6372121,150.8783137,152.4371185,152.4371185,115366700,1.611204957494028,159.27502515999998,162.41598815400002,2.635019365725464
2022-05-11 04:00:00,151.4406814,153.3645176,143.8538461,144.5345917,144.5345917,142689800,-5.184122396016033,158.243352495,162.091193842,2.8240939803850145
2022-05-12 04:00:00,140.8546503,144.2386273,136.9379092,140.6474609,140.6474609,182602000,-2.6894121014768735,156.88235930000002,161.622455132,2.8073393767578247
2022-05-13 04:00:00,142.650187,146.1131067,141.1900468,145.1363831,145.1363831,113990900,3.191612682714262,155.99751509499998,161.249996942,2.8969682437292605
2022-05-16 04:00:00,143.5973541,145.5409265,142.2457233,143.5874786,143.5874786,86643800,-1.0672062145387629,155.046062455,160.90685119,2.8977037580871174
2022-05-17 04:00:00,146.8629471,147.7607425,144.7121854,147.237854,147.237854,78336300,2.5422658267919562,154.16235960499998,160.712962334,2.9491822811071438
2022-05-18 04:00:00,144.8799032,145.3830558,138.0231306,138.9308014,138.9308014,109742900,-5.641927245149869,152.87167815,160.38958007000002,3.160112805490078
2022-05-19 04:00:00,138.0034117,139.7595305,134.7674165,135.5073547,135.5073547,136095600,-2.4641380208723085,151.449721515,159.889166862,3.1806251022170398
2022-05-20 04:00:00,137.2239709,138.8123718,130.8309105,135.7440948,135.7440948,137426100,0.17470645820230057,150.267662795,159.48077117,3.1571503774372167
2022-05-23 04:00:00,135.9414284,141.3380451,135.8033072,141.1900635,141.1900635,117726300,4.011937836429569,149.30421065,159.255968314,3.320495902271235
2022-05-24 04:00:00,138.9209191,140.0653604,135.4876103,138.4769592,138.4769592,104132700,-1.921597195117064,148.504586015,159.057881156,3.254158534168693
2022-05-25 04:00:00,136.5728541,139.8877779,136.4840651,138.6348267,138.6348267,92482700,0.1140027199557192,147.72418364499998,158.77488036399998,3.256145710193682
2022-05-26 04:00:00,135.5468018,142.403559,135.3001558,141.8510742,141.8510742,90601500,2.319941948612847,146.75634764499998,158.467542412,3.112662202417344
2022-05-27 04:00:00,143.4394638,147.671903,143.3112031,147.6324463,147.6324463,90978500,4.075663249365791,146.372629535,158.25553801799998,3.1908526544479674
2022-05-31 04:00:00,147.0701106,148.6387759,144.8700171,146.8431854,146.8431854,103718400,-0.534612085473507,145.93417815,157.961546928,3.1902066105139886
2022-06-01 04:00:00,147.8889732,149.7042996,145.6987549,146.7149506,146.7149506,74286600,-0.08732771606029255,145.414444725,157.637406914,3.1779834935505407
2022-06-02 04:00:00,145.8467671,149.2406197,144.889779,149.181427,149.181427,72348100,1.6811350103811407,144.69589538,157.294819634,3.0451798938881414
2022-06-03 04:00:00,144.9292083,145.9848606,142.5219556,143.4296112,143.4296112,88570300,-3.8555843818279034,144.14538116,156.809808952,2.913548147897507
2022-06-06 04:00:00,145.0574875,146.5768358,142.9560582,144.1794281,144.1794281,71598400,0.5227769173510755,143.59585494499999,156.26374205800002,2.9142941475062707
2022-06-07 04:00:00,142.4134426,147.0010534,142.1667966,146.7149506,146.7149506,67808200,1.7585882628424754,143.430603025,155.755578912,2.860509614447561
2022-06-08 04:00:00,146.5866682,147.859355,145.4816988,145.9749908,145.9749908,53950200,-0.5043520084176079,143.10749664,155.21527861799999,2.8339791407431716
2022-06-09 04:00:00,145.1068317,145.9651553,140.6178698,140.7263947,140.7263947,69473000,-3.5955447376537997,142.91708679,154.50380462,2.705638515092692
2022-06-10 04:00:00,138.3980483,138.8716046,135.2212456,135.2903137,135.2903137,91437900,-3.862872357093061,142.64922943,153.707055352,2.7765753994523568
2022-06-13 04:00:00,131.0874418,133.3861848,129.6766336,130.110733,130.110733,122207100,-3.8284933772017693,141.89794692499999,152.868975212,2.7746866439462567
2022-06-14 04:00:00,131.3439893,132.0937881,129.716116,130.9789429,130.9789429,84784300,0.6672853806764634,141.26752014000002,152.054169914,2.783385405119023
2022-06-15 04:00:00,132.4883624,135.4974467,130.3869487,133.6130676,133.6130676,91533000,2.0111054812918416,140.58628082,151.21067534600002,2.7560183469331516
2022-06-16 04:00:00,130.3080441,130.6138828,127.3088197,128.3151398,128.3151398,108123900,-3.965126985827838,140.05549774,150.327817376,2.611409259602361
2022-06-17 04:00:00,128.3249975,131.2946102,128.068476,129.7949982,129.7949982,134520300,1.153299916367323,139.769879915,149.5381961,2.5834283724398306
2022-06-21 04:00:00,131.630082,135.2212485,131.5314326,134.0472107,134.0472107,81000500,3.2760988936166857,139.68503571,148.827511286,2.696645012348957
2022-06-22 04:00:00,132.9816647,135.9118207,132.1134809,133.5341644,133.5341644,73409200,-0.38273552826711965,139.302240755,148.14695616999998,2.523609141279299
2022-06-23 04:00:00,134.9844644,136.7307077,133.8104267,136.4150085,136.4150085,72433800,2.1573835526992546,139.19914322,147.60952819,2.545954722404186
2022-06-24 04:00:00,138.0231086,140.0061522,137.8948629,139.7595062,139.7595062,89116800,2.4517080171570838,139.255377195,147.101357414,2.6065305240914016
2022-06-27 04:00:00,140.7855471,141.5649569,139.0787608,139.7595062,139.7595062,70207900,0.0,139.15079879500001,146.539201042,2.5523272634302883
2022-06-28 04:00:00,140.2232125,141.4958995,135.4777451,135.5961304,135.5961304,67083400,-2.978957148032635,138.548983,145.994458306,2.438075781259372
2022-06-29 04:00:00,135.6158934,138.7828207,134.8364833,137.3621368,137.3621368,66242400,1.3024017682439881,138.07493057000002,145.489370414,2.467003163407662
2022-06-30 04:00:00,135.408707,136.5136767,131.9753976,134.8858185,134.8858185,98964500,-1.8027662918534304,137.483473965,144.888848564,2.488799540910513
2022-07-01 04:00:00,134.2149338,137.174687,133.840042,137.0661621,137.0661621,71051600,1.6164364973624057,136.87771072,144.335283196,2.486006652507561
2022-07-05 04:00:00,135.9217106,139.7101904,135.0929685,139.6608582,139.6608582,73353800,1.8930245512433386,136.68927306999998,143.84957061199998,2.3952592446096306
2022-07-06 04:00:00,139.4536648,142.1864919,139.1872829,141.002594,141.002594,74064300,0.9607099779370909,136.530431365,143.481917108,2.4032936288678957
2022-07-07 04:00:00,141.3676515,144.5839258,141.357791,144.3866119,144.3866119,66253700,2.3999685424227035,136.41401443,143.160467218,2.4332620885994523
2022-07-08 04:00:00,143.3112033,145.5704893,143.0546968,145.0673218,145.0673218,64547800,0.4714494585353002,136.36863098,142.97242461599998,2.4334884463209483
2022-07-11 04:00:00,143.715723,144.6727109,141.8510794,142.9264526,142.9264526,63141600,-1.4757763315928263,136.478633875,142.74609618600002,2.3118976979157515
2022-07-12 04:00:00,143.8045185,146.4584326,143.1040521,143.903183,143.903183,77588800,0.6833797258884777,136.90927734000002,142.400003962,2.1166749128290636
2022-07-13 04:00:00,141.0716714,144.4852441,140.2133329,143.5381317,143.5381317,71185600,-0.25367840543180087,137.580647275,142.164630426,1.8852735783655887
2022-07-14 04:00:00,142.1470456,146.9517056,141.328179,146.4781494,146.4781494,78140700,2.0482485491344793,138.3556076,141.981949152,1.9163978281787861
2022-07-15 04:00:00,147.7705825,148.8360952,146.2117776,148.1553497,148.1553497,76259900,1.1450174014828063,139.082721705,141.80286376400002,1.8919466278460013
2022-07-18 04:00:00,148.7177168,149.5365835,144.7319079,145.0969543,145.0969543,81420900,-2.064316547592071,139.92181243,141.43375457200003,1.6910664969037323
2022-07-19 04:00:00,145.9355166,149.2011075,144.9390721,148.9741974,148.9741974,82982400,2.6721740085484447,140.88077239,141.324440608,1.748917843052982
2022-07-20 04:00:00,149.092622,151.6577474,148.3526838,150.9868622,150.9868622,64823400,1.351015702803826,141.727754965,141.240778804,1.650212974114101
2022-07-21 04:00:00,152.4272665,153.4829189,149.9016132,153.2658691,153.2658691,65086600,1.5094074191575713,142.7143402,141.305696406,1.6445485569865357
2022-07-22 04:00:00,153.3053287,154.1833881,151.351896,152.0227661,152.0227661,66675400,-0.8110762084863832,143.49472808000002,141.297409358,1.6404561506043474
2022-07-25 04:00:00,151.9438329,152.9600135,150.2370464,150.898056,150.898056,53623900,-0.7398300457578721,144.05165557,141.424678644,1.6010930825107548
2022-07-26 04:00:00,150.2173269,151.0361937,148.7769221,149.5661926,149.5661926,55138700,-0.8826246244020508,144.54198989,141.603053278,1.6245841379027566
2022-07-27 04:00:00,150.5330274,155.2193026,150.1186638,154.6865387,154.6865387,78620700,3.423464896036954,145.49651030500002,141.79405639,1.5632721308452326
2022-07-28 04:00:00,154.8739825,155.5251317,152.338469,155.2390289,155.2390289,81378700,0.3571676014236136,146.39035490999999,142.027087396,1.5574986983036538
2022-07-29 04:00:00,159.0768371,161.4347727,157.3601753,160.3297882,160.3297882,101786900,3.2793037524599056,147.66255339499997,142.28892608,1.5551178625231645
2022-08-01 04:00:00,158.849939,161.3953284,158.7315537,159.3432312,159.3432312,67829400,-0.6153298217854264,148.77640685,142.697174676,1.5793133627344242
2022-08-02 04:00:00,157.9521463,160.2311535,157.4884505,157.8633423,157.8633423,59907000,-0.9287428708800949,149.686531055,143.14429442800002,1.599394270818499
2022-08-03 04:00:00,158.6822208,164.3550807,158.5934318,163.9012604,163.9012604,82507500,3.8247752847685668,150.831464375,143.70743774000002,1.7518459894584504
2022-08-04 04:00:00,163.7828241,164.9470012,162.2240194,163.5855103,163.5855103,55474100,-0.19264653562115486,151.79140929500002,144.15534667600002,1.7205044407217558
2022-08-05 04:00:00,161.2440695,163.8522689,161.0365924,163.3582916,163.3582916,56697000,-0.13889903793026237,152.705957785,144.652973324,1.7290445736748232
2022-08-08 04:00:00,164.3659956,165.7886525,162.222136,162.8840637,162.8840637,60276900,-0.2902992528602044,153.70383834,145.137958064,1.673212771107457
2022-08-09 04:00:00,162.0443337,163.8226552,161.2836044,162.9334869,162.9334869,63135500,0.030342563217855556,154.655353535,145.559606318,1.6792746616124303
2022-08-10 04:00:00,165.6602247,167.300233,164.8896212,167.2014465,167.2014465,70170500,2.619449004132268,155.838519275,145.950986322,1.7215064631355639
2022-08-11 04:00:00,168.0115761,168.9303818,166.1641056,166.460495,166.460495,57149200,-0.4431489771830388,156.837636555,146.34333251400002,1.7150194833827594
2022-08-12 04:00:00,167.7744575,170.0961418,167.3595033,170.0269928,170.0269928,68039400,2.1425490774853007,157.93121871,146.809573358,1.7442681678255143
2022-08-15 04:00:00,169.4539841,171.3014545,169.2860337,171.1038666,171.1038666,54091700,0.6333546116802369,159.231564325,147.24802215000003,1.6186148546082857
2022-08-16 04:00:00,170.6987969,171.6176025,169.5922925,170.9457855,170.9457855,56377100,-0.09238897001057067,160.33014372999997,147.79834563600002,1.57126878779899
2022-08-17 04:00:00,170.6889213,174.0281976,170.4913334,172.4474792,172.4474792,79542000,0.878461961263155,161.40317457999998,148.36370665799998,1.56453090569013
2022-08-18 04:00:00,171.6571313,172.7932732,171.034715,172.0523071,172.0523071,62290100,-0.22915504583380653,162.34249648,148.87045378800002,1.5642135422191323
2022-08-19 04:00:00,170.9458009,171.6472554,169.2465176,169.4539948,169.4539948,70346300,-1.510187421369369,163.21405791499998,149.340033868,1.604493356067816
2022-08-22 04:00:00,167.6460184,167.8139688,165.1267311,165.5515594,165.5515594,69026800,-2.302946829082364,163.946733085,149.836537162,1.7058211835300174
2022-08-23 04:00:00,165.0674653,166.6778362,164.642637,165.2156525,165.2156525,54147100,-0.2029016828457575,164.72920608,150.435043938,1.6839138147578863
2022-08-24 04:00:00,165.3045467,166.0850241,164.2474282,165.5120087,165.5120087,53841500,0.17937537728152098,165.27047958,151.143069452,1.5386986191331133
2022-08-25 04:00:00,166.7469751,168.0905939,166.3221619,167.9819183,167.9819183,51218200,1.4922842272290016,165.90762405,151.88312896,1.5597709803851456
2022-08-26 04:00:00,168.5154206,168.9896345,161.5898493,161.6491241,161.6491241,78961000,-3.7699261111485916,165.97359084500002,152.44385008999998,1.6691010325246163
2022-08-29 04:00:00,159.2089015,160.9378223,157.894935,159.436142,159.436142,73314000,-1.3690034587697464,165.978236385,153.06627013399998,1.693344635818184
2022-08-30 04:00:00,160.1770798,160.601893,155.8201965,156.9958649,156.9958649,77906200,-1.5305670780719205,165.93486251500002,153.610287468,1.7162190498704988
2022-08-31 04:00:00,158.3790092,158.6457612,155.2471947,155.3262329,155.3262329,87991100,-1.0634878829856254,165.50611114,154.035867912,1.471436599125433
2022-09-01 04:00:00,154.7532047,156.5117627,152.806933,156.057312,156.057312,74229900,0.47067329603665,165.129701225,154.486330864,1.480434938355886
2022-09-02 04:00:00,157.825756,158.428409,153.103334,153.9332123,153.9332123,76957800,-1.361102323741159,164.65844725999997,154.83669494,1.5017731265289351
2022-09-06 04:00:00,154.5852592,155.1977863,151.8387466,152.6686249,152.6686249,73714800,-0.821516930040711,164.14767532000002,155.094877314,1.5065445175248302
2022-09-07 04:00:00,152.9551229,154.7828296,151.7596913,154.0813904,154.0813904,87449600,0.9253803791875237,163.705070495,155.381314998,1.5303695695601334
2022-09-08 04:00:00,152.7772966,154.4765797,150.840899,152.599472,152.599472,84923800,-0.9617763677708946,162.97497176999997,155.72138182999998,1.3765547197832022
2022-09-09 04:00:00,153.5973184,155.9190179,152.8859898,155.4744263,155.4744263,68028800,1.8839870559971716,162.425668335,156.08362762000002,1.4719292552220313
2022-09-12 04:00:00,157.6676685,162.2814146,157.3811683,161.4614105,161.4614105,104956000,3.8507839150650147,161.99738922,156.61513946000002,1.6604693396409347
2022-09-13 04:00:00,157.9739571,158.6062475,151.5226138,151.9869537,151.9869537,122656600,-5.867938828640429,161.041543575,156.913555292,2.066247233141721
2022-09-14 04:00:00,152.9254988,155.2076868,151.7597196,153.4392395,153.4392395,87965400,0.9555331985050763,160.166216275,157.189122918,2.09212321981302
2022-09-15 04:00:00,152.7871882,153.3700929,149.5565872,150.5346527,150.5346527,90481100,-1.8929882665379094,159.07057495,157.37976409200002,2.08655730154227
2022-09-16 04:00:00,149.3886168,149.5269299,146.5828144,148.8847504,148.8847504,162278800,-1.0960282369589014,157.912197115,157.46972686200002,2.0862215372068182
2022-09-19 04:00:00,147.5115231,152.6982856,147.3040611,152.6192474,152.6192474,81474200,2.5083139743773186,157.07045974500002,157.620765374,2.1947361717971834
2022-09-20 04:00:00,151.5522297,156.1758651,151.2360921,155.0100708,155.0100708,107689800,1.5665281022739341,156.543385315,157.86243773799998,2.1978653764566487
2022-09-21 04:00:00,155.4447996,156.8279454,151.7498585,151.8684082,151.8684082,101696800,-2.026747413110652,155.8760231,158.021742242,2.2309840059232573
2022-09-22 04:00:00,150.5445432,152.6093649,149.0922486,150.9002075,150.9002075,86652500,-0.6375260737078059,155.14543304,158.168983758,2.227362647558676
2022-09-23 04:00:00,149.3688667,149.6454928,146.7705411,148.6180115,148.6180115,96029900,-1.5123875823696231,154.1772377,158.211781,2.1914081180673617
2022-09-26 04:00:00,147.8573034,151.9177978,147.8375401,148.9539337,148.9539337,93339400,0.22603061137040914,153.54247818,158.22775267999998,2.064469507368023
2022-09-27 04:00:00,150.9001673,152.8563128,148.1437659,149.9319611,149.9319611,84442700,0.6565972282207788,153.067269135,158.324452816,2.063480293069672
2022-09-28 04:00:00,145.8616134,148.8254772,143.0953376,148.0351105,148.0351105,146691400,-1.26514092531268,152.619231415,158.305671078,2.0558969531319566
2022-09-29 04:00:00,144.3401536,144.9526805,138.9854271,140.7637482,140.7637482,128138200,-4.911917365711693,151.89110718,158.10120879800002,2.2994348679211467
2022-09-30 04:00:00,139.5782105,141.3762949,136.337721,136.5353088,136.5353088,124925300,-3.0039264043979275,150.91500702000002,157.766597592,2.355550307850267
2022-10-03 04:00:00,136.5452278,141.3466883,136.0314871,140.7341461,140.7341461,114311700,3.0752757926893137,150.25505371000003,157.540825192,2.489098970421722
2022-10-04 04:00:00,143.2830456,144.4587139,142.5223164,144.3401642,144.3401642,87830100,2.562290815647339,149.83863067500002,157.409667356,2.5737530916933733
2022-10-05 04:00:00,142.3346149,145.6047419,141.2873704,144.6365356,144.6365356,79471000,0.20532843484184493,149.366387935,157.311074216,2.561478280920505
2022-10-06 04:00:00,144.0536502,145.7628074,143.4707606,143.6782227,143.6782227,68402200,-0.6625662707037461,148.92032547000002,157.09090789599998,2.558184746739695
2022-10-07 04:00:00,140.8230587,141.376326,137.7702822,138.4025726,138.4025726,85925600,-3.6718508907334746,148.066732785,156.75417877,2.6131140790388963
2022-10-10 04:00:00,138.7286072,140.1809019,136.9008999,138.7286072,138.7286072,74899000,0.23556975414196213,146.93009262,156.32215515,2.410028580474792
2022-10-11 04:00:00,138.2148552,139.6474016,136.5550986,137.3059387,137.3059387,77033700,-1.0255047813959361,146.19604187,155.8814093,2.0882177082553963
2022-10-12 04:00:00,137.4541376,138.6693177,136.4958204,136.673645,136.673645,70433700,-0.4604998924201853,145.35776214499998,155.45761535399998,2.0606013059549517
2022-10-13 04:00:00,133.3639876,141.8603876,132.7514456,141.2676239,141.2676239,113224000,3.361276345560249,144.89441070499998,155.004942624,2.210721325439615
2022-10-14 04:00:00,142.571713,142.7791901,136.5254363,136.71315,136.71315,88598000,-3.2240040387626068,144.285830685,154.467495418,2.300736838856038
2022-10-17 04:00:00,139.3707551,141.1786987,138.5803885,140.6946106,140.6946106,85250900,2.9122733255725564,143.689598845,154.014221798,2.329211653748975
2022-10-18 04:00:00,143.7375249,144.9329415,138.9163015,142.0184784,142.0184784,99136600,0.9409513231205313,143.04001922499998,153.596910092,2.305777967608551
2022-10-19 04:00:00,139.9832918,143.2040184,139.795578,142.1271515,142.1271515,61758300,0.07652039454606463,142.55295639,153.180783384,2.275994182298952
2022-10-20 04:00:00,141.2972729,144.1326978,140.9317194,141.6628113,141.6628113,64522000,-0.3267075960500132,142.09108658,152.67001068,2.2746732498599473
2022-10-21 04:00:00,141.1490692,146.069094,140.931718,145.4960785,145.4960785,86548600,2.705909310159238,141.93498992999997,152.25072235,2.3497524666355116
2022-10-24 04:00:00,145.4170388,148.4204142,144.2413705,147.6498108,147.6498108,75981900,1.4802682809076595,141.869783785,151.80317871,2.3749435733213407
2022-10-25 04:00:00,148.282122,150.6532224,147.5609193,150.5050201,150.5050201,74732300,1.933771052282296,141.898436735,151.39120178,2.410907015750649
2022-10-26 04:00:00,149.1416483,150.1592405,146.2568073,147.5510406,147.5510406,88194300,-1.9627116079166562,141.87423324000002,150.923306882,2.435804089087773
2022-10-27 04:00:00,146.2864477,147.254639,142.3939041,143.0558319,143.0558319,109180200,-3.0465448984437815,141.98883742499999,150.33547393600003,2.267220544854651
2022-10-28 04:00:00,146.4148876,155.6028696,146.0394751,153.8640747,153.8640747,164762400,7.555261925676171,142.85527572,149.971709288,2.6943043509812012
2022-10-31 04:00:00,151.3151106,152.3821033,150.0900416,151.4929352,151.4929352,97943200,-1.5410611636427651,143.393215175,149.612488096,2.6717285306054137
2022-11-01 04:00:00,153.2120045,153.5775429,147.3336775,148.8353577,148.8353577,80379300,-1.7542583728353267,143.61797485,149.278164062,2.6623983807069282
2022-11-02 04:00:00,147.1558307,150.3370456,143.2534131,143.2830505,143.2830505,93604600,-3.7305028091453307,143.550300595,148.839512022,2.802700904762683
2022-11-03 04:00:00,140.3488264,141.0799182,137.0786991,137.2071381,137.2071381,97918500,-4.240496261628657,143.226746365,148.27341461,2.956501430969596
2022-11-04 04:00:00,140.6113245,141.1852905,132.9815678,136.9399414,136.9399414,140814800,-0.1947396496276066,143.15361480500002,147.652575072,2.840896771458019
2022-11-07 05:00:00,135.6831577,137.7019217,134.2581408,137.4743195,137.4743195,83374600,0.3902280770218036,143.09090042,147.16907898,2.841825806402867
2022-11-08 05:00:00,138.9488278,139.9582023,136.0592166,138.0482941,138.0482941,89908500,0.4175140506878394,143.12801819,146.741322022,2.8329246075332057
2022-11-09 05:00:00,137.0587215,137.1082042,133.1894067,133.4664917,133.4664917,74917800,-3.3189851637579815,142.967660525,146.27073455800002,2.9312138187195425
2022-11-10 05:00:00,139.7702118,145.3416138,138.0483134,145.3416138,145.3416138,118854000,8.897455794891474,143.17136002,146.07104217600002,3.482658828700348
2022-11-11 05:00:00,144.3025233,148.4489072,142.8676007,148.1421356,148.1421356,93979700,1.926854757408769,143.7428093,145.91273864800002,3.405849253797414
2022-11-14 05:00:00,147.4197451,148.7161102,145.8957627,146.7369232,146.7369232,73374100,-0.9485568668958666,144.04492493,145.76881286600002,3.3685149069295974
2022-11-15 05:00:00,150.6359444,151.9916829,147.0140281,148.4786224,148.4786224,89868300,1.1869536051441587,144.36793213,145.685012816,3.3715684551032905
2022-11-16 05:00:00,147.5780809,148.3103704,145.7572174,147.2416077,147.2416077,64218300,-0.8331264662918891,144.62365494,145.54821716200001,3.3805149238307752
2022-11-17 05:00:00,144.9061704,149.9036207,144.6290854,149.151535,149.151535,80389400,1.2971383088205668,144.998091125,145.47925842200002,3.3859409251656825
2022-11-18 05:00:00,150.724981,151.1109219,148.4093359,149.7155914,149.7155914,74829600,0.3781767314697815,145.20906677,145.364081724,3.338967810535273
2022-11-21 05:00:00,148.5973461,148.8051523,146.1827359,146.4697113,146.4697113,58724100,-2.168030777320895,145.150061795,145.06424773999998,3.364592921033312
2022-11-22 05:00:00,146.5884872,148.8546496,145.4009629,148.6171417,148.6171417,51804100,1.4661259184170827,145.055667875,144.99685150000002,3.3521381357525524
2022-11-23 05:00:00,147.8947577,150.2499952,147.7859018,149.4979095,149.4979095,58301400,0.5926421339591759,145.15301132,144.9180249,3.3224066264725596
2022-11-25 05:00:00,146.7666107,147.3306863,145.5889921,146.5686951,146.5686951,35195900,-1.9593681341744662,145.32865448,144.838705748,3.276506363950928
2022-11-28 05:00:00,143.6296015,145.1139917,141.8879223,142.7191772,142.7191772,69246000,-2.62642571619649,144.77140960499997,144.71539428399998,2.829250644372853
2022-11-29 05:00:00,142.7884394,143.3030322,138.8894537,139.7009125,139.7009125,83763800,-2.114827705158606,144.18180847,144.457027586,2.8449556821227766
2022-11-30 05:00:00,139.928537,147.1723698,139.0873914,146.4895477,146.4895477,111380900,4.859406483833828,144.06451797,144.286617124,3.052031250419901
2022-12-01 05:00:00,146.6676665,147.5780908,145.0843108,146.7666168,146.7666168,71250400,0.18913915999483333,144.238696285,144.184581296,2.925542344390747
2022-12-02 05:00:00,144.4410811,146.4598453,144.1342944,146.2718201,146.2718201,65447400,-0.33713163850759287,144.691930385,144.092013548,2.740910935491149
2022-12-05 05:00:00,146.2322468,149.3494605,144.2530596,145.1041107,145.1041107,68826400,-0.7983146714122369,145.10013884999998,144.021735532,2.7505884060529224
2022-12-06 05:00:00,145.5395025,145.7671048,140.4430877,141.4227905,141.4227905,64727200,-2.537019924687778,145.2975624,143.871112668,2.8238322455225853
2022-12-07 05:00:00,140.7102889,141.8780018,138.5430769,139.4732971,139.4732971,69721100,-1.3784860227319506,145.36881255,143.66193938799998,2.8443135435097333
2022-12-08 05:00:00,140.8785518,142.0264841,139.6316693,141.1655273,141.1655273,62128300,1.2133004920552803,145.75376433,143.524547724,2.737053456822944
2022-12-09 05:00:00,140.8587379,144.0551358,139.4337208,140.6806183,140.6806183,76097000,-0.3435038350187991,145.52071455499998,143.522885126,1.8474526015452921
2022-12-12 05:00:00,141.214978,142.9962491,139.5920454,142.9863586,142.9863586,70462700,1.6389893134269862,145.262925705,143.651906122,1.8314995941600793
2022-12-13 05:00:00,147.9442219,148.4093321,142.7389658,143.9561615,143.9561615,93886200,0.6782485472708766,145.12388761999998,143.71634643000002,1.8308132645217712
2022-12-14 05:00:00,143.8374101,145.1337751,139.6910112,141.7196808,141.7196808,82291200,-1.5535845612277055,144.78594054,143.66393676200002,1.8335683422736613
2022-12-15 05:00:00,139.6415402,140.3243622,134.6144034,135.0795135,135.0795135,98931900,-4.685423550572942,144.17783583,143.47279632,2.08659836024528
2022-12-16 05:00:00,135.2675514,136.2175528,132.3383477,133.1102295,133.1102295,160156900,-1.4578702195281346,143.375770555,143.261436456,2.0587580984549265
2022-12-19 05:00:00,133.7039844,133.7930442,129.9534315,130.9924927,130.9924927,79592600,-1.5909647274704675,142.43961561999998,143.11323485800003,2.0592598099562447
2022-12-20 05:00:00,130.0226841,131.8633285,128.5382939,130.9232178,130.9232178,77432800,-0.05288463374665264,141.662290945,142.95712706999998,2.0310811841159255
2022-12-21 05:00:00,131.5961387,135.3862835,131.3685364,134.0404358,134.0404358,85928000,2.3809512570657443,140.93345564999998,142.89181701200002,2.0881357499030573
2022-12-22 05:00:00,132.9518913,133.1596975,128.9440347,130.8539429,130.8539429,77852100,-2.3772624141229604,140.00125731999998,142.77542297,2.112243106276322
2022-12-23 05:00:00,129.5575576,131.0419476,128.2908793,130.4877777,130.4877777,63814900,-0.27982741053497184,139.19721145,142.559826046,2.09041300443778
2022-12-27 05:00:00,130.0127759,130.0424625,127.380454,128.6768188,128.6768188,69007800,-1.387837950741655,138.49509353000002,142.399099422,2.043757069542405
2022-12-28 05:00:00,128.3205925,129.6664403,124.5601416,124.7283707,124.7283707,85438400,-3.0684999340378494,137.74646644,142.079774624,2.0940036332874383
2022-12-29 05:00:00,126.658071,129.1221567,126.4007821,128.2612152,128.2612152,75703700,2.8324305690621943,136.835049815,141.80462936,1.853992632062138
2022-12-30 05:00:00,127.0737096,128.597677,126.1039046,128.5778809,128.5778809,77034200,0.24689123637742227,135.92561302000001,141.53364394800002,1.855405896948213
2023-01-03 05:00:00,128.9242445,129.5377877,122.8778274,123.7684631,123.7684631,112117500,-3.7404705742043354,134.80044517,141.175756984,1.9779105299035464
2023-01-04 05:00:00,125.5695197,127.3211044,123.7783578,125.0450363,125.0450363,89113600,1.0314204184377562,133.79749145,140.76673614,2.0204865767201157
2023-01-05 05:00:00,125.8070218,126.4403611,123.46169,123.7189789,123.7189789,80962700,-1.0604638450570913,132.91230087,140.288119502,1.97717148343562
2023-01-06 05:00:00,124.6986774,128.9341287,123.5903299,128.2711029,128.2711029,87754700,3.6794063776418584,132.35219116000002,139.84344115800002,2.1907226742028025
2023-01-09 05:00:00,129.1122704,132.0216779,128.5383044,128.7955933,128.7955933,70790800,0.40889209505661217,131.73369445999998,139.46833221199998,2.166898756055677
2023-01-10 05:00:00,128.9044577,129.8940513,126.786728,129.3695679,129.3695679,63896200,0.4456477005879034,131.16814194,139.194606932,2.175820384974596
2023-01-11 05:00:00,129.8841654,132.1206416,129.1023931,132.1008606,132.1008606,69458900,2.1112327607921255,130.62386704,138.75934265,2.201473295609653
2023-01-12 05:00:00,132.4867929,132.8628282,130.0721822,132.0216827,132.0216827,71379600,-0.059937459635284185,130.02714310000002,138.36991759999998,2.189091690298794
2023-01-13 05:00:00,130.6560191,133.5159436,130.2898744,133.357605,133.357605,57809700,1.0118961315132458,129.60903931000001,138.060362546,2.193646810031606
2023-01-17 05:00:00,133.4268954,135.861287,132.734183,134.5253448,134.5253448,63646600,0.8756454496914534,129.581330875,137.885208432,1.9441974901764876
2023-01-18 05:00:00,135.3961633,137.1675287,133.6247828,133.8029175,133.8029175,69672800,-0.5370194747123858,129.615965275,137.81712402000002,1.9186553931563404
2023-01-19 05:00:00,132.6847012,134.8321174,132.3779297,133.8623199,133.8623199,58280400,0.04439544451635413,129.75945663500002,137.75557159,1.8797880748987097
2023-01-20 05:00:00,133.8722283,136.5837203,132.8232614,136.4352722,136.4352722,80223600,1.9220885323981474,130.035059355,137.73479064400001,1.9213538209736336
2023-01-23 05:00:00,136.6826356,141.8285333,136.4649238,139.6415253,139.6415253,81760300,2.3500177397674404,130.31511383,137.766655268,1.9195376795327594
2023-01-24 05:00:00,138.8498543,141.6702016,138.8399638,141.0467529,141.0467529,66435100,1.006310692310941,130.82475433000002,137.918260492,1.8251387509503303
2023-01-25 05:00:00,139.4238363,140.9478038,137.3654799,140.3837433,140.3837433,65799300,-0.4700637103429606,131.31955261000002,137.819103082,1.8293131007430756
2023-01-26 05:00:00,141.6801114,142.7488743,140.4233233,142.4618988,142.4618988,54105100,1.4803391412344657,132.00880661000002,137.705498346,1.7953664626109174
2023-01-27 05:00:00,141.6702137,145.6978516,141.5910444,144.411377,144.411377,70555800,1.3684207612147725,132.992956925,137.658987422,1.5903122816635313
2023-01-30 05:00:00,143.4514967,144.0353533,141.3634536,141.5118866,141.5118866,64015300,-2.0077991500628056,133.655490495,137.519652706,1.6242359061754135
2023-01-31 05:00:00,141.2149869,142.8379196,140.7993594,142.7884369,142.7884369,65874500,0.9020799105083688,134.36601829499998,137.43058929,1.6253557212118406
2023-02-01 05:00:00,142.4717821,145.0843084,139.8493653,143.9165802,143.9165802,77663600,0.7900802925590478,135.37342415,137.325890194,1.2757837404988603
2023-02-02 05:00:00,147.3504707,149.6067427,146.6280716,149.2505035,149.2505035,118339000,3.706260454902055,136.58369751,137.316588436,1.4354375047129102
2023-02-03 05:00:00,146.4895401,155.7422463,146.2916244,152.8922119,152.8922119,154357300,2.4399973967256905,138.04235916,137.44503844800002,1.3969148124996733
2023-02-06 05:00:00,150.9822862,151.5067696,149.2109054,150.1510162,150.1510162,69858300,-1.7928942657935432,139.13635482499998,137.475715938,1.3955391173833043
2023-02-07 05:00:00,149.0723398,153.6145696,149.0723398,153.0406036,153.0406036,83322600,1.9244541083565547,140.34860534,137.54656982,1.4142193805129215
2023-02-08 05:00:00,152.2786448,152.9713572,149.5968399,150.339035,150.339035,64120100,-1.7652626404042748,141.397078695,137.62197661800002,1.5311676927448263
2023-02-09 05:00:00,152.1796934,152.7239728,148.8546585,149.2999725,149.2999725,56007100,-0.6911461816952569,142.25703429,137.75359252400003,1.5297133560542533
2023-02-10 05:00:00,148.130472,149.993738,147.8926015,149.6666718,149.6666718,57450700,0.24561243639880104,143.139283745,137.95290771,1.5240290944816575
2023-02-13 05:00:00,149.607233,152.8877867,149.577501,152.4814453,152.4814453,62199000,1.8806949243592497,144.09547576,138.072745662,1.547385043842618
2023-02-14 05:00:00,150.7667942,152.4021255,149.5180081,151.8371887,151.8371887,61707600,-0.4225147517013861,144.961067955,138.1741571,1.5660204996487392
2023-02-15 05:00:00,151.7479893,154.1167281,151.5200395,153.9482422,153.9482422,65573800,1.3903402177519286,145.96833419,138.327685542,1.5503816049173103
2023-02-16 05:00:00,152.1444336,154.9393554,151.9858684,152.3426666,152.3426666,68167900,-1.0429320770770079,146.892351525,138.47245665999998,1.593599590096683
2023-02-17 05:00:00,150.9947753,151.6389872,149.5081186,151.1929932,151.1929932,59144100,-0.7546627781031656,147.630237575,138.667860714,1.5944898003043013
2023-02-21 05:00:00,148.8638805,149.9541014,147.0898102,147.1591797,147.1591797,58867200,-2.667989709459617,148.00612029500002,138.821578366,1.6847577340321342
2023-02-22 05:00:00,147.5457203,148.6161149,145.8509401,147.5853729,147.5853729,51011300,0.2896137372258023,148.333051295,138.949975278,1.6760050300389258
2023-02-23 05:00:00,148.7548636,149.0026398,145.930225,148.0709991,148.0709991,48394200,0.32904764913865847,148.717414085,139.097782894,1.6676877216301882
2023-02-24 05:00:00,145.8013735,145.8806636,144.4237389,145.4049377,145.4049377,55469600,-1.8005290814573804,148.86456603000002,139.146154476,1.7043692688885415
2023-02-27 05:00:00,146.396033,147.843037,146.1383362,146.6041565,146.6041565,44998500,0.824744206743655,148.974205005,139.199114376,1.6875963323082097
2023-02-28 05:00:00,145.7418957,147.7538363,145.5238515,146.0986938,146.0986938,50547000,-0.3447806065443815,149.203545365,139.286694636,1.6184045126940412
2023-03-01 05:00:00,145.5238473,145.920283,143.7200302,144.0173645,144.0173645,55479000,-1.4246050021837986,149.26499174500003,139.465451656,1.6465424300537457
2023-03-02 05:00:00,143.0956568,145.4049318,142.6199158,144.6120453,144.6120453,52238100,0.4129229847141147,149.299765,139.695487972,1.6398347346279813
2023-03-03 05:00:00,146.7231153,149.7658136,146.0194395,149.6865234,149.6865234,70732300,3.5090286493582923,149.321565995,140.069368586,1.617040754666025
2023-03-06 05:00:00,152.4219562,154.9096382,152.0949051,152.4616089,152.4616089,87558000,1.8539314274701013,149.300035845,140.500136408,1.5757954237584477
2023-03-07 05:00:00,152.3327445,152.6598108,149.785614,150.2514343,150.2514343,56182000,-1.4496597641506237,149.30505675,140.824356378,1.557025790081743
2023-03-08 05:00:00,151.450668,152.1048006,150.4793899,151.5101318,151.5101318,47204800,0.8377274439103299,149.22853315999998,141.23748015599998,1.5049684797312437
2023-03-09 05:00:00,152.1939933,153.1652714,148.8936138,149.250412,149.250412,53833600,-1.4914644803972088,149.17410201,141.612732842,1.4896110360239159
2023-03-10 05:00:00,148.8737806,149.5972825,146.2969034,147.1789856,147.1789856,68572400,-1.3878865540418173,149.068052665,141.982776178,1.5139380221891017
2023-03-13 04:00:00,146.4951436,151.777732,146.3861215,149.131485,149.131485,84457100,1.326615611624371,149.04129332500003,142.470838464,1.5444378675483352
2023-03-14 04:00:00,149.934291,152.0354277,148.7647949,151.2326355,151.2326355,73695900,1.4089248155746414,148.978852835,142.93026687,1.5174625867355704
2023-03-15 04:00:00,149.8450831,151.8867558,148.5863762,151.6290741,151.6290741,77167900,0.26213826049470423,148.968447105,143.391290734,1.5158684051909925
2023-03-16 04:00:00,150.8064604,155.0682126,150.2910818,154.4636383,154.4636383,76161100,1.8694067854893026,148.99421691,144.005194238,1.542478973734001
2023-03-17 04:00:00,154.6915953,155.3457279,152.9076041,153.6212006,153.6212006,98944600,-0.5453954790083482,149.05814361,144.576717524,1.5282448886771764
2023-03-20 04:00:00,153.6905721,156.4161093,152.7787427,155.9998322,155.9998322,73641400,1.5483745672535631,149.29848556,145.22233459,1.5507961392316367
2023-03-21 04:00:00,155.9205722,157.9820564,155.1474968,157.8631287,157.8631287,73938300,1.194422118102767,149.83368301000002,145.814175106,1.4134529242361098
2023-03-22 04:00:00,157.8829348,160.6976677,156.4061838,156.4260101,156.4260101,75701800,-0.9103573531290321,150.27571487,146.366783442,1.4418318112884947
2023-03-23 04:00:00,157.4171187,160.112924,156.2773396,157.5162201,157.5162201,67622100,0.6969493112449987,150.74797592,146.929716486,1.4445510355367737
2023-03-24 04:00:00,157.4468588,158.9136892,156.4458487,158.8244934,158.8244934,59196500,0.8305641788315166,151.41895370499998,147.464189142,1.3585639335554673
2023-03-27 04:00:00,158.5172463,159.3398648,156.4656528,156.8720093,156.8720093,52390300,-1.2293343792274203,151.93234634499998,147.961195674,1.4056545413844082
2023-03-28 04:00:00,156.5647498,157.0801282,154.5924467,156.2475891,156.2475891,45992200,-0.398044369283157,152.43979111000002,148.41899535599998,1.4070866608770733
2023-03-29 04:00:00,157.9522886,159.6173517,157.9324774,159.3398438,159.3398438,51305700,1.979073544629828,153.20591507499998,148.915285336,1.3873973063616658
2023-03-30 04:00:00,160.093092,161.0247325,159.8354103,160.9157104,160.9157104,49501700,0.9889972039749173,154.02109833,149.457541194,1.3911218808948413
2023-03-31 04:00:00,160.9949972,163.532222,160.4697131,163.4331055,163.4331055,68749800,1.564418473337592,154.70842743500003,150.048956906,1.2318725560586852
2023-04-03 04:00:00,162.8087561,164.8107765,162.7591978,164.6918488,164.6918488,56976200,0.770188693501872,155.31993943,150.614088438,1.1898690492572175
2023-04-04 04:00:00,165.1179886,165.355844,163.6412377,164.1566162,164.1566162,46278300,-0.32499034038411256,156.01519852500002,151.10439025600002,1.12287725770102
2023-04-05 04:00:00,163.2745464,163.5817863,160.360697,162.3032532,162.3032532,51511700,-1.1290212011570433,156.554854595,151.52952026199998,1.1721298994770915
2023-04-06 04:00:00,160.9851079,163.4926164,160.5589402,163.195282,163.195282,45390100,0.5496062354959586,157.252098095,151.985751036,1.0891721030995367
2023-04-10 04:00:00,159.984064,160.5886383,158.6559878,160.5886383,160.5886383,47716900,-1.5972543250361682,157.92258073,152.348285826,1.10863136678879
2023-04-11 04:00:00,160.9058287,160.9157343,159.0821849,159.3696136,159.3696136,47644200,-0.7590977250350184,158.43448716,152.647450558,1.1191626348197639
2023-04-12 04:00:00,159.7858592,160.6183833,158.3586663,158.675827,158.675827,50133100,-0.4353317952701663,158.80664673500002,152.99072936599998,1.1021710110654737
2023-04-13 04:00:00,160.1922016,164.325105,159.9840631,164.0872345,164.0872345,68445600,3.4103540547483657,159.429554755,153.416705318,1.3098107207841714
2023-04-14 04:00:00,163.1258767,164.8404982,162.3627371,163.7403717,163.7403717,49386500,-0.21138926562870308,159.893391425,153.813181148,1.269271092161449
2023-04-17 04:00:00,163.6214236,163.9187579,162.5708553,163.7601776,163.7601776,41516200,0.01209591733202231,160.400340275,154.10337463,1.255786471773035
2023-04-18 04:00:00,164.6224624,165.9208069,164.1764533,164.9891663,164.9891663,49923000,0.7504808055362133,160.84980698,154.34531371800003,1.2273110907841056
2023-04-19 04:00:00,164.3251319,166.6641392,164.067435,166.138855,166.138855,47720200,0.6968267831049868,161.263593295,154.665070494,1.2129202325002084
2023-04-20 04:00:00,164.6125255,166.3766901,164.0872413,165.1675415,165.1675415,52456400,-0.5846395775389257,161.70066986499998,154.90760925200001,1.1984403592292772
2023-04-21 04:00:00,163.5817949,164.9693351,163.0267788,163.552063,163.552063,58337300,-0.9780847285905669,162.00246201,155.17186981199998,1.2259109563104713
2023-04-24 04:00:00,163.5322324,164.1269011,162.4321059,163.8592987,163.8592987,41949600,0.18785192578096854,162.254202275,155.463056336,1.2167709496441703
2023-04-25 04:00:00,163.7205532,164.8305854,162.273534,162.3131866,162.3131866,48714100,-0.9435607940875501,162.52626114,155.715986632,1.2011358757017059
2023-04-26 04:00:00,161.6094831,163.8097361,161.3518014,162.3032532,162.3032532,45498800,-0.006119897100209659,162.829044345,155.91242279,1.1944314821081492
2023-04-27 04:00:00,163.7205533,167.0605706,163.7205533,166.911911,166.911911,64902300,2.839535073471966,163.207647705,156.213917236,1.2747923623687323
2023-04-28 04:00:00,166.9911917,168.3390943,166.3866174,168.1705933,168.1705933,55209200,0.7540997478604261,163.57039185000002,156.498364258,1.26859597079283
2023-05-01 04:00:00,167.7741809,168.9337714,167.1398746,168.0814209,168.0814209,52472900,-0.05302496604796536,163.80280762,156.813139344,1.2299015544003715
2023-05-02 04:00:00,168.5769405,168.8346373,166.0496213,167.0407257,167.0407257,48425700,-0.6191613531272955,163.920251465,157.130093994,1.2321100343629328
2023-05-03 04:00:00,167.9922011,169.3995675,165.6730203,165.960434,165.960434,65136000,-0.6467235432993546,164.01044235499998,157.50611908,1.2397246814296423
2023-05-04 04:00:00,163.4232128,165.5540814,162.8483704,164.3152008,164.3152008,81235400,-0.9913406227896382,164.11103973500002,157.840715638,1.2331284738089077
2023-05-05 04:00:00,169.459029,172.749503,169.2409849,172.026001,172.026001,113316400,4.6926882981358276,164.552575685,158.31981567600002,1.6089026420042458
2023-05-08 04:00:00,170.9456885,172.3035119,170.5789847,171.9566193,171.9566193,55962800,-0.0403321007270363,165.120974735,158.850849308,1.5500908297643452
2023-05-09 04:00:00,171.5106168,171.9962483,170.0735185,170.2420044,170.2420044,45326900,-0.9971206150596768,165.66459427499998,159.32360626599998,1.55996696404462
2023-05-10 04:00:00,171.4809082,172.4819184,170.3708609,172.016098,172.016098,53724500,1.042100982217975,166.331607825,159.84195435,1.5562036447565615
2023-05-11 04:00:00,172.3035232,173.0369309,170.6384598,172.2044067,172.2044067,49514700,0.10947155655163243,166.73746643500002,160.405695194,1.3878198455818465
2023-05-12 04:00:00,172.3135714,172.750263,169.7132908,171.2714844,171.2714844,45497800,-0.5417528609620637,167.11402206999998,160.938883976,1.3955534867132189
2023-05-15 04:00:00,171.8570479,171.9066747,170.179762,170.7752533,170.7752533,37266700,-0.289733636476841,167.46477585500003,161.36065857399998,1.399707129145135
2023-05-16 04:00:00,170.6958534,171.8371941,170.5072807,170.7752533,170.7752533,42110300,0.0,167.75408020499998,161.726931462,1.3947619790821841
2023-05-17 04:00:00,170.4179576,171.6287636,169.1376558,171.3905792,171.3905792,57951600,0.36031327028340776,168.016666415,162.14971436,1.3902412130702908
2023-05-18 04:00:00,171.698241,173.9213913,171.2814032,173.7328186,173.7328186,65496700,1.3666091864167118,168.44493027000001,162.594168096,1.4032904625563363
2023-05-19 04:00:00,175.0627357,175.0627357,173.6236494,173.8419952,173.8419952,55772400,0.06284166738317332,168.95942688,163.08599976,1.3738601200850564
2023-05-22 04:00:00,172.6708601,173.3953781,172.1448494,172.8892059,172.8892059,43570900,-0.5480777523887981,169.41092224,163.600204166,1.3872163494974854
2023-05-23 04:00:00,171.8272671,172.0753859,169.9911816,170.2690735,170.2690735,50747300,-1.5154979666663015,169.808716585,164.022955936,1.419239087206571
2023-05-24 04:00:00,169.8025948,171.1225888,169.2368918,170.5469513,170.5469513,45143500,0.16319922008620757,170.22090149000002,164.409242252,1.4181421326735562
2023-05-25 04:00:00,171.1126712,172.5914497,170.3980878,171.6883087,171.6883087,56058300,0.6692335402655791,170.45972137500002,164.810426944,1.287145153175754
2023-05-26 04:00:00,172.0158161,174.4473774,171.8073896,174.1099243,174.1099243,54835000,1.410472045729927,170.756687925,165.20335266400002,1.311525427102118
2023-05-30 04:00:00,175.6284281,177.6431517,175.2413634,175.9658661,175.9658661,55964400,1.0659597995127168,171.150910185,165.650245974,1.3247854805566615
2023-05-31 04:00:00,175.9956596,178.0004641,175.4299414,175.9162598,175.9162598,99625300,-0.028190865137334153,171.59468689,166.048574526,1.3111896842374828
2023-06-01 04:00:00,176.3628481,178.7646363,175.5986379,178.7348633,178.7348633,68901800,1.6022416024559005,172.233408355,166.466009218,1.32504836258511
2023-06-02 04:00:00,179.667794,180.4121504,177.9111086,179.5883942,179.5883942,61945900,0.4775402427042996,172.997068025,166.9292569,1.2851660616433016
2023-06-05 04:00:00,181.2557666,183.5583014,176.7002936,178.228714,178.228714,121946500,-0.7571091695857568,173.307203675,167.343506778,0.8393872529849571
2023-06-06 04:00:00,178.6157717,178.7646369,176.0948761,177.861496,177.861496,64848400,-0.20603750751408967,173.60244751,167.72424683,0.8424949067555644
2023-06-07 04:00:00,177.0973093,179.8464703,175.9857417,176.4819794,176.4819794,61944600,-0.7756128397795492,173.91444626,168.116446232,0.8276372944584781
2023-06-08 04:00:00,176.5613508,179.4792306,176.1246744,179.2112732,179.2112732,50214900,1.5464999935285162,174.27420502,168.575719914,0.8621466817736446
2023-06-09 04:00:00,180.1342882,180.858791,179.2708394,179.5983582,179.5983582,48870700,0.21599366663056507,174.643902595,168.980890202,0.8618309167027247
2023-06-12 04:00:00,179.9060014,182.5062818,179.6082557,182.4070282,182.4070282,54274900,1.5638617346781514,175.200679785,169.410716558,0.89271363664465
2023-06-13 04:00:00,181.4245071,182.7643398,181.0672153,181.9306641,181.9306641,54929100,-0.26115446575759593,175.75845032499998,169.78066772999998,0.8917098876536818
2023-06-14 04:00:00,181.9902041,183.0025333,180.6503715,182.5658417,182.5658417,57462900,0.3491316887904494,176.347979745,170.13814758799998,0.8885138717826583
2023-06-15 04:00:00,182.5757739,185.1165084,182.3971205,184.6103363,184.6103363,65433200,1.1198669920738036,177.0089676,170.54722199,0.9055816602744491
2023-06-16 04:00:00,185.3249118,185.5829651,182.883431,183.5285339,183.5285339,101235600,-0.5859923239845077,177.498753365,170.971727604,0.8983997625207992
2023-06-20 04:00:00,183.0223828,184.6996685,183.0223828,183.6178589,183.6178589,49799100,0.04867090588138723,177.98754655,171.38017914199997,0.8985843313686169
2023-06-21 04:00:00,183.5086893,184.0148614,181.2160736,182.5757751,182.5757751,49515700,-0.5675285651639883,178.47187501000002,171.81992187799997,0.8995351918925428
2023-06-22 04:00:00,182.3574312,185.6425223,182.2879507,185.5928955,185.5928955,51245300,1.6525305169031723,179.23806611,172.34438751599998,0.8445719307690982
2023-06-23 04:00:00,184.153797,186.1486669,183.6178519,185.2752838,185.2752838,53079300,-0.17113354427944483,179.974482735,172.876376652,0.8535001012174398
2023-06-26 04:00:00,185.4241747,186.6349958,183.836208,183.8759155,183.8759155,48088700,-0.7552914081678574,180.583863075,173.272150272,0.8901251731992778
2023-06-27 04:00:00,184.4912279,186.9724161,184.2728822,186.6448975,186.6448975,50730800,1.5058970569748364,181.21061173500001,173.730240788,0.896358214607374
2023-06-28 04:00:00,186.5158835,188.4710612,186.18838,187.8259583,187.8259583,51216800,0.632784938575659,181.803616345,174.21155640199999,0.8833378297808554
2023-06-29 04:00:00,187.6572342,188.6397902,187.5182882,188.1633911,188.1633911,46347300,0.17965184527959366,182.41597291,174.67504089800002,0.8801144606409416
2023-06-30 04:00:00,190.1880786,193.0166246,189.8208524,192.5104675,192.5104675,85069600,2.310266824267493,183.10475312,175.20247314800002,0.9453490483524575
2023-07-03 04:00:00,192.3218852,192.4211388,190.3170807,191.0118256,191.0118256,31458200,-0.7784729419972991,183.67592469,175.71935882999998,0.9793657135468465
2023-07-05 04:00:00,190.1285194,191.5278982,189.1856556,189.8903198,189.8903198,46920300,-0.5871394592859347,184.25900498000001,176.24612396600003,0.9702832946504063
2023-07-06 04:00:00,188.4115064,190.5751104,187.7763228,190.366684,190.366684,45094300,0.25086281412434186,184.88426438000002,176.776271672,0.9625484070771033
2023-07-07 04:00:00,189.9696961,191.2202095,188.8085018,189.2451782,189.2451782,46778000,-0.589129240702635,185.52242432,177.314911504,0.951970045569981
2023-07-10 04:00:00,187.8358836,188.5604015,185.632587,187.1907806,187.1907806,59922200,-1.0855746072583328,185.92139969,177.81266205199998,0.9603362065023487
2023-07-11 04:00:00,187.7366396,187.8755855,185.1959051,186.6647644,186.6647644,46638100,-0.28100539904475363,186.27472,178.20771912,0.9669185347120545
2023-07-12 04:00:00,188.252722,190.2575265,187.0518353,188.3420563,188.3420563,60750200,0.8985583890946724,186.57147140499998,178.61114838,0.9281044081892575
2023-07-13 04:00:00,189.0665393,189.7513497,188.3519559,189.1062317,189.1062317,41342300,0.4057380571351521,186.930249785,179.031644596,0.9239855018631828
2023-07-14 04:00:00,188.7985664,189.7414149,188.2030903,189.2551117,189.2551117,41573900,0.07872823579719856,187.26471328500003,179.475932316,0.923630320618784
2023-07-17 04:00:00,190.4560038,192.8578074,190.3666847,192.5302887,192.5302887,50520200,1.730561975621403,187.660710905,180.00732940999998,0.9653465731689507
2023-07-18 04:00:00,191.895117,192.8677386,190.972107,192.2722473,192.2722473,48353800,-0.13402639228473623,188.097896575,180.56647033999997,0.9507980104172421
2023-07-19 04:00:00,191.6470072,196.7383957,191.2003811,193.631958,193.631958,80507300,0.7071799071856955,188.59860153,180.99858947999996,0.9553151562040875
2023-07-20 04:00:00,193.6220163,194.9916372,191.0515087,191.6767731,191.6767731,59581200,-1.0097428751921211,189.05365143,181.392992556,0.9805094519575484
2023-07-21 04:00:00,192.639478,193.5029267,189.7910634,190.4957275,190.4957275,71917800,-0.6161652144382912,189.29879303,181.798067018,0.9398652152515854
2023-07-24 04:00:00,191.9546436,193.4433565,190.8033687,191.2996063,191.2996063,45377800,0.42199308643287026,189.600009155,182.183737184,0.9390668688601179
2023-07-25 04:00:00,191.8752747,192.9769231,191.4683562,192.1630859,192.1630859,37283200,0.45137552381884216,190.014367675,182.582910768,0.9153396260408908
2023-07-26 04:00:00,192.2127121,194.1678899,191.8653548,193.0364685,193.0364685,47471900,0.4545007153218261,190.333946225,183.01821045,0.866784210358303
2023-07-27 04:00:00,194.5450012,195.7161147,191.1011109,191.7660675,191.7660675,47460200,-0.6581145054464277,190.530951685,183.438026734,0.8786518047449137
2023-07-28 04:00:00,193.2051703,195.1504286,192.6791596,194.3564453,194.3564453,48291400,1.3508009178944125,190.84060439499999,183.909650574,0.921684875592611
2023-07-31 04:00:00,194.5847217,195.011494,193.7907384,194.9717865,194.9717865,38824100,0.31660447331716135,190.963670345,184.38127472,0.773470055475285
2023-08-01 04:00:00,194.7633563,195.2496595,193.8105734,194.138092,194.138092,35175100,-0.42759750780659855,191.119983665,184.789380188,0.7571048230437185
2023-08-02 04:00:00,193.5723706,193.7113165,190.4063872,191.1308899,191.1308899,50389300,-1.5490015735809326,191.18201216999998,185.13515808199998,0.8291022581581426
2023-08-03 04:00:00,190.1285056,190.9224737,189.2551224,189.7315063,189.7315063,61235200,-0.7321598307485244,191.150253285,185.47200409,0.8446752068568425
2023-08-04 04:00:00,184.1240425,185.9700473,180.5511249,180.6206055,180.6206055,115799700,-4.8019967677872195,190.71902465,185.67903473,1.362437293588454
2023-08-07 04:00:00,180.7595292,181.7520044,176.0154985,177.5042114,177.5042114,97576100,-1.7253812716290562,190.23469619,185.818179932,1.3909459390343886
2023-08-08 04:00:00,178.3378791,178.9135166,176.2437557,178.447052,178.447052,67823000,0.5311652002866207,189.82381057,185.953354798,1.4019879720094388
2023-08-09 04:00:00,179.5089933,179.5685394,175.6780382,176.8491669,176.8491669,60378500,-0.8954393373783565,189.2491661,186.00813965,1.3842468425355365
2023-08-10 04:00:00,178.1294611,179.389909,176.2636178,176.6308289,176.6308289,54686900,-0.12346001048647581,188.62539596000002,186.02143890600001,1.374971789952818
2023-08-11 04:00:00,176.2233961,177.5153443,175.4581538,176.6904755,176.6904755,51988100,0.03376907665069151,187.99716414999997,186.03692322000003,1.374302377645765
2023-08-14 04:00:00,176.8693528,178.5787168,176.2134309,178.3501434,178.3501434,43675600,0.939308072664069,187.28815688499998,186.029228822,1.3221476076190701
2023-08-15 04:00:00,177.7737183,178.3699985,175.9550342,176.3525543,176.3525543,43622600,-1.1200378434907399,186.492172235,185.964512024,1.3311081248472643
2023-08-16 04:00:00,176.0345463,177.4358147,175.4084377,175.4780121,175.4780121,46964900,-0.49590560424335184,185.58447494,185.909497986,1.3042779854067832
2023-08-17 04:00:00,176.0445002,176.4122071,172.4071313,172.9239197,172.9239197,66062900,-1.4555056610423,184.64683227,185.81074646000002,1.3174987352805632
2023-08-18 04:00:00,171.2344301,174.0171168,170.8965364,173.4108887,173.4108887,61114200,0.2816088143530404,183.79259033,185.74932464600002,1.3287600728175375
2023-08-21 04:00:00,173.9872907,175.0407327,172.6655142,174.7525177,174.7525177,46311900,0.7736705636293806,182.96523589999998,185.66014953599998,1.3432958851808408
2023-08-22 04:00:00,175.9649643,176.5811251,175.1599762,176.1339111,176.1339111,42084200,0.790485549611053,182.16377716000002,185.590860594,1.3572414733709446
2023-08-23 04:00:00,177.4159664,180.4272265,177.2271391,179.9998779,179.9998779,52722800,2.194902035534252,181.51194762999998,185.54271758800002,1.4679220404303046
2023-08-24 04:00:00,179.5526464,179.979995,174.9214625,175.2891846,175.2891846,54945800,-2.617053608568032,180.688103485,185.40988799800002,1.5532383921600044
2023-08-25 04:00:00,176.2830127,178.0420554,174.7326628,177.5054016,177.5054016,51449600,1.264320445700795,179.8455513,185.308679196,1.5481126308917532
2023-08-28 04:00:00,178.9762349,179.4731427,177.4457657,179.0756226,179.0756226,43820700,0.8846046294063825,179.05074310499998,185.197984922,1.567824559851639
2023-08-29 04:00:00,178.5886601,183.7564982,178.3899,182.9813232,182.9813232,53003900,2.1810342152064566,178.492904665,185.18704070799998,1.6715777281699005
2023-08-30 04:00:00,183.796255,186.6882619,183.5974949,186.4894867,186.4894867,60813900,1.9172249050606993,178.260834505,185.24447326400002,1.7124959118501852
2023-08-31 04:00:00,186.6783319,187.9504147,186.3205576,186.7081451,186.7081451,60794500,0.11724971947173479,178.109666445,185.32712066400003,1.706744375400771
2023-09-01 04:00:00,188.3181128,188.7454462,187.1155893,188.2882996,188.2882996,45732600,0.8463232812653487,178.49305114999999,185.381028746,1.3009533798570323
2023-09-05 04:00:00,187.1155934,188.8050768,186.4497388,188.5268097,188.5268097,45280000,0.12667282061959995,179.044181065,185.44605926399998,1.218802111236361
2023-09-06 04:00:00,187.2348463,187.6820755,180.3477118,181.7788086,181.7788086,81755800,-3.5793323563571677,179.210768895,185.40411712600002,1.4946742953347516
2023-09-07 04:00:00,174.0965977,177.1078727,172.4667409,176.4618835,176.4618835,112488800,-2.9249422091327304,179.191404725,185.200456846,1.6289079905130537
2023-09-08 04:00:00,177.2470107,179.1253215,176.6904612,177.0780487,177.0780487,65551300,0.34917750382055246,179.21376571499997,184.985498654,1.6304236709268194
2023-09-11 04:00:00,178.9563634,179.1849367,176.2432361,178.2507477,178.2507477,58953100,0.6622497868082666,179.29177932500002,184.78724578599997,1.6366385729081285
2023-09-12 04:00:00,178.3799603,179.0160017,173.7388435,175.2096863,175.2096863,90370200,-1.7060581451911694,179.13475647,184.44123016199998,1.6681552264982604
2023-09-13 04:00:00,175.4183623,176.203485,172.9040104,173.1325989,173.1325989,84267900,-1.1854866268315334,178.97375870000002,184.083645628,1.6703749448404568
2023-09-14 04:00:00,172.923923,175.010942,172.5065223,174.6531677,174.6531677,60895800,0.8782683386381107,178.93251647999998,183.77890258600002,1.6805436351534206
2023-09-15 04:00:00,175.3885528,175.4084334,172.7450151,173.9276428,173.9276428,109205100,-0.41540895567736547,178.982702635,183.45012176199998,1.6492606314778235
2023-09-18 04:00:00,175.3885636,178.2706378,175.0804832,176.8693542,176.8693542,67257600,1.6913420734291806,179.15562590999997,183.202605282,1.6896709498364093
2023-09-19 04:00:00,176.4221378,178.5190892,176.0345504,177.9625549,177.9625549,51826900,0.6180837290578944,179.31612777,183.018040768,1.6868222494341731
2023-09-20 04:00:00,178.1513673,178.5886485,174.3152387,174.4046936,174.4046936,58436200,-1.9992190503216878,179.22966689499998,182.772839352,1.7415808311169285
2023-09-21 04:00:00,173.4705309,175.2097083,172.7847956,172.8543549,172.8543549,63047900,-0.8889317529238827,178.87239074500002,182.463085324,1.668775563398904
2023-09-22 04:00:00,173.5897619,175.984861,172.9736011,173.7090149,173.7090149,56725400,0.4944393796120661,178.79338226,182.15514098800003,1.5727777040494793
2023-09-25 04:00:00,173.122665,175.8755383,173.0729712,174.9910431,174.9910431,46172700,0.7380320478692637,178.66766433499998,181.86985961599999,1.5542153894970687
2023-09-26 04:00:00,173.7388277,174.1164673,170.5983672,170.8965149,170.8965149,64588900,-2.339850158879364,178.25870895,181.43718414,1.6170705149147773
2023-09-27 04:00:00,171.5524196,171.9698203,168.0045063,169.3759613,169.3759613,66921800,-0.8897510876039516,177.578440855,180.97925842,1.5198626010089562
2023-09-28 04:00:00,168.2927119,170.966078,166.5833481,169.6343689,169.6343689,56294400,0.15256450680289912,176.73568496500002,180.499306638,1.4282814760234175
2023-09-29 04:00:00,170.9561417,171.9996509,169.2865238,170.1511536,170.1511536,51814200,0.3046462243182724,175.90783539,180.06879424800002,1.432893741503031
2023-10-02 04:00:00,170.1611086,173.2220624,169.8728935,172.6754608,172.6754608,52164500,1.4835674907819119,175.12719345,179.712388914,1.4699214308599535
2023-10-03 04:00:00,171.1946677,172.5562054,169.763586,171.3338013,171.3338013,49594600,-0.776983303698231,174.26754303,179.313072814,1.4660681790538437
2023-10-04 04:00:00,170.0319005,173.1326154,169.9126475,172.5860138,172.5860138,53020300,0.7308613306299172,173.80790329,178.92153137200003,1.2907437894218814
2023-10-05 04:00:00,172.7151939,174.3649313,171.612058,173.8282776,173.8282776,48527900,0.7197940161243865,173.676222995,178.537367554,1.1421097478518145
2023-10-06 04:00:00,172.7251371,176.8892265,172.1089612,176.3923187,176.3923187,57224100,1.4750425738556672,173.641936495,178.229892578,1.190522767014217
2023-10-09 04:00:00,175.7165308,177.9426831,174.7127825,177.8830566,177.8830566,42390800,0.8451263133149034,173.62355194,177.90042480399998,1.1966655274098181
2023-10-10 04:00:00,176.9985586,178.6085349,176.8494771,177.2867584,177.2867584,43698000,-0.3352192228970319,173.727405545,177.54672424199998,1.1314992829965471
2023-10-11 04:00:00,177.0979232,178.7377279,176.5016429,178.6880341,178.6880341,47551100,0.7904006552132969,174.00517730500002,177.23772308399998,1.102452370143073
2023-10-12 04:00:00,178.9563659,181.2123162,177.932722,179.5924072,179.5924072,56743100,0.5061184452305634,174.25213928,177.00695342999998,1.0928582861295706
2023-10-13 04:00:00,180.2980097,180.8048502,177.0382961,177.7439117,177.7439117,51427100,-1.0292726339713454,174.442952725,176.767201538,1.117769108003748
2023-10-16 04:00:00,175.6569128,177.9725051,175.4183916,177.6147308,177.6147308,52517000,-0.07267810118753992,174.48022155499999,176.707084044,1.054611522169008
2023-10-17 04:00:00,175.5575203,177.3165782,173.7189705,176.0544281,176.0544281,57549400,-0.878475953527158,174.384815215,176.67808837800004,1.0634711347845796
2023-10-18 04:00:00,174.4941311,176.4817622,174.0270366,174.7525177,174.7525177,54764400,-0.7394931295113483,174.40220642,176.60419769199999,0.9755225532769347
2023-10-19 04:00:00,174.9512929,176.740164,174.1065587,174.3748932,174.3748932,59302900,-0.21609102115957013,174.478233335,176.554712218,0.9540934671548624
2023-10-20 04:00:00,174.2258013,174.3351216,171.5723156,171.8108368,171.8108368,64189300,-1.4704275099163167,174.38332443,176.45831237599998,1.005495880249851
2023-10-23 04:00:00,169.8530285,172.9338478,168.8790783,171.9300995,171.9300995,55980100,0.0694151208511018,174.23027725,176.36310485599998,0.9888906791208633
2023-10-24 04:00:00,171.9797831,172.5959439,170.3896722,172.3673706,172.3673706,43816600,0.2543307432913977,174.303820035,176.24344940000003,0.8356182261945778
2023-10-25 04:00:00,170.8170298,171.9897249,169.5946257,170.0418549,170.0418549,57157000,-1.349162368669321,174.33711471499998,176.117235412,0.8683727445532513
2023-10-26 04:00:00,169.3163691,170.3201327,164.6454386,165.8578949,165.8578949,70625300,-2.460547141443825,174.14829101499998,175.924833068,1.0295174413478458
2023-10-27 04:00:00,165.877761,167.915086,165.7982539,167.179657,167.179657,58499100,0.7969244399230524,173.99971618499998,175.809947814,1.0456469252427083
2023-10-30 04:00:00,167.9747121,170.1114095,167.8256306,169.2368469,169.2368469,51131000,1.2305264509544944,173.82778549,175.726466978,1.0270619991016363
2023-10-31 04:00:00,168.3026662,169.8430682,166.8616216,169.7138824,169.7138824,44846000,0.28187449053684865,173.746789545,175.625694272,1.017328379023087
2023-11-01 04:00:00,169.9424404,173.15246,169.067878,172.8940735,172.8940735,56934900,1.8738544278331881,173.76219253000002,175.56089752,1.0923971067832665
2023-11-02 04:00:00,174.4345074,176.680525,174.3748809,176.4718323,176.4718323,77334800,2.069335708028186,173.894370265,175.490336608,1.1766783970450143
2023-11-03 04:00:00,173.1624415,175.7264876,172.2779462,175.5575256,175.5575256,79763700,-0.5181034775259108,173.85263061,175.49570342799998,1.1362011806730095
2023-11-06 05:00:00,175.2892014,178.3203269,175.1202546,178.1215668,178.1215668,63841300,1.4605134079196835,173.86455612,175.508026732,1.1686625279871776
2023-11-07 05:00:00,178.0718539,181.3117021,177.8631611,180.6955414,180.6955414,70530000,1.4450662242883272,174.03499527,175.54042510800002,1.2078705827789986
2023-11-08 05:00:00,181.2222575,182.3154454,180.466948,181.7589111,181.7589111,49340300,0.5884869608631105,174.18853912,175.51597686600002,1.2026482654180013
2023-11-09 05:00:00,181.8284924,182.9813069,180.6855955,181.2818909,181.2818909,53763500,-0.26244666471265665,174.273013305,175.41182495,1.201001042932765
2023-11-10 05:00:00,183.0731258,185.6604566,182.6352684,185.491272,185.491272,66133400,2.3220086016876307,174.66038132,175.38748748799998,1.2735493397426754
2023-11-13 05:00:00,184.91411,185.1230777,183.3119583,183.8990784,183.8990784,43627500,-0.8583657779865805,174.9745987,175.299703064,1.295029663576544
2023-11-14 05:00:00,186.7849416,187.1929465,185.3917728,186.5262146,186.5262146,60108400,1.4285749677797055,175.498188025,175.25969116199997,1.2983457004794483
2023-11-15 05:00:00,186.9342059,188.5761558,186.8645398,187.0934143,187.0934143,53790500,0.3040857829106569,176.115232855,175.36598327599998,1.275249287619391
2023-11-16 05:00:00,188.6458394,190.0290624,187.7303111,188.7851563,188.7851563,54412900,0.9042231691209324,176.83574601,175.61244873199996,1.2737024355144613
2023-11-17 05:00:00,189.322511,189.4518821,187.6507085,188.7652435,188.7652435,50922700,-0.010547863184950934,177.683466345,175.84619262799998,1.200250958455779
2023-11-20 05:00:00,188.964255,190.9744114,188.9543092,190.5166473,190.5166473,46505100,0.9278211219005517,178.61279373500003,176.09151062,1.20020035256014
2023-11-21 05:00:00,190.4768675,190.5863319,188.8150107,189.7106171,189.7106171,38134500,-0.4230759943674389,179.47995606,176.38152923599998,1.2175672998017035
2023-11-22 05:00:00,190.556465,191.989432,189.8996789,190.3773346,190.3773346,39617700,0.3514392131509281,180.496730045,176.72642395,1.1394212772386825
2023-11-24 05:00:00,189.9394753,189.9693278,188.3273779,189.043869,189.043869,24048300,-0.7004329600483916,181.65602875,177.014237976,0.9440430766328887
2023-11-27 05:00:00,188.9941172,189.7404609,187.9790855,188.8647461,188.8647461,40552600,-0.09475202816549011,182.74028320500003,177.31298004200002,0.9582145146629244
2023-11-28 05:00:00,188.8547987,190.1484641,188.4766464,189.4717712,189.4717712,38415400,0.32140731001146783,183.75202941999999,177.565028382,0.9490480292945351
2023-11-29 05:00:00,189.9693324,191.1535335,188.0487487,188.4467926,188.4467926,43014200,-0.540966389614872,184.68867493,177.77471313600003,0.9795656961532982
2023-11-30 05:00:00,188.914492,189.3921628,187.2725421,189.0239563,189.0239563,48794400,0.3062740904405281,185.49516907,178.06709838999998,0.9276686079275549
2023-12-01 05:00:00,189.4021262,190.6261256,188.3074827,190.3076935,190.3076935,45679300,0.6791399487811933,186.18696213,178.416165162,0.8487542840159678
2023-12-04 05:00:00,189.053822,189.123488,186.5361572,188.5065002,188.5065002,43389500,-0.9464637329546499,186.83441086,178.712114868,0.8775664458047551
2023-12-05 05:00:00,189.2827084,193.4522689,189.2528407,192.4770508,192.4770508,66628400,2.1063202572788597,187.55218506,179.06183502200003,0.9304740543020038
2023-12-06 05:00:00,193.5020368,193.8105231,191.1734481,191.382431,191.382431,41089700,-0.5687014610055496,188.08652954000002,179.47155334400003,0.9194581682430765
2023-12-07 05:00:00,192.6860424,194.0493587,192.6462289,193.3229218,193.3229218,47477700,1.0139336144183497,188.664730075,179.95049255400002,0.9315281891377067
2023-12-08 05:00:00,193.2532417,195.0345236,192.7258267,194.7558899,194.7558899,53377300,0.7412303138488952,189.338430025,180.452922974,0.9259156836778737
2023-12-11 05:00:00,192.1685541,192.5467064,190.4867907,192.238205,192.238205,60943700,-1.2927387722613926,189.675776675,180.89466400199998,0.8748128491231063
2023-12-12 05:00:00,192.1387143,193.7707185,190.7853438,193.7607727,193.7607727,52696900,0.7920213882562921,190.16886139000002,181.31637024,0.848926319782255
2023-12-13 05:00:00,194.1389002,197.0347171,193.90008,196.9949188,196.9949188,70404200,1.6691438906508926,190.69229660000002,181.82959259,0.8677766746096199
2023-12-14 05:00:00,197.0546227,198.6468133,195.2036899,197.1441803,197.1441803,66831600,0.07576921319047969,191.1948349,182.32075591999998,0.8689022099397891
2023-12-15 05:00:00,196.5670133,197.4327671,196.0395983,196.6068268,196.6068268,128256700,-0.2725687865511861,191.585918425,182.77632690399997,0.8632027761137122
2023-12-18 05:00:00,195.1340195,195.6713954,193.4423104,194.9349976,194.9349976,55751900,-0.850341377871211,191.89440613,183.147180482,0.8941964931364172
2023-12-19 05:00:00,195.2036928,195.9898347,194.9350048,195.9798889,195.9798889,40714100,0.5360203723623114,192.16756820999998,183.50911712799999,0.8807899432184046
2023-12-20 05:00:00,195.9400887,196.7162849,193.880188,193.880188,193.880188,52242800,-1.0713859017806526,192.376046755,183.84098572,0.9141020594051568
2023-12-21 05:00:00,195.1439866,196.1192047,192.556656,193.730896,193.730896,46482500,-0.07700219477815295,192.543724825,184.141842958,0.9132330149527444
2023-12-22 05:00:00,194.228473,194.4573626,192.0292554,192.656189,192.656189,37122800,-0.5547421821659237,192.72434082499998,184.403118594,0.907146066729959
2023-12-26 05:00:00,192.6661237,192.9447574,191.8899275,192.1088562,192.1088562,28919300,-0.28409821809566305,192.88654633,184.690417484,0.9102526671154715
2023-12-27 05:00:00,191.5515879,192.5566585,190.158404,192.2083588,192.2083588,48087700,0.051794905226243415,193.02337571,184.982290044,0.9086263681418764
2023-12-28 05:00:00,193.1935437,193.7110129,192.2282714,192.6362762,192.6362762,34049900,0.2226320450742003,193.23284988999998,185.31392700599997,0.897326351756088
2023-12-29 05:00:00,192.9547011,193.4522635,190.795282,191.5913849,191.5913849,42628800,-0.5424166831978994,193.36122132,185.65070435,0.9077525009563637
2024-01-02 05:00:00,186.2376031,187.5213226,182.9935017,184.7349701,184.7349701,82488700,-3.5786655039727777,193.08258515,185.85790588800003,1.2075043728501424
2024-01-03 05:00:00,183.3219083,184.9738193,182.5357512,183.3517609,183.3517609,58414500,-0.7487533081859121,192.824848185,186.08872437,1.2013612895805132
2024-01-04 05:00:00,181.2619831,182.1974029,179.9981855,181.0231628,181.0231628,71983600,-1.2700167637168303,192.252153785,186.270585636,1.1035742868457825
2024-01-05 05:00:00,181.102771,181.8690062,179.2916366,180.2967072,180.2967072,62303300,-0.4013053295299107,191.697867595,186.429172368,1.1020664294834768
2024-01-08 05:00:00,181.2022805,184.6951785,180.6151605,184.655365,184.655365,59144500,2.417491626824342,191.264489755,186.72144257,1.2271929979408773
2024-01-09 05:00:00,183.023358,184.2473573,181.839157,184.2374115,184.2374115,42841800,-0.22634246234870536,190.738565835,187.08903290199999,1.206117017983349
2024-01-10 05:00:00,183.4512616,185.4912553,183.0233501,185.2822876,185.2822876,46792900,0.5671356818861772,190.390769965,187.451085514,1.1947806569788568
2024-01-11 05:00:00,185.6305921,186.1381155,182.7248292,184.6852264,184.6852264,49128400,-0.3222440783378966,189.93699265,187.760053104,1.1729832025715903
2024-01-12 05:00:00,185.1529277,185.8296205,184.2871739,185.0136108,185.0136108,40444700,0.17780761699301983,189.33792724999998,188.06604767200002,1.090179252545935
2024-01-16 05:00:00,181.2719371,183.36169,180.0479226,182.7347717,182.7347717,65603000,-1.2317142993676478,188.61745682,188.26286163599997,1.1050831209821328
2024-01-17 05:00:00,180.3862989,182.0381947,179.4210265,181.7894135,181.7894135,47317400,-0.5173389778011295,187.876586155,188.36921326,1.1052684486421485
2024-01-18 05:00:00,185.1827778,188.2179116,184.9240509,187.7104034,187.7104034,78005800,3.257059795728967,187.515356445,188.612270816,1.3652973400489297
2024-01-19 05:00:00,188.4069897,191.014212,187.8994815,190.6261139,190.6261139,68741000,1.5533025592549654,187.247667695,188.86236175800002,1.4115353858012596
2024-01-22 05:00:00,191.3625031,194.3777301,191.3226896,192.9447479,192.9447479,60133900,1.2163254826756509,187.20089568999998,189.10734588799997,1.4237841519724805
2024-01-23 05:00:00,194.0692614,194.7956983,192.8850604,194.2284698,194.2284698,42355600,0.6653313520953219,187.22577438,189.35673706199998,1.4317243383724847
2024-01-24 05:00:00,194.4672861,195.4226125,193.3925495,193.5517731,193.5517731,53631300,-0.34840242560568724,187.27055358500002,189.602134706,1.4280841537747688
2024-01-25 05:00:00,194.2682728,195.3131569,192.1685588,193.2233887,193.2233887,54822100,-0.16966230520158998,187.32628021,189.75677704,1.426976123156073
2024-01-26 05:00:00,193.3229053,193.8105068,191.0042627,191.4819183,191.4819183,44594000,-0.9012730869262464,187.289958185,189.908433838,1.4423432771421925
2024-01-29 05:00:00,191.0739066,191.2629827,188.6557606,190.7952728,190.7952728,47145600,-0.35859547788956725,187.197908015,189.99381500200002,1.4432846274519675
2024-01-30 05:00:00,190.009147,190.864955,186.5560625,187.1232758,187.1232758,55859400,-1.924574412202107,186.97450256,189.99441223200003,1.5006530852626774
2024-01-31 05:00:00,186.1281514,186.1878717,183.4512782,183.5010223,183.5010223,55467800,-1.9357578497458117,186.91280517,189.888729552,1.3366277107250666
2024-02-01 05:00:00,183.0930321,186.0385932,182.9238627,185.9490356,185.9490356,64885400,1.3340597612572669,187.042668905,189.832405394,1.3582406605792179
2024-02-02 05:00:00,178.9831513,186.416735,178.3761246,184.9439545,184.9439545,102518000,-0.5405142848721622,187.23870849,189.720951538,1.329597986971542
2024-02-05 05:00:00,187.2327245,188.3273679,184.9339887,186.7650146,186.7650146,69668800,0.9846551107460133,187.56212385999999,189.662039488,1.3373377823205699
2024-02-06 05:00:00,185.9490292,188.387082,185.8594716,188.3771362,188.3771362,43490800,0.8631817920785156,187.74821242000002,189.62203552,1.242569218813024
2024-02-07 05:00:00,189.7106021,190.1186069,187.6904999,188.4866028,188.4866028,53439000,0.058110343010930876,187.960671985,189.610890196,1.240177087241902
2024-02-08 05:00:00,188.4666922,188.6159548,186.4366442,187.4019165,187.4019165,40962000,-0.5754712981648535,188.06665343,189.581633604,1.2448692628968911
2024-02-09 05:00:00,187.9698526,189.305033,187.3222021,188.1691437,188.1691437,45155200,0.4094020031006451,188.240849295,189.555581054,1.2436645633196057
2024-02-12 05:00:00,187.7406757,187.9897743,186.1165476,186.4752502,186.4752502,41781900,-0.9001972728858165,188.313931265,189.516150206,1.2633556531379793
2024-02-13 05:00:00,185.1002428,185.5386589,182.8483811,184.3728638,184.3728638,56529500,-1.1274345510973394,188.39583586999998,189.42312835599998,1.2580048277126017
2024-02-14 05:00:00,184.6518638,184.8610982,181.7822424,183.4860687,183.4860687,54630500,-0.48097918626569536,188.48066863,189.28669586,1.2571645749596556
2024-02-15 05:00:00,182.8882484,183.8248618,180.6961831,183.1971283,183.1971283,65434500,-0.15747266375433222,188.255004875,189.18050842199997,1.0060469804767378
2024-02-16 05:00:00,182.7587087,184.1835609,181.015018,181.65271,181.65271,49701400,-0.843036304297784,187.80633468000002,188.964021606,0.9370036980944451
2024-02-20 05:00:00,181.1345773,181.7722692,179.3510375,180.9054108,180.9054108,53665600,-0.4113889630383283,187.20436782500002,188.754481202,0.8726420557642941
2024-02-21 05:00:00,181.2840544,182.2306263,180.0086704,181.6626892,181.6626892,41529700,0.41860461588802966,186.576078795,188.52127655,0.8596566209757486
2024-02-22 05:00:00,182.8184707,184.2931456,181.8021592,183.7052612,183.7052612,52292200,1.1243761770757699,186.0837532,188.300263976,0.9190553443015985
2024-02-23 05:00:00,184.3429667,184.3728573,181.5729908,181.8619537,181.8619537,45119700,-1.0034048496810333,185.51568145,188.09273895,0.933691899842872
2024-02-26 05:00:00,181.5829745,182.1010888,179.9986954,180.5068665,180.5068665,40867400,-0.7451185761675805,184.96692886,187.827660826,0.9290263297592306
2024-02-27 05:00:00,180.4470902,183.2569154,178.9126338,181.9715729,181.9715729,54318900,0.8114408212831048,184.525743865,187.52719390800002,0.9608131940453213
2024-02-28 05:00:00,181.8519968,182.4597982,179.4805877,180.7659302,180.7659302,48953900,-0.6625445286789655,184.20787658499998,187.199628906,0.8820190396167195
2024-02-29 05:00:00,180.6164724,181.9117886,178.8827401,180.0983429,180.0983429,136682600,-0.3693103558073063,184.037742615,186.869459228,0.7805907767759948
2024-03-01 05:00:00,178.902664,179.8791266,176.7404895,179.0122681,179.0122681,73488000,-0.6030454153612363,183.69090423999998,186.55100463799997,0.7116415941880324
2024-03-04 05:00:00,175.5149064,176.2622024,173.1634145,174.4687042,174.4687042,81510100,-2.5381298992658285,183.167141725,186.120780944,0.8832812749125375
2024-03-05 05:00:00,170.1443601,171.4197442,169.0084707,169.5066681,169.5066681,95132400,-2.8440837700679067,182.3042244,185.63331054600002,1.000241201613844
2024-03-06 05:00:00,170.4432619,170.6226208,168.0718378,168.5102539,168.5102539,68587700,-0.5878318600494037,181.310880285,185.128897704,0.9490936043969658
2024-03-07 05:00:00,168.5401544,170.1144598,167.8825455,168.3907013,168.3907013,71765100,-0.07094678052705916,180.30608521,184.64358795,0.945162214744143
2024-03-08 05:00:00,168.3907128,173.0737651,168.3309315,170.1144714,170.1144714,76114600,1.0236729740373374,179.441712955,184.20370025399998,1.0090713182328899
2024-03-11 04:00:00,172.3164994,173.7513102,171.4297088,172.127182,172.127182,60139500,1.1831507240012362,178.63961487,183.802076718,1.058501414875486
2024-03-12 04:00:00,172.5257248,173.402557,170.3934409,172.6054382,172.6054382,59825400,0.2778504791881131,177.94612427,183.401459958,1.0642589465847865
2024-03-13 04:00:00,172.1471177,172.5656017,170.1443546,170.513031,170.513031,52488700,-1.2122487111764668,177.25313263,182.97989288,1.0675566562736458
2024-03-14 04:00:00,172.2865946,173.681541,171.4296946,172.3762665,172.3762665,72913500,1.0927232300503853,176.69764252,182.732718808,1.1169269529089356
2024-03-15 04:00:00,170.5528809,171.9976501,169.6760486,171.9976501,171.9976501,121664700,-0.21964531874811843,176.13766861000002,182.505636592,1.1165787567272727
2024-03-18 04:00:00,174.9370252,177.0693093,172.8944131,173.093689,173.093689,75604200,0.6372406247194595,175.70971756,182.347047116,1.1283119534069355
2024-03-19 04:00:00,173.7114581,175.9732784,172.4061834,175.4451904,175.4451904,55215200,1.3585136544175258,175.43670654,182.25001677999998,1.1818801600240216
2024-03-20 04:00:00,175.0864569,178.0258179,174.4587234,178.0258179,178.0258179,53423100,1.4709023907217844,175.25486297499998,182.11742583800003,1.2307704336549925
2024-03-21 04:00:00,176.4116812,176.8500973,170.2240635,170.7521515,170.7521515,106181300,-4.085736825029351,174.60720749,181.847720638,1.484573927356589
2024-03-22 04:00:00,171.1407298,172.4260873,169.446862,171.6588593,171.6588593,71106600,0.5310081261260091,174.09705277,181.57525207199996,1.4889069123924763
2024-03-25 04:00:00,169.95505,171.3201059,168.8390776,170.2340393,170.2340393,54288300,-0.8300299826121349,173.58341141,181.28622833,1.4904304512544524
2024-03-26 04:00:00,169.3870923,170.8019709,168.9686084,169.0981445,169.0981445,57388400,-0.6672548009028056,172.93973999,180.967919004,1.4698763502957024
2024-03-27 04:00:00,169.7956118,172.9741131,169.4966904,172.6851501,172.6851501,60273300,2.1212566291642476,172.535700985,180.76692657200002,1.5678406608062998
2024-03-28 04:00:00,171.1307862,171.6090514,169.8952513,170.8617554,170.8617554,65672700,-1.0559070649352797,172.07387161,180.54837340999998,1.578838869554983
2024-04-01 04:00:00,170.5728137,170.632595,168.8689721,169.4169922,169.4169922,46240500,-0.8455743630970458,171.594107815,180.182505186,1.5826125701892437
2024-04-02 04:00:00,168.4704177,168.7294748,167.6234761,168.2312775,168.2312775,49329500,-0.6998794421991916,171.28223648,179.734608458,1.4944542137557453
2024-04-03 04:00:00,168.1814453,170.0646306,167.972211,169.0383453,169.0383453,47691700,0.47973706910713343,171.25882034,179.256480406,1.3603618816593501
2024-04-04 04:00:00,169.676051,171.3001793,168.2113647,168.2113647,168.2113647,53704400,-0.48922662992963994,171.24387588,178.736138304,1.3583153452733656
2024-04-05 04:00:00,168.9785559,169.7756746,168.340864,168.9685974,168.9685974,42055200,0.45016738396392864,171.272770685,178.24447479,1.3618766218368556
2024-04-08 04:00:00,168.4205926,168.5899779,167.6334475,167.8426819,167.8426819,37425500,-0.6663460058999093,171.15918120999999,177.736860654,1.3490885004002278
2024-04-09 04:00:00,168.0917693,169.4667988,167.7430403,169.0582733,169.0582733,42451200,0.7242445045797297,171.005735775,177.28838775399998,1.3306359921094095
2024-04-10 04:00:00,168.1914214,168.4803692,166.507512,167.1750946,167.1750946,49709300,-1.113922828643965,170.734218595,176.81598419,1.3471492908641283
2024-04-11 04:00:00,167.7330789,174.8274194,167.5537351,174.4089203,174.4089203,91070300,4.327095323204921,170.92901306,176.56169708,1.6523392241057877
2024-04-12 04:00:00,173.6317303,177.7169546,173.5819228,175.9134827,175.9134827,101593300,0.8626636742042892,171.10587387,176.409946288,1.646043612663066
2024-04-15 04:00:00,174.72777,175.9931955,171.8780807,172.0673981,172.0673981,73531800,-2.1863500972003735,171.10936127,176.13231353799998,1.7239559334090957
2024-04-16 04:00:00,171.1307834,173.1335312,167.6633342,168.7693329,168.7693329,73711200,-1.9167286984157594,170.893143465,175.80882110599998,1.769515007346851
2024-04-17 04:00:00,168.9984984,170.0347421,167.3943024,167.3943024,167.3943024,50901200,-0.8147395479810027,170.490599065,175.421406862,1.7409864235004873
2024-04-18 04:00:00,167.4241802,168.0319816,165.9495205,166.4377441,166.4377441,43122900,-0.5714401782410894,169.911195375,174.98261902000002,1.6958850840923019
2024-04-19 04:00:00,165.6107651,165.8000673,163.4884396,164.4051208,164.4051208,67772100,-1.2212514120467532,169.59384384,174.50098938,1.4668112081691345
2024-04-22 04:00:00,164.9232423,166.6569592,164.1759463,165.2420807,165.2420807,48116400,0.5090838387072916,169.27300491,174.057792664,1.4662606512453782
2024-04-23 04:00:00,164.753864,166.4477319,164.3254064,166.2982635,166.2982635,49537800,0.6391730215002056,169.07621612,173.62037505999996,1.4687930969894807
2024-04-24 04:00:00,165.9395596,168.6896186,165.6107627,168.4106293,168.4106293,48251800,1.2702272143689797,169.04184035999998,173.25908264199998,1.4935643967860877
2024-04-25 04:00:00,168.9187936,169.9949017,167.5437641,169.2774963,169.2774963,50558300,0.5147341373897385,168.87145766999998,172.95717529200002,1.4139971261131812
2024-04-26 04:00:00,169.2675317,170.7222594,168.5700433,168.689621,168.689621,44838400,-0.347284968675432,168.76285095,172.661246338,1.3973053367235333
2024-04-29 04:00:00,172.7449298,175.3953431,172.4759142,172.8744659,172.8744659,68169400,2.4807957212732212,168.93572463499999,172.45479309,1.4929190671935335
2024-04-30 04:00:00,172.7050805,174.3590992,169.3870846,169.7158966,169.7158966,65934800,-1.8270883924680237,169.00995559,172.21605682199998,1.545514436802698
2024-05-01 04:00:00,168.9686103,172.0873305,168.5003036,168.689621,168.689621,50383100,-0.604702105436139,168.992519375,171.97174102600002,1.548854784358795
2024-05-02 04:00:00,171.8880442,172.794767,170.2738897,172.4061737,172.4061737,94214900,2.2031899046118797,169.202259825,171.78661071599998,1.6194082066889401
2024-05-03 04:00:00,185.9770564,186.3258006,182.0014514,182.7188568,182.7188568,163224100,5.981620541005017,169.889772795,171.76688262800002,2.082187563252275
2024-05-06 04:00:00,181.6925779,183.5358989,179.7695282,181.0548859,181.0548859,78569700,-0.9106727839378714,170.550382995,171.75074127199997,2.089551915993669
2024-05-07 04:00:00,182.7886033,184.2333726,180.666293,181.7423859,181.7423859,77305800,0.3797191092538288,171.184588625,171.77545166,2.088157237129639
2024-05-08 04:00:00,182.1907808,182.4099888,180.7958191,182.0811768,182.0811768,45057100,0.18641270627228756,171.929892735,171.777643738,2.0591477757143273
2024-05-09 04:00:00,181.9018085,183.9942434,181.453434,183.9045715,183.9045715,48983000,1.0014185606911141,172.404675295,171.840416564,1.853385856700831
2024-05-10 04:00:00,184.4832417,184.6728159,181.7194961,182.6374207,182.6374207,50759500,-0.6890262649071777,172.740872195,171.89119812,1.86023961679081
2024-05-13 04:00:00,185.0220501,186.6783124,184.2038909,185.8601532,185.8601532,72044800,1.7645521315665436,173.43050995,172.028155822,1.8019222885357133
2024-05-14 04:00:00,187.0873746,187.8756026,185.8701231,187.0075531,187.0075531,52393600,0.6173458270882337,174.34242096,172.2789328,1.7174551536180847
2024-05-15 04:00:00,187.486486,190.2203008,186.9476946,189.2924042,189.2924042,70400000,1.2217961585638148,175.43732605,172.674647522,1.6938588870676683
2024-05-16 04:00:00,190.0407096,190.6692945,189.2325376,189.4121246,189.4121246,52845200,0.06324627789793258,176.586045075,173.09268493599996,1.6760181394559348
2024-05-17 04:00:00,189.0828731,190.3799462,188.7536151,189.4420624,189.4420624,41282900,0.015805640775745644,177.837892155,173.513712158,1.6249201631347951
2024-05-20 04:00:00,188.9032834,191.4874423,188.5839973,190.6094208,190.6094208,44361300,0.6162086630661756,179.10625915999998,173.923611146,1.624352580982819
2024-05-21 04:00:00,190.6593035,192.2956066,190.4896885,191.9164734,191.9164734,42309400,0.6857229797531561,180.387169655,174.319396974,1.6242506333864462
2024-05-22 04:00:00,191.8366645,192.3854279,189.8411721,190.4697418,190.4697418,34648500,-0.7538339853633391,181.49012528,174.676683046,1.6517224017467478
2024-05-23 04:00:00,190.5495513,190.5695104,186.2093647,186.4588013,186.4588013,51005900,-2.1058150560269273,182.34919053,174.99559845199997,1.761631635054261
2024-05-24 04:00:00,188.3944297,190.1504574,187.6161737,189.5518036,189.5518036,36294600,1.658812712746971,183.39229966,175.339109194,1.7680116462804825
2024-05-28 04:00:00,191.0783613,192.5650086,188.6738046,189.5617981,189.5617981,52280100,0.005272701082326137,184.22666627,175.690392154,1.7152220710577073
2024-05-29 04:00:00,189.1826544,191.8167037,189.0828737,189.8611145,189.8611145,53068000,0.15789911416757008,185.233927165,176.025740664,1.6303002543611136
2024-05-30 04:00:00,190.330052,191.7468497,190.2003553,190.8588562,190.8588562,49947900,0.525511346874552,186.342388925,176.33401398,1.6066826004313564
2024-05-31 04:00:00,191.0085242,192.1359822,189.4819738,191.8166962,191.8166962,75158300,0.5018577702238236,187.31291505000002,176.60983154599998,1.563535181621329
2024-06-03 04:00:00,192.4652087,194.5505095,192.0860756,193.5926666,193.5926666,50080500,0.9258685167573999,187.85660554,177.066641848,0.9110563440877022
2024-06-04 04:00:00,194.2012965,194.8797717,192.5949247,193.9119568,193.9119568,47471400,0.16492887132948386,188.49945908499998,177.511703798,0.8669154700199899
2024-06-05 04:00:00,194.9595859,196.4562051,194.4307817,195.4285278,195.4285278,54156800,0.7820925666611522,189.18376618,178.015593568,0.8723620977487192
2024-06-06 04:00:00,195.248936,196.0571079,193.7323576,194.0416565,194.0416565,41181800,-0.7096565253867815,189.78179016500002,178.514463808,0.9045578165018131
2024-06-07 04:00:00,194.2112864,196.4961336,193.7024413,196.4462433,196.4462433,53103900,1.2392116431968248,190.408873755,178.98968567199998,0.9154485349097313
2024-06-10 04:00:00,196.456202,196.8553095,191.716908,192.6847229,192.6847229,97262100,-1.9147835747897912,190.911238865,179.42614502200001,1.0223592782855513
2024-06-11 04:00:00,193.2135327,206.6930927,193.1935887,206.6831055,206.6831055,172373300,7.264915655645887,191.95238648000003,180.17146728800003,1.8497152563267498
2024-06-12 04:00:00,206.9026174,219.7037025,206.4336755,212.5897827,212.5897827,198134300,2.8578422922912683,193.23149796,181.05863739199998,1.9206155270969876
2024-06-13 04:00:00,214.2560142,216.2614785,211.1230919,213.7571411,213.7571411,97862700,0.5491131253694048,194.454734805,181.953013308,1.9161470007237653
2024-06-14 04:00:00,213.3680132,214.6850302,210.8237576,212.0110779,212.0110779,70122700,-0.8168443828424743,195.58468247000002,182.82900757199997,1.9397238943445034
2024-06-17 04:00:00,212.8890906,218.4565159,212.2405616,216.1816559,216.1816559,93728300,1.9671509815950117,196.921662145,183.773268742,1.9587019059275388
2024-06-18 04:00:00,217.099572,218.1372365,212.5199211,213.8070068,213.8070068,79943300,-1.0984507867302318,198.08154144500003,184.69255524,1.9987603785685324
2024-06-20 04:00:00,213.447834,213.7571481,208.3792968,209.2074127,209.2074127,86172500,-2.151283144945093,198.94608841,185.495538028,2.090498403365311
2024-06-21 04:00:00,209.9158119,211.4124311,206.6432057,207.0223541,207.0223541,246421400,-1.0444460699551406,199.773719025,186.29248321800003,2.100311574275613
2024-06-24 04:00:00,207.2518164,212.2205876,206.1243585,207.6708679,207.6708679,80727000,0.3132578618474824,200.834322355,186.95772217,2.013990924203603
2024-06-25 04:00:00,208.6785917,210.9035765,208.1398155,208.5987854,208.5987854,56713900,0.4468212173345476,201.786671445,187.611428224,1.997318857169935
2024-06-26 04:00:00,211.0233077,214.3757353,210.1652454,212.7693634,212.7693634,66213200,1.9993299539125653,202.94704971,188.42546753000002,2.0210408449943773
2024-06-27 04:00:00,214.2061287,215.2537653,211.8714064,213.6174622,213.6174622,49772700,0.3986000552182789,204.134867095,189.322430116,2.0189976988168916
2024-06-28 04:00:00,215.2836805,215.5830074,209.8260081,210.1452789,210.1452789,82542700,-1.6254210981821227,205.09918822999998,190.17744964599999,2.0801005696248165
2024-07-01 04:00:00,211.611974,217.0197562,211.442359,216.2614746,216.2614746,60402900,2.9104606736896965,206.32142715,191.173924256,2.1486560026706867
2024-07-02 04:00:00,215.6628199,219.883297,214.6151986,219.7735443,219.7735443,58046200,1.6239923021406977,207.63047103499997,192.281292726,2.1594798028238587
2024-07-03 04:00:00,219.5041496,221.0506592,218.5363347,221.0506592,221.0506592,37369800,0.5811049296528203,208.987406155,193.397464296,2.156483160466262
2024-07-05 04:00:00,221.1504176,225.9396019,221.1504176,225.8298492,225.8298492,60412400,2.162033814916575,210.507472225,194.58809601000002,2.181893034092896
2024-07-08 04:00:00,226.5781682,227.336465,222.7468266,227.3065338,227.3065338,59085900,0.6538925678917673,212.17071608999998,195.7660141,2.155098957764032
2024-07-09 04:00:00,227.4162717,228.8829597,225.8597901,228.1645813,228.1645813,48076100,0.37748474962666645,213.75663299,196.9437558,2.1548029086817504
2024-07-10 04:00:00,228.7831815,232.5546605,228.7332911,232.4548798,232.4548798,62627700,1.880352540063579,215.74514083499997,198.219060976,2.0711580355507047
2024-07-11 04:00:00,230.8684808,231.8662269,225.2611523,227.0570984,227.0570984,64710600,-2.3220770433574622,216.76384048,199.302713626,1.5890515117456114
2024-07-12 04:00:00,228.4040419,232.1156587,228.1645773,230.0203857,230.0203857,53046500,1.30508463328447,217.63537062999998,200.50880340800003,1.5024971565547178
2024-07-15 04:00:00,235.9470026,236.6953122,232.5646438,233.8716888,233.8716888,62631300,1.6743312068970173,218.64109801499998,201.812444764,1.5289907380951064
2024-07-16 04:00:00,234.4703432,235.7374851,231.8063629,234.2907562,234.2907562,43234300,0.17918688754088308,219.75508193000002,203.050136414,1.501119545734649
2024-07-17 04:00:00,228.9328431,230.9383225,226.129179,228.3641357,228.3641357,57345900,-2.529600653531894,220.36420592,203.963041992,1.604808644278049
2024-07-18 04:00:00,229.7609704,229.9206135,221.7690297,223.6747131,223.6747131,66034600,-2.053484705742259,220.85759123499997,204.815438536,1.6614053133954303
2024-07-19 04:00:00,224.3132884,226.2888214,222.7767508,223.8044281,223.8044281,49151500,0.05799269761084247,221.587442005,205.65667937999999,1.5647504196130226
2024-07-22 04:00:00,226.4983442,227.266613,222.5871812,223.4552307,223.4552307,48201800,-0.15602792266646848,222.40908583499998,206.48416045800002,1.535433080812662
2024-07-23 04:00:00,223.8642965,226.4285114,222.1781031,224.5028534,224.5028534,39960300,0.4688288999627366,223.25068511,207.296126096,1.5353972895331816
2024-07-24 04:00:00,223.4951247,224.2933246,216.6406139,218.0474243,218.0474243,61777600,-2.8754329854767002,223.72311705500002,208.00432616799998,1.7010333969237128
2024-07-25 04:00:00,218.4365586,220.3522446,214.1362751,216.9998169,216.9998169,51391200,-0.4804493349844008,223.93463973000001,208.627119442,1.655468710990907
2024-07-26 04:00:00,218.2070724,218.9953003,215.5231329,217.46875,217.46875,41601300,0.2160983851042131,224.12720412000004,209.23634338,1.6543057217434036
2024-07-29 04:00:00,216.4710093,218.8057316,215.2637298,217.7481232,217.7481232,36311800,0.1284659060209803,224.50734633500002,209.80545776,1.6036023135476183
2024-07-30 04:00:00,218.6959746,219.8334046,215.6328867,218.3068542,218.3068542,41643800,0.25659509335325126,224.60961531499999,210.383352352,1.4709688811883392
2024-07-31 04:00:00,220.9409108,223.3155516,220.1327389,221.5794678,221.5794678,50036300,1.4990887995673274,224.69991148999998,211.02610045999998,1.4642173999947996
2024-08-01 04:00:00,223.8642923,223.974045,216.5308675,217.8678436,217.8678436,62501000,-1.6750758709061286,224.54077070999998,211.571268916,1.50751295584071
2024-08-02 04:00:00,218.6560498,225.0915242,217.2193082,219.3644562,219.3644562,105568600,0.6869359769988703,224.21750106,212.12022857199997,1.4269247193033143
2024-08-05 04:00:00,198.6412762,213.0188018,195.5582442,208.7983398,208.7983398,119548600,-4.816694820589628,223.29209136,212.486800532,1.7544146557827005
2024-08-06 04:00:00,204.8372815,209.5167132,200.6168197,206.7629242,206.7629242,69660500,-0.9748236513516639,222.222008505,212.89288299,1.7485606538805618
2024-08-07 04:00:00,206.4336747,213.1584894,205.9248297,209.3471069,209.3471069,63516400,1.249828860758595,221.06661986000003,213.28878905599998,1.7090680403977687
2024-08-08 04:00:00,212.6296775,213.7172171,208.3593253,212.8292236,212.8292236,47161100,1.663322102494269,220.35522612,213.754137566,1.718742527863558
2024-08-09 04:00:00,211.6219712,216.291416,211.4922593,215.7526398,215.7526398,42201600,1.373597173616714,219.641838825,214.27196807200002,1.7221932534930835
2024-08-12 04:00:00,215.8325524,219.2687591,215.3630677,217.2909393,217.2909393,38028100,0.712992203212881,218.81280135000003,214.80060973399998,1.6768499039439897
2024-08-13 04:00:00,218.769299,221.6461387,218.769299,221.026825,221.026825,44155300,1.7193011876312614,218.14960479,215.38481231000003,1.7368851642726626
2024-08-14 04:00:00,220.3276036,222.7848915,219.4585493,221.4763336,221.4763336,41960600,0.20337287114358116,217.80521468499995,215.94248565,1.6559079449252436
2024-08-15 04:00:00,224.3531745,225.1023502,222.515185,224.4730377,224.4730377,46414000,1.3530583838416987,217.84513091500003,216.553707268,1.6235869119611965
2024-08-16 04:00:00,223.6739107,226.5807163,223.4042032,225.8015747,225.8015747,44340200,0.5918470269803855,217.94498824500002,217.161168206,1.6284430305653934
2024-08-19 04:00:00,225.4719428,225.7416504,222.7948801,225.6417542,225.6417542,40687800,-0.07077917867150951,218.05431442,217.79317016000002,1.6279669184998986
2024-08-20 04:00:00,225.5218856,226.9203409,225.20223,226.2610626,226.2610626,30299000,0.27446533652235594,218.14222488000001,218.389466546,1.6259863323388801
2024-08-21 04:00:00,226.2710626,227.7294495,224.8026769,226.1511841,226.1511841,34765500,-0.04856270837649834,218.54741286999996,219.05879577,1.473890313164243
2024-08-22 04:00:00,227.5396608,228.0890594,223.6539364,224.2832489,224.2832489,43695300,-0.8259674639483849,218.91158446999998,219.410798638,1.4841900372975643
2024-08-23 04:00:00,225.4120024,227.9691865,224.0834622,226.5906982,226.5906982,38677300,1.0288103598092624,219.36768187999996,219.690816948,1.4964250793172789
2024-08-26 04:00:00,226.5107918,227.0302246,223.6439507,226.9303284,226.9303284,30602200,0.14988708834828834,219.82679214,219.95428069399998,1.496366426302847
2024-08-27 04:00:00,225.7516207,228.5984945,224.64284,227.7793884,227.7793884,35934600,0.37415007768524244,220.30041885,220.269646904,1.4967586544406057
2024-08-28 04:00:00,227.66951,229.6073803,225.4319663,226.2410889,226.2410889,38052200,-0.6753462246103736,220.533499905,220.470835564,1.4780777221477834
2024-08-29 04:00:00,229.8471324,232.6640254,228.628472,229.5374603,229.5374603,51906300,1.4570171209956628,221.11698074,220.785444634,1.4439980815675006
2024-08-30 04:00:00,229.9370315,230.1467921,227.230003,228.7483368,228.7483368,52990800,-0.3437885471803237,221.58617477,221.17626311599997,1.44677467369296
2024-09-03 04:00:00,228.2988235,228.7483259,220.9269293,222.525177,222.525177,50190600,-2.7205267968531954,222.27251662999998,221.48631957400002,1.0961558023171556
2024-09-04 04:00:00,221.4164072,221.5362705,217.240993,220.6072998,220.6072998,43840200,-0.8618697559782285,222.96473541,221.745048212,1.0893785210040892
2024-09-05 04:00:00,221.3864291,225.2321888,221.2765494,222.1356049,222.1356049,36615400,0.6927717720064397,223.60416031,222.015784602,1.0716056857584004
2024-09-06 04:00:00,223.7038814,224.9924722,219.5284824,220.5773315,220.5773315,48423000,-0.7014964578512695,223.991565705,222.17194396399998,1.0436388343923741
2024-09-09 04:00:00,220.5773236,221.026826,216.47184,220.6672211,220.6672211,67180000,0.040751966391439076,224.23729476999998,222.312939142,1.0055478749794977
2024-09-10 04:00:00,218.6794084,221.2365925,216.4918127,219.868103,219.868103,51591000,-0.36213720189909315,224.36615295500002,222.50739562400003,1.0007644251250505
2024-09-11 04:00:00,221.2166203,222.8448186,217.6505365,222.4152985,222.4152985,44587100,1.1585107003902362,224.43557663,222.630472102,0.9589189062833947
2024-09-12 04:00:00,222.2554695,223.3043186,219.5784221,222.525177,222.525177,37498200,0.049402402056442085,224.48801880000002,222.685504756,0.9581197243874564
2024-09-13 04:00:00,223.3342928,223.7937788,221.66613,222.2554779,222.2554779,36766600,-0.12119936433081513,224.37714081,222.70960113,0.9061112058154231
2024-09-16 04:00:00,216.3020196,216.9812802,213.6849038,216.0822754,216.0822754,59357400,-2.777525466786257,223.891175845,222.514649654,1.0782164435299846
2024-09-17 04:00:00,215.5128922,216.6616223,214.264266,216.5517426,216.5517426,45519300,0.21726316937886736,223.436675265,222.29955383,1.0821491639265253
2024-09-18 04:00:00,217.3109155,222.4652483,217.3009167,220.447464,220.447464,59894900,1.7989794740169263,223.145995335,222.145211484,1.167628750008061
2024-09-19 04:00:00,224.7427437,229.5674374,224.3831387,228.6184692,228.6184692,66781300,3.7065544106236636,223.26935959000002,222.068483272,1.4484613599721683
2024-09-20 04:00:00,229.7172625,232.8338287,227.3698391,227.9492035,227.9492035,318679900,-0.292743496333403,223.45265732,222.08632537399998,1.4360682289603008
2024-09-23 04:00:00,227.0901541,229.1978359,225.5618368,226.2211151,226.2211151,54146000,-0.7581024076708465,223.434178165,222.010339962,1.4302176505483888
2024-09-24 04:00:00,228.3987093,229.0979522,225.4819201,227.1201172,227.1201172,43556100,0.39739972973018567,223.44366760499997,221.87530853,1.4326377787943965
2024-09-25 04:00:00,224.6827959,227.0402029,223.7738076,226.1212158,226.1212158,42308700,-0.4398119428233649,223.360758975,221.711917722,1.4334265552862673
2024-09-26 04:00:00,227.0501991,228.2488772,225.1622768,227.2699585,227.2699585,36636700,0.50802075158487,223.412202455,221.690034178,1.4296652729501906
2024-09-27 04:00:00,228.2089347,229.2677673,227.0502058,227.5396576,227.5396576,34026000,0.11866904969757286,223.31231232,221.767333068,1.3902516198976091
2024-09-30 04:00:00,229.7871885,232.7439423,229.3976177,232.7439423,232.7439423,54541900,2.2871989678163285,223.51209259499996,221.946123352,1.4809659844753178
2024-10-01 04:00:00,229.2677705,229.3976173,223.4941237,225.9614105,225.9614105,63285000,-2.914160400040622,223.68390427,221.99624694799996,1.500854174721639
2024-10-02 04:00:00,225.6417557,227.1201249,222.7749145,226.530777,226.530777,32880600,0.25197510439509685,223.98007812999998,222.03680541999998,1.4843536775244754
2024-10-03 04:00:00,224.8925655,226.5607283,223.0745737,225.4219818,225.4219818,34044200,-0.4894677953627524,224.14439697499998,222.18429657000001,1.4848485811927004
2024-10-04 04:00:00,227.6495327,227.7494289,223.8836869,226.5507507,226.5507507,37245100,0.5007359490794894,224.443067935,222.37531524599999,1.4756864162942493
2024-10-07 04:00:00,224.2532747,225.4419694,221.0867604,221.4463654,221.4463654,39505400,-2.253086906235535,224.48202514999997,222.454867554,1.570244871302132
2024-10-08 04:00:00,224.0534954,225.7316418,223.0046463,225.5218811,225.5218811,31855700,1.8404075825035004,224.76471405499996,222.61034271200003,1.6178597463178492
2024-10-09 04:00:00,224.982474,229.4975109,224.5829197,229.287735,229.287735,33591100,1.6698396987608222,225.10833588,222.82996032800003,1.6387168772265062
2024-10-10 04:00:00,227.5296745,229.2477855,226.9203443,228.7882843,228.7882843,28183500,-0.21782704600401548,225.42149124500003,222.97413665800002,1.6407972957208825
2024-10-11 04:00:00,229.0480035,229.1578832,227.0901508,227.2999268,227.2999268,31759200,-0.6505392111985753,225.67371368999997,223.16277832199998,1.6496755114894868
2024-10-14 04:00:00,228.4486582,231.475327,228.3487772,231.0458069,231.0458069,39882100,1.6479900159827032,226.421890265,223.39640533600002,1.5324742500193462
2024-10-15 04:00:00,233.3532606,237.2290013,232.1146179,233.5930023,233.5930023,64751400,1.1024633747638068,227.27395325000003,223.89229858600004,1.5413038079777188
2024-10-16 04:00:00,231.3454737,231.8648912,229.5873982,231.5252686,231.5252686,34082200,-0.8851864908797413,227.82784348,224.387545474,1.5290392906696235
2024-10-17 04:00:00,233.173459,233.5930109,230.2666686,231.8948669,231.8948669,32993800,0.1596362687472208,227.99166336499997,224.838500674,1.295718745847701
2024-10-18 04:00:00,235.9204256,235.9204256,233.7528123,234.7417297,234.7417297,46431500,1.2276523573191644,228.33128967500002,225.27675079600002,1.3171733002654744
2024-10-21 04:00:00,234.1923402,236.5897118,234.1923402,236.220108,236.220108,36254500,0.629789301582373,228.83123932000004,225.68610016,1.3030085215632852
2024-10-22 04:00:00,233.6329633,235.9604045,232.3443877,235.6007996,235.6007996,38846600,-0.26217429381584223,229.25527344000002,226.05229736600003,1.306745870162199
2024-10-23 04:00:00,233.8227521,234.8815848,227.5096904,230.5063934,230.5063934,52287000,-2.1623042912626733,229.47453232000004,226.24188873399999,1.4037162595214971
2024-10-24 04:00:00,229.7272567,230.5663451,228.15899,230.3166199,230.3166199,31109500,-0.08232895287667574,229.62686539,226.41869446,1.401010477504096
2024-10-25 04:00:00,229.4875226,232.9636938,229.3177112,231.1556854,231.1556854,38802300,0.3643095753855352,229.80766678,226.552347414,1.4024804949117744
2024-10-28 04:00:00,233.063595,234.4720338,232.2944369,233.1434937,233.1434937,36087100,0.8599435036867886,229.82764435000004,226.69918579399996,1.31849893936354
2024-10-29 04:00:00,232.8438271,234.0724711,232.0646856,233.4131927,233.4131927,35417200,0.11567940229422202,230.20023346000002,226.854614564,1.1236710569068231
2024-10-30 04:00:00,232.3543582,233.2134136,229.2977236,229.8471222,229.8471222,47070900,-1.5277930346393798,230.36605072000003,226.92633575600001,1.185476049243943
2024-10-31 04:00:00,229.087951,229.577418,225.1223128,225.6617279,225.6617279,64370100,-1.8209470103167646,230.37803802500002,226.91654663199998,1.2544813857936186
2024-11-01 04:00:00,220.7271534,225.1023447,220.0279258,222.6650238,222.6650238,65276700,-1.3279629327875853,230.18375168000003,226.88418213,1.2833580884077667
2024-11-04 05:00:00,220.7471384,222.545148,219.4685464,221.7660065,221.7660065,44944500,-0.40375326338073503,230.19973373499997,226.78768829600003,1.1809800228695655
2024-11-05 05:00:00,221.5562415,223.7038725,220.8969632,223.204422,223.204422,28111300,0.6486185699520197,230.08386078000004,226.71317016800003,1.1120192725905702
2024-11-06 05:00:00,222.3653553,225.8215595,220.9469177,222.475235,222.475235,54561100,-0.3266902122575299,229.74323578,226.60708710000003,1.0369881556795197
2024-11-07 05:00:00,224.383137,227.6295653,224.3232054,227.2299957,227.2299957,42137700,2.1372089796870997,229.66532134999997,226.62686523600001,1.1553103720558113
2024-11-08 05:00:00,227.1699982,228.6600037,226.4100037,226.9600067,226.9600067,38328800,-0.1188174999380065,229.64832534500002,226.575316164,1.1463090280991066
2024-11-11 05:00:00,225.0,225.6999969,221.5,224.2299957,224.2299957,42005600,-1.2028599398168804,229.307534785,226.484949342,1.107012693117755
2024-11-12 05:00:00,224.5500031,225.5899963,223.3600006,224.2299957,224.2299957,40398300,0.0,228.839384455,226.519045716,1.068467988639063
2024-11-13 05:00:00,224.0099945,226.6499939,222.7599945,225.1199951,225.1199951,48566200,0.3969136230956183,228.51912078,226.609299622,1.0635755518178416
2024-11-14 05:00:00,225.0200043,228.8699951,225.0,228.2200012,228.2200012,44923900,1.3770460942942764,228.33537749500002,226.730987548,1.1149116809279203
2024-11-15 05:00:00,226.3999939,226.9199982,224.2700043,225.0,225.0,47923700,-1.4109198067956297,227.84829101,226.819440918,1.1088849145736066
2024-11-18 05:00:00,225.25,229.7400055,225.1699982,228.0200043,228.0200043,44686000,1.3422241333333362,227.438285825,226.966496582,1.147898643923232
2024-11-19 05:00:00,226.9799957,230.1600037,226.6600037,228.2799988,228.2799988,36211800,0.11402267129945187,227.072245785,227.134734498,1.1493939944386036
2024-11-20 05:00:00,228.0599976,229.9299927,225.8899994,229.0,229.0,35169600,0.31540266505381,226.996926115,227.26642852800003,1.0505222583094245
2024-11-21 05:00:00,228.8800049,230.1600037,225.7100067,228.5200043,228.5200043,42108300,-0.20960510917029662,226.90709533499998,227.38632507399998,1.051256902637946
2024-11-22 05:00:00,228.0599976,230.7200012,228.0599976,229.8699951,229.8699951,38168300,0.5907538835102422,226.84281081999998,227.53861541799998,1.0569752704971143
2024-11-25 05:00:00,231.4600067,233.25,229.7400055,232.8699951,232.8699951,90152800,1.3050855109188575,226.82913589,227.87436981199997,1.080951706637551
2024-11-26 05:00:00,233.3300018,235.5700073,233.3300018,235.0599976,235.0599976,45986200,0.9404399648222483,226.911476135,228.244534912,1.1011533820637434
2024-11-27 05:00:00,234.4700012,235.6900024,233.8099976,234.9299927,234.9299927,33498400,-0.05530711364220009,227.16561966,228.53418548599998,1.038172224727489
2024-11-29 05:00:00,234.8099976,237.8099976,233.9700012,237.3300018,237.3300018,28481400,1.021584801675246,227.749033355,228.708416138,0.9500923949873961
